{
  "dataset_revision": "1271c7809071a13532e05f25fb53511ffce77117",
  "evaluation_time": 375.0598945617676,
  "kg_co2_emissions": null,
  "mteb_version": "1.14.17",
  "scores": {
    "dev": [
      {
        "hf_subset": "default",
        "languages": [
          "cmn-Hans"
        ],
        "main_score": 0.79784,
        "map_at_1": 0.67308,
        "map_at_10": 0.75857,
        "map_at_100": 0.76177,
        "map_at_1000": 0.76186,
        "map_at_20": 0.76085,
        "map_at_3": 0.74052,
        "map_at_5": 0.75021,
        "mrr_at_1": 0.6743940990516333,
        "mrr_at_10": 0.7584223995182899,
        "mrr_at_100": 0.761625821079368,
        "mrr_at_1000": 0.7617126007388362,
        "mrr_at_20": 0.7607424214017598,
        "mrr_at_3": 0.7411310151036179,
        "mrr_at_5": 0.7502985598876011,
        "nauc_map_at_1000_diff1": 0.750372561594615,
        "nauc_map_at_1000_max": 0.28515389952995485,
        "nauc_map_at_1000_std": -0.38050444953641627,
        "nauc_map_at_100_diff1": 0.7502947665663497,
        "nauc_map_at_100_max": 0.28522898805145497,
        "nauc_map_at_100_std": -0.3803951842213734,
        "nauc_map_at_10_diff1": 0.7495391131792316,
        "nauc_map_at_10_max": 0.2873041876272408,
        "nauc_map_at_10_std": -0.3783680155768157,
        "nauc_map_at_1_diff1": 0.7815953814344767,
        "nauc_map_at_1_max": 0.25821157935851935,
        "nauc_map_at_1_std": -0.38309244278125537,
        "nauc_map_at_20_diff1": 0.7499008000554709,
        "nauc_map_at_20_max": 0.28534741090088,
        "nauc_map_at_20_std": -0.380157211321493,
        "nauc_map_at_3_diff1": 0.749836908014937,
        "nauc_map_at_3_max": 0.2775003655819931,
        "nauc_map_at_3_std": -0.40029252826974265,
        "nauc_map_at_5_diff1": 0.7471009173173145,
        "nauc_map_at_5_max": 0.2829704156268109,
        "nauc_map_at_5_std": -0.39141502864107763,
        "nauc_mrr_at_1000_diff1": 0.7508631021373688,
        "nauc_mrr_at_1000_max": 0.28732327172588945,
        "nauc_mrr_at_1000_std": -0.3785160093441385,
        "nauc_mrr_at_100_diff1": 0.7507851301281431,
        "nauc_mrr_at_100_max": 0.28739742705514687,
        "nauc_mrr_at_100_std": -0.3784076139121495,
        "nauc_mrr_at_10_diff1": 0.7500221023673757,
        "nauc_mrr_at_10_max": 0.2894440336017793,
        "nauc_mrr_at_10_std": -0.37640153764822226,
        "nauc_mrr_at_1_diff1": 0.7803534571950215,
        "nauc_mrr_at_1_max": 0.2698788252193189,
        "nauc_mrr_at_1_std": -0.3708357845586296,
        "nauc_mrr_at_20_diff1": 0.7503944161028746,
        "nauc_mrr_at_20_max": 0.2873729327050481,
        "nauc_mrr_at_20_std": -0.378436333436921,
        "nauc_mrr_at_3_diff1": 0.7487012474709631,
        "nauc_mrr_at_3_max": 0.2841333059254558,
        "nauc_mrr_at_3_std": -0.3937898638108103,
        "nauc_mrr_at_5_diff1": 0.7471371522188015,
        "nauc_mrr_at_5_max": 0.2859181069822103,
        "nauc_mrr_at_5_std": -0.3882263221908488,
        "nauc_ndcg_at_1000_diff1": 0.7460616382065827,
        "nauc_ndcg_at_1000_max": 0.29075039752751736,
        "nauc_ndcg_at_1000_std": -0.37550496645084164,
        "nauc_ndcg_at_100_diff1": 0.7446391542936948,
        "nauc_ndcg_at_100_max": 0.2927151589778673,
        "nauc_ndcg_at_100_std": -0.3722188000751129,
        "nauc_ndcg_at_10_diff1": 0.7408134507199629,
        "nauc_ndcg_at_10_max": 0.30176202349117287,
        "nauc_ndcg_at_10_std": -0.3641794759455577,
        "nauc_ndcg_at_1_diff1": 0.7781610989807207,
        "nauc_ndcg_at_1_max": 0.2683165988734092,
        "nauc_ndcg_at_1_std": -0.3721033708387312,
        "nauc_ndcg_at_20_diff1": 0.7420859332471136,
        "nauc_ndcg_at_20_max": 0.29309403159614866,
        "nauc_ndcg_at_20_std": -0.37220138781098205,
        "nauc_ndcg_at_3_diff1": 0.7388156212009601,
        "nauc_ndcg_at_3_max": 0.2830491395180377,
        "nauc_ndcg_at_3_std": -0.40974421462323235,
        "nauc_ndcg_at_5_diff1": 0.7339130667559884,
        "nauc_ndcg_at_5_max": 0.2902949324878788,
        "nauc_ndcg_at_5_std": -0.39647495351978806,
        "nauc_precision_at_1000_diff1": -0.30657765185435304,
        "nauc_precision_at_1000_max": 0.46618108800956964,
        "nauc_precision_at_1000_std": 0.5990865098184883,
        "nauc_precision_at_100_diff1": 0.038881689372700104,
        "nauc_precision_at_100_max": 0.47549216925743426,
        "nauc_precision_at_100_std": 0.3655652981377238,
        "nauc_precision_at_10_diff1": 0.48445984463723674,
        "nauc_precision_at_10_max": 0.4412329259439901,
        "nauc_precision_at_10_std": -0.052984954397099174,
        "nauc_precision_at_1_diff1": 0.7781610989807207,
        "nauc_precision_at_1_max": 0.2683165988734092,
        "nauc_precision_at_1_std": -0.3721033708387312,
        "nauc_precision_at_20_diff1": 0.3676302083818246,
        "nauc_precision_at_20_max": 0.41345074300054274,
        "nauc_precision_at_20_std": 0.009919558891360671,
        "nauc_precision_at_3_diff1": 0.6382888466880521,
        "nauc_precision_at_3_max": 0.31619584873506834,
        "nauc_precision_at_3_std": -0.387424296563874,
        "nauc_precision_at_5_diff1": 0.5712453510697498,
        "nauc_precision_at_5_max": 0.3501065553561709,
        "nauc_precision_at_5_std": -0.31175005308584475,
        "nauc_recall_at_1000_diff1": 0.7641854940537229,
        "nauc_recall_at_1000_max": 0.4734627155640138,
        "nauc_recall_at_1000_std": -0.02740626638139883,
        "nauc_recall_at_100_diff1": 0.6533116136010341,
        "nauc_recall_at_100_max": 0.48773707093654894,
        "nauc_recall_at_100_std": -0.03030992935434914,
        "nauc_recall_at_10_diff1": 0.6870457036023955,
        "nauc_recall_at_10_max": 0.41256671265627276,
        "nauc_recall_at_10_std": -0.2387814669595343,
        "nauc_recall_at_1_diff1": 0.7815953814344767,
        "nauc_recall_at_1_max": 0.25821157935851935,
        "nauc_recall_at_1_std": -0.38309244278125537,
        "nauc_recall_at_20_diff1": 0.669747173974431,
        "nauc_recall_at_20_max": 0.36246322666636116,
        "nauc_recall_at_20_std": -0.2679162624293551,
        "nauc_recall_at_3_diff1": 0.7018724413619171,
        "nauc_recall_at_3_max": 0.2881928434481373,
        "nauc_recall_at_3_std": -0.4625157003265712,
        "nauc_recall_at_5_diff1": 0.6746528155118511,
        "nauc_recall_at_5_max": 0.3174713561982262,
        "nauc_recall_at_5_std": -0.4260760472836602,
        "ndcg_at_1": 0.67545,
        "ndcg_at_10": 0.79784,
        "ndcg_at_100": 0.81222,
        "ndcg_at_1000": 0.81393,
        "ndcg_at_20": 0.80605,
        "ndcg_at_3": 0.7616,
        "ndcg_at_5": 0.77827,
        "precision_at_1": 0.67545,
        "precision_at_10": 0.09294,
        "precision_at_100": 0.00995,
        "precision_at_1000": 0.00101,
        "precision_at_20": 0.0481,
        "precision_at_3": 0.27573,
        "precision_at_5": 0.17366,
        "recall_at_1": 0.67308,
        "recall_at_10": 0.91992,
        "recall_at_100": 0.98419,
        "recall_at_1000": 0.99684,
        "recall_at_20": 0.95205,
        "recall_at_3": 0.8206,
        "recall_at_5": 0.86064
      }
    ]
  },
  "task_name": "CovidRetrieval"
}