{
  "dataset_revision": "a1a333e290fe30b10f3f56498e3a0d911a693ced",
  "evaluation_time": 376.4155580997467,
  "kg_co2_emissions": null,
  "mteb_version": "1.14.17",
  "scores": {
    "dev": [
      {
        "hf_subset": "default",
        "languages": [
          "cmn-Hans"
        ],
        "main_score": 0.86488,
        "map_at_1": 0.25048,
        "map_at_10": 0.78841,
        "map_at_100": 0.81799,
        "map_at_1000": 0.81834,
        "map_at_20": 0.81136,
        "map_at_3": 0.54204,
        "map_at_5": 0.68671,
        "mrr_at_1": 0.885,
        "mrr_at_10": 0.9217480158730154,
        "mrr_at_100": 0.9224506196417663,
        "mrr_at_1000": 0.9224764015903392,
        "mrr_at_20": 0.922243550352296,
        "mrr_at_3": 0.9179999999999994,
        "mrr_at_5": 0.9204499999999993,
        "nauc_map_at_1000_diff1": 0.03956778884349577,
        "nauc_map_at_1000_max": 0.4395196450093084,
        "nauc_map_at_1000_std": 0.2099947912948115,
        "nauc_map_at_100_diff1": 0.03947573451804023,
        "nauc_map_at_100_max": 0.4396292873151406,
        "nauc_map_at_100_std": 0.2099702594313367,
        "nauc_map_at_10_diff1": 0.07042021802250382,
        "nauc_map_at_10_max": 0.39522876511842725,
        "nauc_map_at_10_std": 0.08077827004759372,
        "nauc_map_at_1_diff1": 0.46524603042829654,
        "nauc_map_at_1_max": -0.10238522107429276,
        "nauc_map_at_1_std": -0.30371936771795977,
        "nauc_map_at_20_diff1": 0.04775526220706992,
        "nauc_map_at_20_max": 0.4390795834388024,
        "nauc_map_at_20_std": 0.18174228032235254,
        "nauc_map_at_3_diff1": 0.27165385118832036,
        "nauc_map_at_3_max": 0.04202442768019464,
        "nauc_map_at_3_std": -0.24392993304975677,
        "nauc_map_at_5_diff1": 0.15664967623851284,
        "nauc_map_at_5_max": 0.1966261694022526,
        "nauc_map_at_5_std": -0.11958505049671465,
        "nauc_mrr_at_1000_diff1": 0.25130220177364326,
        "nauc_mrr_at_1000_max": 0.6823312239972266,
        "nauc_mrr_at_1000_std": 0.40350094199188713,
        "nauc_mrr_at_100_diff1": 0.25124114082997534,
        "nauc_mrr_at_100_max": 0.6824308063744532,
        "nauc_mrr_at_100_std": 0.40367390749910453,
        "nauc_mrr_at_10_diff1": 0.2513778708394624,
        "nauc_mrr_at_10_max": 0.6838813114437938,
        "nauc_mrr_at_10_std": 0.4052421041118494,
        "nauc_mrr_at_1_diff1": 0.2650477016478758,
        "nauc_mrr_at_1_max": 0.625380993681081,
        "nauc_mrr_at_1_std": 0.33897080080948205,
        "nauc_mrr_at_20_diff1": 0.2514031912232628,
        "nauc_mrr_at_20_max": 0.6828696520284411,
        "nauc_mrr_at_20_std": 0.40421458615351863,
        "nauc_mrr_at_3_diff1": 0.2569137125647271,
        "nauc_mrr_at_3_max": 0.6899801587301576,
        "nauc_mrr_at_3_std": 0.4113682985294799,
        "nauc_mrr_at_5_diff1": 0.24825788199092744,
        "nauc_mrr_at_5_max": 0.6871299552792166,
        "nauc_mrr_at_5_std": 0.40984015672377466,
        "nauc_ndcg_at_1000_diff1": 0.06328590946486225,
        "nauc_ndcg_at_1000_max": 0.5309800920597688,
        "nauc_ndcg_at_1000_std": 0.32333988930993607,
        "nauc_ndcg_at_100_diff1": 0.06068674569475474,
        "nauc_ndcg_at_100_max": 0.5307641180227695,
        "nauc_ndcg_at_100_std": 0.3295692770621064,
        "nauc_ndcg_at_10_diff1": 0.06653939806100462,
        "nauc_ndcg_at_10_max": 0.47531694667690827,
        "nauc_ndcg_at_10_std": 0.23078694990225515,
        "nauc_ndcg_at_1_diff1": 0.2650477016478758,
        "nauc_ndcg_at_1_max": 0.625380993681081,
        "nauc_ndcg_at_1_std": 0.33897080080948205,
        "nauc_ndcg_at_20_diff1": 0.060724613105982914,
        "nauc_ndcg_at_20_max": 0.5258374205637316,
        "nauc_ndcg_at_20_std": 0.2897075574452607,
        "nauc_ndcg_at_3_diff1": 0.03415819681804612,
        "nauc_ndcg_at_3_max": 0.4808272102609193,
        "nauc_ndcg_at_3_std": 0.25594163052656943,
        "nauc_ndcg_at_5_diff1": 0.05417752612513007,
        "nauc_ndcg_at_5_max": 0.4206335039706999,
        "nauc_ndcg_at_5_std": 0.20452628247806984,
        "nauc_precision_at_1000_diff1": -0.284946429322007,
        "nauc_precision_at_1000_max": 0.20691328590821226,
        "nauc_precision_at_1000_std": 0.5003974352577448,
        "nauc_precision_at_100_diff1": -0.28801641342842443,
        "nauc_precision_at_100_max": 0.22039633025160246,
        "nauc_precision_at_100_std": 0.5132871963669128,
        "nauc_precision_at_10_diff1": -0.30565720506100896,
        "nauc_precision_at_10_max": 0.34520089415755767,
        "nauc_precision_at_10_std": 0.48329156482778723,
        "nauc_precision_at_1_diff1": 0.2650477016478758,
        "nauc_precision_at_1_max": 0.625380993681081,
        "nauc_precision_at_1_std": 0.33897080080948205,
        "nauc_precision_at_20_diff1": -0.2916109715792333,
        "nauc_precision_at_20_max": 0.2802139435221337,
        "nauc_precision_at_20_std": 0.514485922892308,
        "nauc_precision_at_3_diff1": -0.29199100594250205,
        "nauc_precision_at_3_max": 0.48553332207703404,
        "nauc_precision_at_3_std": 0.4067084796995397,
        "nauc_precision_at_5_diff1": -0.335699053496129,
        "nauc_precision_at_5_max": 0.4208390826466357,
        "nauc_precision_at_5_std": 0.4509534061796648,
        "nauc_recall_at_1000_diff1": 0.09403844945123994,
        "nauc_recall_at_1000_max": 0.5986499599964328,
        "nauc_recall_at_1000_std": 0.5998541678453553,
        "nauc_recall_at_100_diff1": 0.02357025266951335,
        "nauc_recall_at_100_max": 0.5611867656050212,
        "nauc_recall_at_100_std": 0.5863555129960846,
        "nauc_recall_at_10_diff1": 0.07174502307031173,
        "nauc_recall_at_10_max": 0.3556065031783476,
        "nauc_recall_at_10_std": 0.013971613043562868,
        "nauc_recall_at_1_diff1": 0.46524603042829654,
        "nauc_recall_at_1_max": -0.10238522107429276,
        "nauc_recall_at_1_std": -0.30371936771795977,
        "nauc_recall_at_20_diff1": 0.022604698712802396,
        "nauc_recall_at_20_max": 0.50269744824738,
        "nauc_recall_at_20_std": 0.2805950391318875,
        "nauc_recall_at_3_diff1": 0.26467099357469726,
        "nauc_recall_at_3_max": -0.015867296056815923,
        "nauc_recall_at_3_std": -0.2860716286400928,
        "nauc_recall_at_5_diff1": 0.154112584550927,
        "nauc_recall_at_5_max": 0.10922292155945733,
        "nauc_recall_at_5_std": -0.19925934755564295,
        "ndcg_at_1": 0.885,
        "ndcg_at_10": 0.86488,
        "ndcg_at_100": 0.89332,
        "ndcg_at_1000": 0.89673,
        "ndcg_at_20": 0.88133,
        "ndcg_at_3": 0.84875,
        "ndcg_at_5": 0.8402,
        "precision_at_1": 0.885,
        "precision_at_10": 0.4175,
        "precision_at_100": 0.0481,
        "precision_at_1000": 0.00489,
        "precision_at_20": 0.22813,
        "precision_at_3": 0.76417,
        "precision_at_5": 0.6475,
        "recall_at_1": 0.25048,
        "recall_at_10": 0.88406,
        "recall_at_100": 0.97517,
        "recall_at_1000": 0.9937,
        "recall_at_20": 0.93611,
        "recall_at_3": 0.56948,
        "recall_at_5": 0.74089
      }
    ]
  },
  "task_name": "DuRetrieval"
}