{
  "dataset_revision": "687de13dc7294d6fd9be10c6945f9e8fec8166b9",
  "evaluation_time": 34.46142911911011,
  "kg_co2_emissions": null,
  "mteb_version": "1.14.17",
  "scores": {
    "dev": [
      {
        "hf_subset": "default",
        "languages": [
          "cmn-Hans"
        ],
        "main_score": 0.62842,
        "map_at_1": 0.483,
        "map_at_10": 0.57762,
        "map_at_100": 0.58414,
        "map_at_1000": 0.58435,
        "map_at_20": 0.58192,
        "map_at_3": 0.54883,
        "map_at_5": 0.56653,
        "mrr_at_1": 0.483,
        "mrr_at_10": 0.5776194444444446,
        "mrr_at_100": 0.5841416720261813,
        "mrr_at_1000": 0.5843452599928289,
        "mrr_at_20": 0.5819214855148295,
        "mrr_at_3": 0.5488333333333332,
        "mrr_at_5": 0.5665333333333331,
        "nauc_map_at_1000_diff1": 0.6489772183642604,
        "nauc_map_at_1000_max": 0.2531519905102057,
        "nauc_map_at_1000_std": -0.09834091141763095,
        "nauc_map_at_100_diff1": 0.6488651713216542,
        "nauc_map_at_100_max": 0.2530828248078531,
        "nauc_map_at_100_std": -0.09829115876168323,
        "nauc_map_at_10_diff1": 0.6484672111030624,
        "nauc_map_at_10_max": 0.253025288599891,
        "nauc_map_at_10_std": -0.10194890194732825,
        "nauc_map_at_1_diff1": 0.6894503232574496,
        "nauc_map_at_1_max": 0.22462982021826003,
        "nauc_map_at_1_std": -0.1427021700171264,
        "nauc_map_at_20_diff1": 0.6477954532595664,
        "nauc_map_at_20_max": 0.2529240537727043,
        "nauc_map_at_20_std": -0.09877891864842644,
        "nauc_map_at_3_diff1": 0.6529366323398063,
        "nauc_map_at_3_max": 0.2458771685959506,
        "nauc_map_at_3_std": -0.1069609194314483,
        "nauc_map_at_5_diff1": 0.6476547919243338,
        "nauc_map_at_5_max": 0.2513952371505305,
        "nauc_map_at_5_std": -0.10051946180453168,
        "nauc_mrr_at_1000_diff1": 0.6489772183642604,
        "nauc_mrr_at_1000_max": 0.2531519905102057,
        "nauc_mrr_at_1000_std": -0.09834091141763095,
        "nauc_mrr_at_100_diff1": 0.6488651713216542,
        "nauc_mrr_at_100_max": 0.2530828248078531,
        "nauc_mrr_at_100_std": -0.09829115876168323,
        "nauc_mrr_at_10_diff1": 0.6484672111030624,
        "nauc_mrr_at_10_max": 0.253025288599891,
        "nauc_mrr_at_10_std": -0.10194890194732825,
        "nauc_mrr_at_1_diff1": 0.6894503232574496,
        "nauc_mrr_at_1_max": 0.22462982021826003,
        "nauc_mrr_at_1_std": -0.1427021700171264,
        "nauc_mrr_at_20_diff1": 0.6477954532595664,
        "nauc_mrr_at_20_max": 0.2529240537727043,
        "nauc_mrr_at_20_std": -0.09877891864842644,
        "nauc_mrr_at_3_diff1": 0.6529366323398063,
        "nauc_mrr_at_3_max": 0.2458771685959506,
        "nauc_mrr_at_3_std": -0.1069609194314483,
        "nauc_mrr_at_5_diff1": 0.6476547919243338,
        "nauc_mrr_at_5_max": 0.2513952371505305,
        "nauc_mrr_at_5_std": -0.10051946180453168,
        "nauc_ndcg_at_1000_diff1": 0.6378275705587823,
        "nauc_ndcg_at_1000_max": 0.2760910432099332,
        "nauc_ndcg_at_1000_std": -0.06560576942948967,
        "nauc_ndcg_at_100_diff1": 0.6350379554646612,
        "nauc_ndcg_at_100_max": 0.27607344410135587,
        "nauc_ndcg_at_100_std": -0.06249159482932512,
        "nauc_ndcg_at_10_diff1": 0.6307229720173363,
        "nauc_ndcg_at_10_max": 0.27275712595352475,
        "nauc_ndcg_at_10_std": -0.08147896860335811,
        "nauc_ndcg_at_1_diff1": 0.6894503232574496,
        "nauc_ndcg_at_1_max": 0.22462982021826003,
        "nauc_ndcg_at_1_std": -0.1427021700171264,
        "nauc_ndcg_at_20_diff1": 0.6275004574442459,
        "nauc_ndcg_at_20_max": 0.27520481635856153,
        "nauc_ndcg_at_20_std": -0.06684625238466953,
        "nauc_ndcg_at_3_diff1": 0.6401434951283781,
        "nauc_ndcg_at_3_max": 0.25621079330835683,
        "nauc_ndcg_at_3_std": -0.09158881391968351,
        "nauc_ndcg_at_5_diff1": 0.6288972917687854,
        "nauc_ndcg_at_5_max": 0.2675388105587696,
        "nauc_ndcg_at_5_std": -0.07843480127657762,
        "nauc_precision_at_1000_diff1": 0.5172028407322514,
        "nauc_precision_at_1000_max": 0.922474040121097,
        "nauc_precision_at_1000_std": 0.8420762244291595,
        "nauc_precision_at_100_diff1": 0.5104284957226125,
        "nauc_precision_at_100_max": 0.5824627148156555,
        "nauc_precision_at_100_std": 0.4409304262245426,
        "nauc_precision_at_10_diff1": 0.5480679058359572,
        "nauc_precision_at_10_max": 0.37145742659965714,
        "nauc_precision_at_10_std": 0.0149421694279455,
        "nauc_precision_at_1_diff1": 0.6894503232574496,
        "nauc_precision_at_1_max": 0.22462982021826003,
        "nauc_precision_at_1_std": -0.1427021700171264,
        "nauc_precision_at_20_diff1": 0.4955342819164605,
        "nauc_precision_at_20_max": 0.4328112415612987,
        "nauc_precision_at_20_std": 0.16154505988122,
        "nauc_precision_at_3_diff1": 0.599295450727862,
        "nauc_precision_at_3_max": 0.29017916713108105,
        "nauc_precision_at_3_std": -0.04154611516743222,
        "nauc_precision_at_5_diff1": 0.558339045260574,
        "nauc_precision_at_5_max": 0.3295763592544276,
        "nauc_precision_at_5_std": 0.005310249777050394,
        "nauc_recall_at_1000_diff1": 0.5172028407322549,
        "nauc_recall_at_1000_max": 0.9224740401210958,
        "nauc_recall_at_1000_std": 0.8420762244291682,
        "nauc_recall_at_100_diff1": 0.5104284957226118,
        "nauc_recall_at_100_max": 0.5824627148156559,
        "nauc_recall_at_100_std": 0.4409304262245439,
        "nauc_recall_at_10_diff1": 0.5480679058359585,
        "nauc_recall_at_10_max": 0.37145742659965797,
        "nauc_recall_at_10_std": 0.014942169427946671,
        "nauc_recall_at_1_diff1": 0.6894503232574496,
        "nauc_recall_at_1_max": 0.22462982021826003,
        "nauc_recall_at_1_std": -0.1427021700171264,
        "nauc_recall_at_20_diff1": 0.49553428191646137,
        "nauc_recall_at_20_max": 0.4328112415613001,
        "nauc_recall_at_20_std": 0.1615450598812197,
        "nauc_recall_at_3_diff1": 0.5992954507278611,
        "nauc_recall_at_3_max": 0.2901791671310805,
        "nauc_recall_at_3_std": -0.041546115167432875,
        "nauc_recall_at_5_diff1": 0.5583390452605749,
        "nauc_recall_at_5_max": 0.32957635925442785,
        "nauc_recall_at_5_std": 0.005310249777050389,
        "ndcg_at_1": 0.483,
        "ndcg_at_10": 0.62842,
        "ndcg_at_100": 0.65841,
        "ndcg_at_1000": 0.66364,
        "ndcg_at_20": 0.64393,
        "ndcg_at_3": 0.56996,
        "ndcg_at_5": 0.60177,
        "precision_at_1": 0.483,
        "precision_at_10": 0.079,
        "precision_at_100": 0.00926,
        "precision_at_1000": 0.00097,
        "precision_at_20": 0.04255,
        "precision_at_3": 0.21033,
        "precision_at_5": 0.1416,
        "recall_at_1": 0.483,
        "recall_at_10": 0.79,
        "recall_at_100": 0.926,
        "recall_at_1000": 0.967,
        "recall_at_20": 0.851,
        "recall_at_3": 0.631,
        "recall_at_5": 0.708
      }
    ]
  },
  "task_name": "EcomRetrieval"
}