{
  "dataset_revision": "2039188fb5800a9803ba5048df7b76e6fb151fc6",
  "evaluation_time": 135.6820719242096,
  "kg_co2_emissions": null,
  "mteb_version": "1.14.17",
  "scores": {
    "dev": [
      {
        "hf_subset": "default",
        "languages": [
          "cmn-Hans"
        ],
        "main_score": 0.58504,
        "map_at_1": 0.492,
        "map_at_10": 0.55397,
        "map_at_100": 0.55885,
        "map_at_1000": 0.55941,
        "map_at_20": 0.55653,
        "map_at_3": 0.53767,
        "map_at_5": 0.54787,
        "mrr_at_1": 0.492,
        "mrr_at_10": 0.554070238095238,
        "mrr_at_100": 0.5588606248305775,
        "mrr_at_1000": 0.5594208633340213,
        "mrr_at_20": 0.5565375182780754,
        "mrr_at_3": 0.5376666666666665,
        "mrr_at_5": 0.5478666666666663,
        "nauc_map_at_1000_diff1": 0.7832910487999215,
        "nauc_map_at_1000_max": 0.5554352607047568,
        "nauc_map_at_1000_std": 0.1776710890000066,
        "nauc_map_at_100_diff1": 0.7830581183664305,
        "nauc_map_at_100_max": 0.5552116233500332,
        "nauc_map_at_100_std": 0.1776614459433398,
        "nauc_map_at_10_diff1": 0.7841303791056797,
        "nauc_map_at_10_max": 0.5557662467650806,
        "nauc_map_at_10_std": 0.1757672239169344,
        "nauc_map_at_1_diff1": 0.8208765831699008,
        "nauc_map_at_1_max": 0.5806612773782762,
        "nauc_map_at_1_std": 0.16190187668415254,
        "nauc_map_at_20_diff1": 0.7834312526070719,
        "nauc_map_at_20_max": 0.5552731148730758,
        "nauc_map_at_20_std": 0.1757122808999069,
        "nauc_map_at_3_diff1": 0.7915659346640534,
        "nauc_map_at_3_max": 0.568747594128353,
        "nauc_map_at_3_std": 0.1784127245885526,
        "nauc_map_at_5_diff1": 0.7856697610228967,
        "nauc_map_at_5_max": 0.5588089983930629,
        "nauc_map_at_5_std": 0.180048485788669,
        "nauc_mrr_at_1000_diff1": 0.7832737263829557,
        "nauc_mrr_at_1000_max": 0.555416575658592,
        "nauc_mrr_at_1000_std": 0.18118446574776112,
        "nauc_mrr_at_100_diff1": 0.7830408174529043,
        "nauc_mrr_at_100_max": 0.5551929621083602,
        "nauc_mrr_at_100_std": 0.18116941835116468,
        "nauc_mrr_at_10_diff1": 0.7839575569528371,
        "nauc_mrr_at_10_max": 0.555594699018703,
        "nauc_mrr_at_10_std": 0.17899707186470962,
        "nauc_mrr_at_1_diff1": 0.8208765831699008,
        "nauc_mrr_at_1_max": 0.5806612773782762,
        "nauc_mrr_at_1_std": 0.16843120684981755,
        "nauc_mrr_at_20_diff1": 0.7834140503925249,
        "nauc_mrr_at_20_max": 0.5552545526041767,
        "nauc_mrr_at_20_std": 0.17920185923682141,
        "nauc_mrr_at_3_diff1": 0.7915659346640534,
        "nauc_mrr_at_3_max": 0.568747594128353,
        "nauc_mrr_at_3_std": 0.18182715152671838,
        "nauc_mrr_at_5_diff1": 0.7856697610228967,
        "nauc_mrr_at_5_max": 0.5588089983930629,
        "nauc_mrr_at_5_std": 0.18351774054793982,
        "nauc_ndcg_at_1000_diff1": 0.7687017784031874,
        "nauc_ndcg_at_1000_max": 0.5427194168909978,
        "nauc_ndcg_at_1000_std": 0.18939594866126383,
        "nauc_ndcg_at_100_diff1": 0.7610251289341045,
        "nauc_ndcg_at_100_max": 0.5356548286205001,
        "nauc_ndcg_at_100_std": 0.1916146096252783,
        "nauc_ndcg_at_10_diff1": 0.7662075223148145,
        "nauc_ndcg_at_10_max": 0.5372671462810985,
        "nauc_ndcg_at_10_std": 0.17714699331395153,
        "nauc_ndcg_at_1_diff1": 0.8208765831699008,
        "nauc_ndcg_at_1_max": 0.5806612773782762,
        "nauc_ndcg_at_1_std": 0.16190187668415254,
        "nauc_ndcg_at_20_diff1": 0.7640408157531923,
        "nauc_ndcg_at_20_max": 0.5359543782613942,
        "nauc_ndcg_at_20_std": 0.17752532443954075,
        "nauc_ndcg_at_3_diff1": 0.7820306392108411,
        "nauc_ndcg_at_3_max": 0.5645465337918215,
        "nauc_ndcg_at_3_std": 0.18371367412449985,
        "nauc_ndcg_at_5_diff1": 0.7707225508416786,
        "nauc_ndcg_at_5_max": 0.5458083116438025,
        "nauc_ndcg_at_5_std": 0.18668061760704407,
        "nauc_precision_at_1000_diff1": 0.6460784313725463,
        "nauc_precision_at_1000_max": 0.4499626517273545,
        "nauc_precision_at_1000_std": 0.4645284780578884,
        "nauc_precision_at_100_diff1": 0.6259564528686867,
        "nauc_precision_at_100_max": 0.4188847423953604,
        "nauc_precision_at_100_std": 0.30660992831637396,
        "nauc_precision_at_10_diff1": 0.6988139667882887,
        "nauc_precision_at_10_max": 0.4639557501664406,
        "nauc_precision_at_10_std": 0.17890102020063225,
        "nauc_precision_at_1_diff1": 0.8208765831699008,
        "nauc_precision_at_1_max": 0.5806612773782762,
        "nauc_precision_at_1_std": 0.16190187668415254,
        "nauc_precision_at_20_diff1": 0.68349620082164,
        "nauc_precision_at_20_max": 0.4524839604066484,
        "nauc_precision_at_20_std": 0.1823739554890511,
        "nauc_precision_at_3_diff1": 0.7529907872709152,
        "nauc_precision_at_3_max": 0.5516417857705518,
        "nauc_precision_at_3_std": 0.1998339146810297,
        "nauc_precision_at_5_diff1": 0.7203520313538856,
        "nauc_precision_at_5_max": 0.5003006231966574,
        "nauc_precision_at_5_std": 0.20845594200039985,
        "nauc_recall_at_1000_diff1": 0.6460784313725483,
        "nauc_recall_at_1000_max": 0.4499626517273585,
        "nauc_recall_at_1000_std": 0.4645284780578883,
        "nauc_recall_at_100_diff1": 0.6259564528686885,
        "nauc_recall_at_100_max": 0.4188847423953612,
        "nauc_recall_at_100_std": 0.3066099283163753,
        "nauc_recall_at_10_diff1": 0.6988139667882888,
        "nauc_recall_at_10_max": 0.46395575016644114,
        "nauc_recall_at_10_std": 0.17890102020063342,
        "nauc_recall_at_1_diff1": 0.8208765831699008,
        "nauc_recall_at_1_max": 0.5806612773782762,
        "nauc_recall_at_1_std": 0.16190187668415254,
        "nauc_recall_at_20_diff1": 0.6834962008216402,
        "nauc_recall_at_20_max": 0.4524839604066489,
        "nauc_recall_at_20_std": 0.18237395548905228,
        "nauc_recall_at_3_diff1": 0.7529907872709151,
        "nauc_recall_at_3_max": 0.551641785770552,
        "nauc_recall_at_3_std": 0.19983391468102973,
        "nauc_recall_at_5_diff1": 0.7203520313538858,
        "nauc_recall_at_5_max": 0.5003006231966587,
        "nauc_recall_at_5_std": 0.2084559420004005,
        "ndcg_at_1": 0.492,
        "ndcg_at_10": 0.58504,
        "ndcg_at_100": 0.61181,
        "ndcg_at_1000": 0.62848,
        "ndcg_at_20": 0.59454,
        "ndcg_at_3": 0.55193,
        "ndcg_at_5": 0.57039,
        "precision_at_1": 0.492,
        "precision_at_10": 0.0683,
        "precision_at_100": 0.00815,
        "precision_at_1000": 0.00095,
        "precision_at_20": 0.03605,
        "precision_at_3": 0.19767,
        "precision_at_5": 0.1276,
        "recall_at_1": 0.492,
        "recall_at_10": 0.683,
        "recall_at_100": 0.815,
        "recall_at_1000": 0.95,
        "recall_at_20": 0.721,
        "recall_at_3": 0.593,
        "recall_at_5": 0.638
      }
    ]
  },
  "task_name": "MedicalRetrieval"
}