{
  "dataset_revision": "8d7f1e942507dac42dc58017c1a001c3717da7df",
  "evaluation_time": 105.66150164604187,
  "kg_co2_emissions": null,
  "mteb_version": "1.14.12",
  "scores": {
    "test": [
      {
        "hf_subset": "default",
        "languages": [
          "cmn-Hans"
        ],
        "main_score": 0.8874015900697846,
        "map": 0.8874015900697846,
        "mrr": 0.906736507936508,
        "nAUC_map_diff1": 0.5722083174189404,
        "nAUC_map_max": 0.5577168783483574,
        "nAUC_map_std": 0.13021507960473017,
        "nAUC_mrr_diff1": 0.6295204175523162,
        "nAUC_mrr_max": 0.6405253602193951,
        "nAUC_mrr_std": 0.23213961052744556
      }
    ]
  },
  "task_name": "CMedQAv1-reranking"
}