{
  "dataset_revision": "17f9b096f80380fce5ed12a9be8be7784b337daf",
  "evaluation_time": 4.984610319137573,
  "kg_co2_emissions": null,
  "mteb_version": "1.14.12",
  "scores": {
    "test": [
      {
        "cosine_pearson": 0.7338528996257188,
        "cosine_spearman": 0.795838761369882,
        "euclidean_pearson": 0.7946435441303319,
        "euclidean_spearman": 0.7943632868036108,
        "hf_subset": "default",
        "languages": [
          "cmn-Hans"
        ],
        "main_score": 0.795838761369882,
        "manhattan_pearson": 0.7946116436116689,
        "manhattan_spearman": 0.7943277700673375,
        "pearson": [
          0.7338529174491687,
          0.0
        ],
        "spearman": [
          0.795838761375994,
          0.0
        ]
      }
    ]
  },
  "task_name": "LCQMC"
}