{
  "dataset_revision": "790b0510dc52b1553e8c49f3d2afb48c0e5c48b7",
  "evaluation_time": 3.6093435287475586,
  "kg_co2_emissions": null,
  "mteb_version": "1.14.12",
  "scores": {
    "test": [
      {
        "cosine_pearson": 0.3961472967042291,
        "cosine_spearman": 0.4189107113069583,
        "euclidean_pearson": 0.3390266552269117,
        "euclidean_spearman": 0.38346370733956275,
        "hf_subset": "default",
        "languages": [
          "cmn-Hans"
        ],
        "main_score": 0.4189107113069583,
        "manhattan_pearson": 0.3391591969583774,
        "manhattan_spearman": 0.38357404343005497,
        "pearson": [
          0.39614732335102365,
          1.527373459043791e-187
        ],
        "spearman": [
          0.41891040193555074,
          1.0208886751628043e-211
        ]
      }
    ]
  },
  "task_name": "QBQTC"
}