{
  "dataset_revision": "0cde68302b3541bb8b3c340dc0644b0b745b3dc0",
  "evaluation_time": 2.608548641204834,
  "kg_co2_emissions": null,
  "mteb_version": "1.14.12",
  "scores": {
    "test": [
      {
        "cosine_pearson": 0.7954312520554314,
        "cosine_spearman": 0.8146931930954154,
        "euclidean_pearson": 0.8005389266606164,
        "euclidean_spearman": 0.8050696783023314,
        "hf_subset": "default",
        "languages": [
          "cmn-Hans"
        ],
        "main_score": 0.8146931930954154,
        "manhattan_pearson": 0.8004970274541008,
        "manhattan_spearman": 0.8050864360601698,
        "pearson": [
          0.7954312637219954,
          7.201611873017342e-298
        ],
        "spearman": [
          0.8146886646676809,
          0.0
        ]
      }
    ],
    "validation": [
      {
        "cosine_pearson": 0.8348618236826155,
        "cosine_spearman": 0.853132611044822,
        "euclidean_pearson": 0.8293001035409826,
        "euclidean_spearman": 0.8310105109108398,
        "hf_subset": "default",
        "languages": [
          "cmn-Hans"
        ],
        "main_score": 0.853132611044822,
        "manhattan_pearson": 0.8288533878745256,
        "manhattan_spearman": 0.8304890918186679,
        "pearson": [
          0.8348618133501882,
          0.0
        ],
        "spearman": [
          0.8531360329786332,
          0.0
        ]
      }
    ]
  },
  "task_name": "STSB"
}