{
  "dataset_revision": "c22ab2a51041ffd869aaddef7af8d8215647e41a",
  "evaluation_time": 61.61237692832947,
  "kg_co2_emissions": null,
  "mteb_version": "1.14.12",
  "scores": {
    "test": [
      {
        "hf_subset": "default",
        "languages": [
          "eng-Latn"
        ],
        "main_score": 0.58113,
        "map_at_1": 0.32432,
        "map_at_10": 0.49339,
        "map_at_100": 0.50086,
        "map_at_1000": 0.5009,
        "map_at_20": 0.4996,
        "map_at_3": 0.44879,
        "map_at_5": 0.47564,
        "mrr_at_1": 0.3307254623044097,
        "mrr_at_10": 0.49597332294700797,
        "mrr_at_100": 0.5034451772396321,
        "mrr_at_1000": 0.5034839152723891,
        "mrr_at_20": 0.502179564084812,
        "mrr_at_3": 0.4510431484115698,
        "mrr_at_5": 0.47799905168326323,
        "nauc_map_at_1000_diff1": 0.1508054490807851,
        "nauc_map_at_1000_max": -0.06658712650379173,
        "nauc_map_at_1000_std": -0.0749186680466691,
        "nauc_map_at_100_diff1": 0.15081696473845818,
        "nauc_map_at_100_max": -0.0665240221040798,
        "nauc_map_at_100_std": -0.07485637015668754,
        "nauc_map_at_10_diff1": 0.15106876759434873,
        "nauc_map_at_10_max": -0.06335053722258177,
        "nauc_map_at_10_std": -0.074122166635461,
        "nauc_map_at_1_diff1": 0.18490598897763474,
        "nauc_map_at_1_max": -0.10174654188546352,
        "nauc_map_at_1_std": -0.09832111787213096,
        "nauc_map_at_20_diff1": 0.15057421227206536,
        "nauc_map_at_20_max": -0.06541575340049724,
        "nauc_map_at_20_std": -0.07476148599248691,
        "nauc_map_at_3_diff1": 0.14562393786116618,
        "nauc_map_at_3_max": -0.07417365676928796,
        "nauc_map_at_3_std": -0.07605271893449192,
        "nauc_map_at_5_diff1": 0.14644236758279897,
        "nauc_map_at_5_max": -0.06624498461000894,
        "nauc_map_at_5_std": -0.07573216075472879,
        "nauc_mrr_at_1000_diff1": 0.13097964427193656,
        "nauc_mrr_at_1000_max": -0.07554318943401185,
        "nauc_mrr_at_1000_std": -0.07577455315162518,
        "nauc_mrr_at_100_diff1": 0.13099368822905594,
        "nauc_mrr_at_100_max": -0.0754790825137837,
        "nauc_mrr_at_100_std": -0.07571229512130996,
        "nauc_mrr_at_10_diff1": 0.13175004960843698,
        "nauc_mrr_at_10_max": -0.0720706575262155,
        "nauc_mrr_at_10_std": -0.07495903147851946,
        "nauc_mrr_at_1_diff1": 0.16608208829952337,
        "nauc_mrr_at_1_max": -0.10504442519065414,
        "nauc_mrr_at_1_std": -0.10106947748728341,
        "nauc_mrr_at_20_diff1": 0.13084151581234882,
        "nauc_mrr_at_20_max": -0.07432443105850643,
        "nauc_mrr_at_20_std": -0.07561095404212104,
        "nauc_mrr_at_3_diff1": 0.12536711652535787,
        "nauc_mrr_at_3_max": -0.08354768760916331,
        "nauc_mrr_at_3_std": -0.07749529668975838,
        "nauc_mrr_at_5_diff1": 0.1264382441518561,
        "nauc_mrr_at_5_max": -0.0757070791833547,
        "nauc_mrr_at_5_std": -0.07644544483563305,
        "nauc_ndcg_at_1000_diff1": 0.14738422044657146,
        "nauc_ndcg_at_1000_max": -0.05781891446195381,
        "nauc_ndcg_at_1000_std": -0.06770815989701758,
        "nauc_ndcg_at_100_diff1": 0.1472004453356853,
        "nauc_ndcg_at_100_max": -0.05598407429429668,
        "nauc_ndcg_at_100_std": -0.06520605226924472,
        "nauc_ndcg_at_10_diff1": 0.14677310740034535,
        "nauc_ndcg_at_10_max": -0.03938352867585304,
        "nauc_ndcg_at_10_std": -0.061686524204451434,
        "nauc_ndcg_at_1_diff1": 0.18490598897763474,
        "nauc_ndcg_at_1_max": -0.10174654188546352,
        "nauc_ndcg_at_1_std": -0.09832111787213096,
        "nauc_ndcg_at_20_diff1": 0.14420457381347188,
        "nauc_ndcg_at_20_max": -0.04735445615729087,
        "nauc_ndcg_at_20_std": -0.06475240296700022,
        "nauc_ndcg_at_3_diff1": 0.13397405158541173,
        "nauc_ndcg_at_3_max": -0.06629279654529809,
        "nauc_ndcg_at_3_std": -0.06784580313439423,
        "nauc_ndcg_at_5_diff1": 0.1349609157976151,
        "nauc_ndcg_at_5_max": -0.04975088708102068,
        "nauc_ndcg_at_5_std": -0.06638608639370559,
        "nauc_precision_at_1000_diff1": 0.2968754079828081,
        "nauc_precision_at_1000_max": 0.32060407684634823,
        "nauc_precision_at_1000_std": 0.5441631400932283,
        "nauc_precision_at_100_diff1": 0.14510738849513938,
        "nauc_precision_at_100_max": 0.3474469441460693,
        "nauc_precision_at_100_std": 0.5597188364258376,
        "nauc_precision_at_10_diff1": 0.13275725217634793,
        "nauc_precision_at_10_max": 0.13188836614988847,
        "nauc_precision_at_10_std": 0.02284925323708457,
        "nauc_precision_at_1_diff1": 0.18490598897763474,
        "nauc_precision_at_1_max": -0.10174654188546352,
        "nauc_precision_at_1_std": -0.09832111787213096,
        "nauc_precision_at_20_diff1": 0.06722722591690258,
        "nauc_precision_at_20_max": 0.23289148067156545,
        "nauc_precision_at_20_std": 0.07986495623287188,
        "nauc_precision_at_3_diff1": 0.09792342592134226,
        "nauc_precision_at_3_max": -0.04201800614528494,
        "nauc_precision_at_3_std": -0.04184083687370094,
        "nauc_precision_at_5_diff1": 0.09196373934159512,
        "nauc_precision_at_5_max": 0.017133792235314412,
        "nauc_precision_at_5_std": -0.029645677989100196,
        "nauc_recall_at_1000_diff1": 0.29687540798278605,
        "nauc_recall_at_1000_max": 0.32060407684634157,
        "nauc_recall_at_1000_std": 0.5441631400932394,
        "nauc_recall_at_100_diff1": 0.14510738849514712,
        "nauc_recall_at_100_max": 0.3474469441460652,
        "nauc_recall_at_100_std": 0.5597188364258193,
        "nauc_recall_at_10_diff1": 0.1327572521763477,
        "nauc_recall_at_10_max": 0.1318883661498868,
        "nauc_recall_at_10_std": 0.022849253237083374,
        "nauc_recall_at_1_diff1": 0.18490598897763474,
        "nauc_recall_at_1_max": -0.10174654188546352,
        "nauc_recall_at_1_std": -0.09832111787213096,
        "nauc_recall_at_20_diff1": 0.06722722591689968,
        "nauc_recall_at_20_max": 0.2328914806715668,
        "nauc_recall_at_20_std": 0.07986495623287015,
        "nauc_recall_at_3_diff1": 0.09792342592134315,
        "nauc_recall_at_3_max": -0.04201800614528449,
        "nauc_recall_at_3_std": -0.041840836873700486,
        "nauc_recall_at_5_diff1": 0.09196373934159453,
        "nauc_recall_at_5_max": 0.01713379223531495,
        "nauc_recall_at_5_std": -0.029645677989099912,
        "ndcg_at_1": 0.32432,
        "ndcg_at_10": 0.58113,
        "ndcg_at_100": 0.61152,
        "ndcg_at_1000": 0.61252,
        "ndcg_at_20": 0.60317,
        "ndcg_at_3": 0.49002,
        "ndcg_at_5": 0.53838,
        "precision_at_1": 0.32432,
        "precision_at_10": 0.08585,
        "precision_at_100": 0.00988,
        "precision_at_1000": 0.001,
        "precision_at_20": 0.04723,
        "precision_at_3": 0.20318,
        "precision_at_5": 0.14538,
        "recall_at_1": 0.32432,
        "recall_at_10": 0.85846,
        "recall_at_100": 0.98791,
        "recall_at_1000": 0.99573,
        "recall_at_20": 0.94452,
        "recall_at_3": 0.60953,
        "recall_at_5": 0.72688
      }
    ]
  },
  "task_name": "ArguAna"
}