{
  "dataset_revision": "2000358ca161889fa9c082cb41daa8dcfb161a54",
  "evaluation_time": 4.547488212585449,
  "kg_co2_emissions": null,
  "mteb_version": "1.14.12",
  "scores": {
    "test": [
      {
        "hf_subset": "default",
        "languages": [
          "eng-Latn"
        ],
        "main_score": 0.6055441125548908,
        "map": 0.6055441125548908,
        "mrr": 0.7279635492239369,
        "nAUC_map_diff1": 0.0050908337242779956,
        "nAUC_map_max": 0.21621612109645383,
        "nAUC_map_std": 0.1957774681591975,
        "nAUC_mrr_diff1": 0.10450281711272902,
        "nAUC_mrr_max": 0.3237765440036299,
        "nAUC_mrr_std": 0.2071963384908435
      }
    ]
  },
  "task_name": "AskUbuntuDupQuestions"
}