{
  "dataset_revision": "46989137a86843e03a6195de44b09deda022eec7",
  "evaluation_time": 588.0510630607605,
  "kg_co2_emissions": null,
  "mteb_version": "1.14.12",
  "scores": {
    "test": [
      {
        "hf_subset": "default",
        "languages": [
          "eng-Latn"
        ],
        "main_score": 0.21175,
        "map_at_1": 0.12683,
        "map_at_10": 0.17683,
        "map_at_100": 0.18654,
        "map_at_1000": 0.18789,
        "map_at_20": 0.18166,
        "map_at_3": 0.16039,
        "map_at_5": 0.16858,
        "mrr_at_1": 0.15588437715072265,
        "mrr_at_10": 0.20926026065392891,
        "mrr_at_100": 0.21827582773181087,
        "mrr_at_1000": 0.2192414225530652,
        "mrr_at_20": 0.21404447371670624,
        "mrr_at_3": 0.19264739619178703,
        "mrr_at_5": 0.20092337692131218,
        "nauc_map_at_1000_diff1": 0.3191986283563612,
        "nauc_map_at_1000_max": 0.235894045321044,
        "nauc_map_at_1000_std": 0.06792202415299457,
        "nauc_map_at_100_diff1": 0.319120960942025,
        "nauc_map_at_100_max": 0.2355217878240747,
        "nauc_map_at_100_std": 0.067250343942517,
        "nauc_map_at_10_diff1": 0.3226539838611476,
        "nauc_map_at_10_max": 0.2328074943655976,
        "nauc_map_at_10_std": 0.06261613574238917,
        "nauc_map_at_1_diff1": 0.3863634941165103,
        "nauc_map_at_1_max": 0.23755406971092874,
        "nauc_map_at_1_std": 0.03556037762614248,
        "nauc_map_at_20_diff1": 0.32031905740154476,
        "nauc_map_at_20_max": 0.2341582801318766,
        "nauc_map_at_20_std": 0.06431832164838021,
        "nauc_map_at_3_diff1": 0.33845954006372325,
        "nauc_map_at_3_max": 0.23614539523461636,
        "nauc_map_at_3_std": 0.05389362079040422,
        "nauc_map_at_5_diff1": 0.3306367487250325,
        "nauc_map_at_5_max": 0.2349661139232468,
        "nauc_map_at_5_std": 0.057048599088216294,
        "nauc_mrr_at_1000_diff1": 0.31706964409672733,
        "nauc_mrr_at_1000_max": 0.24816627998874857,
        "nauc_mrr_at_1000_std": 0.0762150904012349,
        "nauc_mrr_at_100_diff1": 0.3168131927560178,
        "nauc_mrr_at_100_max": 0.24794365210245126,
        "nauc_mrr_at_100_std": 0.07603418840167063,
        "nauc_mrr_at_10_diff1": 0.31953352400404295,
        "nauc_mrr_at_10_max": 0.24806139072505495,
        "nauc_mrr_at_10_std": 0.07308937448474592,
        "nauc_mrr_at_1_diff1": 0.3967306186352507,
        "nauc_mrr_at_1_max": 0.2575042238538414,
        "nauc_mrr_at_1_std": 0.04844046667592805,
        "nauc_mrr_at_20_diff1": 0.31717776802278613,
        "nauc_mrr_at_20_max": 0.2479318654367376,
        "nauc_mrr_at_20_std": 0.07478692432338709,
        "nauc_mrr_at_3_diff1": 0.3365644267537011,
        "nauc_mrr_at_3_max": 0.25393644783203406,
        "nauc_mrr_at_3_std": 0.06546945358933856,
        "nauc_mrr_at_5_diff1": 0.3271108504076681,
        "nauc_mrr_at_5_max": 0.2501849127673834,
        "nauc_mrr_at_5_std": 0.06731492078296998,
        "nauc_ndcg_at_1000_diff1": 0.2829289222996197,
        "nauc_ndcg_at_1000_max": 0.2417273582485998,
        "nauc_ndcg_at_1000_std": 0.10611487641996625,
        "nauc_ndcg_at_100_diff1": 0.27981566475114567,
        "nauc_ndcg_at_100_max": 0.237434580724228,
        "nauc_ndcg_at_100_std": 0.096561168065791,
        "nauc_ndcg_at_10_diff1": 0.29489311953457686,
        "nauc_ndcg_at_10_max": 0.23239299439508196,
        "nauc_ndcg_at_10_std": 0.07765008095762628,
        "nauc_ndcg_at_1_diff1": 0.3967306186352507,
        "nauc_ndcg_at_1_max": 0.2575042238538414,
        "nauc_ndcg_at_1_std": 0.04844046667592805,
        "nauc_ndcg_at_20_diff1": 0.28760649064521454,
        "nauc_ndcg_at_20_max": 0.2341198973385714,
        "nauc_ndcg_at_20_std": 0.08296821649541704,
        "nauc_ndcg_at_3_diff1": 0.3234569486022751,
        "nauc_ndcg_at_3_max": 0.2437151809782888,
        "nauc_ndcg_at_3_std": 0.06541213150258303,
        "nauc_ndcg_at_5_diff1": 0.3107245368455918,
        "nauc_ndcg_at_5_max": 0.23859915455592873,
        "nauc_ndcg_at_5_std": 0.06674193033442993,
        "nauc_precision_at_1000_diff1": 0.08290921813232872,
        "nauc_precision_at_1000_max": 0.23184703224838052,
        "nauc_precision_at_1000_std": 0.21212740646704015,
        "nauc_precision_at_100_diff1": 0.12503443244315876,
        "nauc_precision_at_100_max": 0.24803355783480052,
        "nauc_precision_at_100_std": 0.1945620911866188,
        "nauc_precision_at_10_diff1": 0.20381258198330832,
        "nauc_precision_at_10_max": 0.249486286170031,
        "nauc_precision_at_10_std": 0.1288759629688028,
        "nauc_precision_at_1_diff1": 0.3967306186352507,
        "nauc_precision_at_1_max": 0.2575042238538414,
        "nauc_precision_at_1_std": 0.04844046667592805,
        "nauc_precision_at_20_diff1": 0.18722678482210403,
        "nauc_precision_at_20_max": 0.25797749107590734,
        "nauc_precision_at_20_std": 0.15100971150719533,
        "nauc_precision_at_3_diff1": 0.2830495304677467,
        "nauc_precision_at_3_max": 0.26083202633020836,
        "nauc_precision_at_3_std": 0.09620518953606337,
        "nauc_precision_at_5_diff1": 0.24602323023756895,
        "nauc_precision_at_5_max": 0.2526250791668988,
        "nauc_precision_at_5_std": 0.0958267231685223,
        "nauc_recall_at_1000_diff1": 0.12597551271200524,
        "nauc_recall_at_1000_max": 0.21979185633170226,
        "nauc_recall_at_1000_std": 0.256222257975642,
        "nauc_recall_at_100_diff1": 0.15518928446539573,
        "nauc_recall_at_100_max": 0.20751729838077587,
        "nauc_recall_at_100_std": 0.1570417586375865,
        "nauc_recall_at_10_diff1": 0.2190090570382367,
        "nauc_recall_at_10_max": 0.1974184870494737,
        "nauc_recall_at_10_std": 0.09973608767086013,
        "nauc_recall_at_1_diff1": 0.3863634941165103,
        "nauc_recall_at_1_max": 0.23755406971092874,
        "nauc_recall_at_1_std": 0.03556037762614248,
        "nauc_recall_at_20_diff1": 0.19247427697920488,
        "nauc_recall_at_20_max": 0.20017592871650572,
        "nauc_recall_at_20_std": 0.11076718250447552,
        "nauc_recall_at_3_diff1": 0.2896041060840281,
        "nauc_recall_at_3_max": 0.22775441246939182,
        "nauc_recall_at_3_std": 0.06779173175328783,
        "nauc_recall_at_5_diff1": 0.2600434955514923,
        "nauc_recall_at_5_max": 0.21607226429991316,
        "nauc_recall_at_5_std": 0.0745233109101004,
        "ndcg_at_1": 0.15588,
        "ndcg_at_10": 0.21175,
        "ndcg_at_100": 0.2611,
        "ndcg_at_1000": 0.29464,
        "ndcg_at_20": 0.22842,
        "ndcg_at_3": 0.18097,
        "ndcg_at_5": 0.1931,
        "precision_at_1": 0.15588,
        "precision_at_10": 0.03906,
        "precision_at_100": 0.00767,
        "precision_at_1000": 0.00121,
        "precision_at_20": 0.02426,
        "precision_at_3": 0.08511,
        "precision_at_5": 0.06077,
        "recall_at_1": 0.12683,
        "recall_at_10": 0.28517,
        "recall_at_100": 0.50936,
        "recall_at_1000": 0.75354,
        "recall_at_20": 0.34786,
        "recall_at_3": 0.19834,
        "recall_at_5": 0.23024
      }
    ]
  },
  "task_name": "CQADupstackTexRetrieval"
}