{
  "dataset_revision": "ec0fa4fe99da2ff19ca1214b7966684033a58814",
  "evaluation_time": 39.214110374450684,
  "kg_co2_emissions": null,
  "mteb_version": "1.14.12",
  "scores": {
    "test": [
      {
        "hf_subset": "default",
        "languages": [
          "eng-Latn"
        ],
        "main_score": 0.28345,
        "map_at_1": 0.04398,
        "map_at_10": 0.09997,
        "map_at_100": 0.12345,
        "map_at_1000": 0.13581,
        "map_at_20": 0.10884,
        "map_at_3": 0.07474,
        "map_at_5": 0.08718,
        "mrr_at_1": 0.38390092879256965,
        "mrr_at_10": 0.4760577915376676,
        "mrr_at_100": 0.48144741342899594,
        "mrr_at_1000": 0.4818954703654672,
        "mrr_at_20": 0.47841517199509687,
        "mrr_at_3": 0.456656346749226,
        "mrr_at_5": 0.4668730650154798,
        "nauc_map_at_1000_diff1": 0.18351133830958474,
        "nauc_map_at_1000_max": 0.18650949071185768,
        "nauc_map_at_1000_std": 0.10713080455285681,
        "nauc_map_at_100_diff1": 0.19611404035530144,
        "nauc_map_at_100_max": 0.17051686310178932,
        "nauc_map_at_100_std": 0.07720702116531299,
        "nauc_map_at_10_diff1": 0.21642381020699708,
        "nauc_map_at_10_max": 0.12069057332251296,
        "nauc_map_at_10_std": -0.008554169730636482,
        "nauc_map_at_1_diff1": 0.34514658089641903,
        "nauc_map_at_1_max": 0.020553777919817884,
        "nauc_map_at_1_std": -0.11026390650722583,
        "nauc_map_at_20_diff1": 0.20854141313208782,
        "nauc_map_at_20_max": 0.1395799453618209,
        "nauc_map_at_20_std": 0.027867216483128985,
        "nauc_map_at_3_diff1": 0.2581321065149645,
        "nauc_map_at_3_max": 0.0658897233528728,
        "nauc_map_at_3_std": -0.05761832960685124,
        "nauc_map_at_5_diff1": 0.2469510235097432,
        "nauc_map_at_5_max": 0.08425648219106528,
        "nauc_map_at_5_std": -0.048017975716060084,
        "nauc_mrr_at_1000_diff1": 0.2718340198040306,
        "nauc_mrr_at_1000_max": 0.36112208570957627,
        "nauc_mrr_at_1000_std": 0.25617164602522763,
        "nauc_mrr_at_100_diff1": 0.271471439555282,
        "nauc_mrr_at_100_max": 0.36118763434931894,
        "nauc_mrr_at_100_std": 0.2561348545458143,
        "nauc_mrr_at_10_diff1": 0.27181453077766005,
        "nauc_mrr_at_10_max": 0.35923239084409886,
        "nauc_mrr_at_10_std": 0.25525706657521335,
        "nauc_mrr_at_1_diff1": 0.3038010174101138,
        "nauc_mrr_at_1_max": 0.3131624910787869,
        "nauc_mrr_at_1_std": 0.21633465661646048,
        "nauc_mrr_at_20_diff1": 0.27233733364932966,
        "nauc_mrr_at_20_max": 0.3605427989524399,
        "nauc_mrr_at_20_std": 0.25674143786264103,
        "nauc_mrr_at_3_diff1": 0.26772728649527744,
        "nauc_mrr_at_3_max": 0.3485666069148327,
        "nauc_mrr_at_3_std": 0.24102550768246553,
        "nauc_mrr_at_5_diff1": 0.2731814024786493,
        "nauc_mrr_at_5_max": 0.3569449178297863,
        "nauc_mrr_at_5_std": 0.2499179332817021,
        "nauc_ndcg_at_1000_diff1": 0.18151679507175564,
        "nauc_ndcg_at_1000_max": 0.33478772511173943,
        "nauc_ndcg_at_1000_std": 0.27676832527411926,
        "nauc_ndcg_at_100_diff1": 0.1673061922827948,
        "nauc_ndcg_at_100_max": 0.26754805611003085,
        "nauc_ndcg_at_100_std": 0.20711118938993875,
        "nauc_ndcg_at_10_diff1": 0.16529587075194127,
        "nauc_ndcg_at_10_max": 0.29947112233014134,
        "nauc_ndcg_at_10_std": 0.2048015061138508,
        "nauc_ndcg_at_1_diff1": 0.299620783986622,
        "nauc_ndcg_at_1_max": 0.29397793486162843,
        "nauc_ndcg_at_1_std": 0.19564924058078112,
        "nauc_ndcg_at_20_diff1": 0.15220321296033074,
        "nauc_ndcg_at_20_max": 0.2803239874716522,
        "nauc_ndcg_at_20_std": 0.21144980264930205,
        "nauc_ndcg_at_3_diff1": 0.19859773062845876,
        "nauc_ndcg_at_3_max": 0.29850126351849104,
        "nauc_ndcg_at_3_std": 0.21132494192973394,
        "nauc_ndcg_at_5_diff1": 0.18797363220688948,
        "nauc_ndcg_at_5_max": 0.29787832996528335,
        "nauc_ndcg_at_5_std": 0.20998979215410837,
        "nauc_precision_at_1000_diff1": -0.10279067402758967,
        "nauc_precision_at_1000_max": 0.15712701162378345,
        "nauc_precision_at_1000_std": 0.27835582137110887,
        "nauc_precision_at_100_diff1": -0.057225747932621314,
        "nauc_precision_at_100_max": 0.25038094014416623,
        "nauc_precision_at_100_std": 0.36960594723663237,
        "nauc_precision_at_10_diff1": 0.034252400273477354,
        "nauc_precision_at_10_max": 0.344039164299215,
        "nauc_precision_at_10_std": 0.30767828254774954,
        "nauc_precision_at_1_diff1": 0.3038010174101138,
        "nauc_precision_at_1_max": 0.3131624910787869,
        "nauc_precision_at_1_std": 0.21633465661646048,
        "nauc_precision_at_20_diff1": -0.010363355639675659,
        "nauc_precision_at_20_max": 0.3200791603905734,
        "nauc_precision_at_20_std": 0.35597137025796644,
        "nauc_precision_at_3_diff1": 0.15214535010569388,
        "nauc_precision_at_3_max": 0.33754401324577754,
        "nauc_precision_at_3_std": 0.27176562462120735,
        "nauc_precision_at_5_diff1": 0.10617672866942132,
        "nauc_precision_at_5_max": 0.3414543229331718,
        "nauc_precision_at_5_std": 0.287314496745173,
        "nauc_recall_at_1000_diff1": 0.0715214668268166,
        "nauc_recall_at_1000_max": 0.12873148285917163,
        "nauc_recall_at_1000_std": 0.22638452535778547,
        "nauc_recall_at_100_diff1": 0.10757702765719716,
        "nauc_recall_at_100_max": 0.131653338317054,
        "nauc_recall_at_100_std": 0.08990795047587594,
        "nauc_recall_at_10_diff1": 0.16293188227488156,
        "nauc_recall_at_10_max": 0.10221452508474052,
        "nauc_recall_at_10_std": -0.04831529663910577,
        "nauc_recall_at_1_diff1": 0.34514658089641903,
        "nauc_recall_at_1_max": 0.020553777919817884,
        "nauc_recall_at_1_std": -0.11026390650722583,
        "nauc_recall_at_20_diff1": 0.15255288348215226,
        "nauc_recall_at_20_max": 0.11547174318868943,
        "nauc_recall_at_20_std": 0.016214707794308912,
        "nauc_recall_at_3_diff1": 0.20515091353646583,
        "nauc_recall_at_3_max": 0.06399041717121638,
        "nauc_recall_at_3_std": -0.06537903630510715,
        "nauc_recall_at_5_diff1": 0.19680059557708765,
        "nauc_recall_at_5_max": 0.060275648862751136,
        "nauc_recall_at_5_std": -0.08142207084532058,
        "ndcg_at_1": 0.36533,
        "ndcg_at_10": 0.28345,
        "ndcg_at_100": 0.2597,
        "ndcg_at_1000": 0.34886,
        "ndcg_at_20": 0.26088,
        "ndcg_at_3": 0.32962,
        "ndcg_at_5": 0.31065,
        "precision_at_1": 0.3839,
        "precision_at_10": 0.20805,
        "precision_at_100": 0.06687,
        "precision_at_1000": 0.01918,
        "precision_at_20": 0.15077,
        "precision_at_3": 0.3096,
        "precision_at_5": 0.26563,
        "recall_at_1": 0.04398,
        "recall_at_10": 0.13973,
        "recall_at_100": 0.27318,
        "recall_at_1000": 0.58829,
        "recall_at_20": 0.16562,
        "recall_at_3": 0.08821,
        "recall_at_5": 0.11327
      }
    ]
  },
  "task_name": "NFCorpus"
}