{
  "dataset_revision": "e4e08e0b7dbe3c8700f0daef558ff32256715259",
  "evaluation_time": 739.0943806171417,
  "kg_co2_emissions": null,
  "mteb_version": "1.14.12",
  "scores": {
    "dev": [
      {
        "hf_subset": "default",
        "languages": [
          "eng-Latn"
        ],
        "main_score": 0.87403,
        "map_at_1": 0.69681,
        "map_at_10": 0.83664,
        "map_at_100": 0.84262,
        "map_at_1000": 0.8428,
        "map_at_20": 0.84085,
        "map_at_3": 0.80843,
        "map_at_5": 0.82572,
        "mrr_at_1": 0.8024,
        "mrr_at_10": 0.8658499206349219,
        "mrr_at_100": 0.8671521342011862,
        "mrr_at_1000": 0.8671718439309685,
        "mrr_at_20": 0.866815177783174,
        "mrr_at_3": 0.8565333333333353,
        "mrr_at_5": 0.8625133333333345,
        "nauc_map_at_1000_diff1": 0.7579137825976318,
        "nauc_map_at_1000_max": 0.3198092140241918,
        "nauc_map_at_1000_std": -0.32809961991158976,
        "nauc_map_at_100_diff1": 0.7579412210843445,
        "nauc_map_at_100_max": 0.31955332024845884,
        "nauc_map_at_100_std": -0.32851801429452204,
        "nauc_map_at_10_diff1": 0.7590762980161568,
        "nauc_map_at_10_max": 0.3159507598742826,
        "nauc_map_at_10_std": -0.33883426359362345,
        "nauc_map_at_1_diff1": 0.7943849389992061,
        "nauc_map_at_1_max": 0.2042747841140173,
        "nauc_map_at_1_std": -0.31030330137158196,
        "nauc_map_at_20_diff1": 0.7586347156396855,
        "nauc_map_at_20_max": 0.31773486532769607,
        "nauc_map_at_20_std": -0.33235706439889834,
        "nauc_map_at_3_diff1": 0.7614757447171329,
        "nauc_map_at_3_max": 0.2926532771062444,
        "nauc_map_at_3_std": -0.3632228244733247,
        "nauc_map_at_5_diff1": 0.7602423027377658,
        "nauc_map_at_5_max": 0.3070743485141929,
        "nauc_map_at_5_std": -0.35221903251644304,
        "nauc_mrr_at_1000_diff1": 0.7584024025688024,
        "nauc_mrr_at_1000_max": 0.3534904082419667,
        "nauc_mrr_at_1000_std": -0.2865599501169105,
        "nauc_mrr_at_100_diff1": 0.7584149623570994,
        "nauc_mrr_at_100_max": 0.35354754829546675,
        "nauc_mrr_at_100_std": -0.28648895480588166,
        "nauc_mrr_at_10_diff1": 0.7583629374920734,
        "nauc_mrr_at_10_max": 0.35527982193709673,
        "nauc_mrr_at_10_std": -0.28658476222700524,
        "nauc_mrr_at_1_diff1": 0.7666897683233848,
        "nauc_mrr_at_1_max": 0.33434647231640274,
        "nauc_mrr_at_1_std": -0.2783801832237514,
        "nauc_mrr_at_20_diff1": 0.7584669833192021,
        "nauc_mrr_at_20_max": 0.35409894788209456,
        "nauc_mrr_at_20_std": -0.28637100050228487,
        "nauc_mrr_at_3_diff1": 0.7554762829739267,
        "nauc_mrr_at_3_max": 0.35506870913798844,
        "nauc_mrr_at_3_std": -0.2913364800759867,
        "nauc_mrr_at_5_diff1": 0.7567030667592117,
        "nauc_mrr_at_5_max": 0.3555063323926134,
        "nauc_mrr_at_5_std": -0.2905159245628096,
        "nauc_ndcg_at_1000_diff1": 0.7558950137902106,
        "nauc_ndcg_at_1000_max": 0.3395689712914022,
        "nauc_ndcg_at_1000_std": -0.30667574655683316,
        "nauc_ndcg_at_100_diff1": 0.7563493418627337,
        "nauc_ndcg_at_100_max": 0.33942557435711446,
        "nauc_ndcg_at_100_std": -0.3068724441150122,
        "nauc_ndcg_at_10_diff1": 0.7576576261104205,
        "nauc_ndcg_at_10_max": 0.33859415850226887,
        "nauc_ndcg_at_10_std": -0.32553995309499784,
        "nauc_ndcg_at_1_diff1": 0.7666897683233848,
        "nauc_ndcg_at_1_max": 0.3356194207478473,
        "nauc_ndcg_at_1_std": -0.27668291864849204,
        "nauc_ndcg_at_20_diff1": 0.758396709439618,
        "nauc_ndcg_at_20_max": 0.3375478974932846,
        "nauc_ndcg_at_20_std": -0.31610695501445074,
        "nauc_ndcg_at_3_diff1": 0.7486665914838285,
        "nauc_ndcg_at_3_max": 0.33003915048165106,
        "nauc_ndcg_at_3_std": -0.3420154149932787,
        "nauc_ndcg_at_5_diff1": 0.7542666252369866,
        "nauc_ndcg_at_5_max": 0.3331033975347286,
        "nauc_ndcg_at_5_std": -0.34226145726091456,
        "nauc_precision_at_1000_diff1": -0.4261906895329584,
        "nauc_precision_at_1000_max": 0.007954538320481543,
        "nauc_precision_at_1000_std": 0.3069033197367588,
        "nauc_precision_at_100_diff1": -0.4193449502390323,
        "nauc_precision_at_100_max": 0.019030846018010163,
        "nauc_precision_at_100_std": 0.297353972796909,
        "nauc_precision_at_10_diff1": -0.35032395767114605,
        "nauc_precision_at_10_max": 0.06459158866169508,
        "nauc_precision_at_10_std": 0.211413043656257,
        "nauc_precision_at_1_diff1": 0.7666897683233848,
        "nauc_precision_at_1_max": 0.3356194207478473,
        "nauc_precision_at_1_std": -0.27668291864849204,
        "nauc_precision_at_20_diff1": -0.3900300365075366,
        "nauc_precision_at_20_max": 0.03449113373047399,
        "nauc_precision_at_20_std": 0.2518354968038928,
        "nauc_precision_at_3_diff1": -0.15762425962904741,
        "nauc_precision_at_3_max": 0.15167876190238228,
        "nauc_precision_at_3_std": 0.05112398265573996,
        "nauc_precision_at_5_diff1": -0.27223004196181255,
        "nauc_precision_at_5_max": 0.10670223561640986,
        "nauc_precision_at_5_std": 0.13992967650349178,
        "nauc_recall_at_1000_diff1": 0.48126329160285175,
        "nauc_recall_at_1000_max": 0.3987579140074614,
        "nauc_recall_at_1000_std": 0.24972990167120163,
        "nauc_recall_at_100_diff1": 0.7534972462431634,
        "nauc_recall_at_100_max": 0.4164549471129442,
        "nauc_recall_at_100_std": -0.13713435007027586,
        "nauc_recall_at_10_diff1": 0.7231345488538697,
        "nauc_recall_at_10_max": 0.35292476386952565,
        "nauc_recall_at_10_std": -0.39141353775601,
        "nauc_recall_at_1_diff1": 0.7943849389992061,
        "nauc_recall_at_1_max": 0.2042747841140173,
        "nauc_recall_at_1_std": -0.31030330137158196,
        "nauc_recall_at_20_diff1": 0.7470682818892281,
        "nauc_recall_at_20_max": 0.37066571899904627,
        "nauc_recall_at_20_std": -0.344885424362158,
        "nauc_recall_at_3_diff1": 0.7203897511271763,
        "nauc_recall_at_3_max": 0.2868456879658607,
        "nauc_recall_at_3_std": -0.4206752419834366,
        "nauc_recall_at_5_diff1": 0.7103473104077165,
        "nauc_recall_at_5_max": 0.30691537580492406,
        "nauc_recall_at_5_std": -0.4283553349880575,
        "ndcg_at_1": 0.8024,
        "ndcg_at_10": 0.87403,
        "ndcg_at_100": 0.88703,
        "ndcg_at_1000": 0.88846,
        "ndcg_at_20": 0.88166,
        "ndcg_at_3": 0.84663,
        "ndcg_at_5": 0.86072,
        "precision_at_1": 0.8024,
        "precision_at_10": 0.13212,
        "precision_at_100": 0.01481,
        "precision_at_1000": 0.00152,
        "precision_at_20": 0.06993,
        "precision_at_3": 0.37207,
        "precision_at_5": 0.24296,
        "recall_at_1": 0.69681,
        "recall_at_10": 0.94689,
        "recall_at_100": 0.99237,
        "recall_at_1000": 0.99966,
        "recall_at_20": 0.97176,
        "recall_at_3": 0.86615,
        "recall_at_5": 0.90844
      }
    ],
    "test": [
      {
        "hf_subset": "default",
        "languages": [
          "eng-Latn"
        ],
        "main_score": 0.87274,
        "map_at_1": 0.69758,
        "map_at_10": 0.83474,
        "map_at_100": 0.84148,
        "map_at_1000": 0.84168,
        "map_at_20": 0.83923,
        "map_at_3": 0.80623,
        "map_at_5": 0.8241,
        "mrr_at_1": 0.8029,
        "mrr_at_10": 0.8662217857142832,
        "mrr_at_100": 0.8675742206769926,
        "mrr_at_1000": 0.8675923884601127,
        "mrr_at_20": 0.86722839790627,
        "mrr_at_3": 0.856999999999996,
        "mrr_at_5": 0.8630199999999959,
        "nauc_map_at_1000_diff1": 0.7621721679356718,
        "nauc_map_at_1000_max": 0.3421610463999905,
        "nauc_map_at_1000_std": -0.37115311802916434,
        "nauc_map_at_100_diff1": 0.7622556381714081,