{
  "dataset_revision": "d3c5e1fc0b855ab6097bf1cda04dd73947d7caab",
  "evaluation_time": 55.5345139503479,
  "kg_co2_emissions": null,
  "mteb_version": "1.14.12",
  "scores": {
    "test": [
      {
        "hf_subset": "default",
        "languages": [
          "eng-Latn"
        ],
        "main_score": 0.8138519472556255,
        "map": 0.8138519472556255,
        "mrr": 0.9452134557526713,
        "nAUC_map_diff1": -0.015555782945516164,
        "nAUC_map_max": 0.5093780272362852,
        "nAUC_map_std": 0.6358980847942729,
        "nAUC_mrr_diff1": 0.3871227755634223,
        "nAUC_mrr_max": 0.7617718659697357,
        "nAUC_mrr_std": 0.6582763099808002
      }
    ]
  },
  "task_name": "SciDocsRR"
}