{
  "dataset_revision": "d66bd1f72af766a5cc4b0ca5e00c162f89e8cc46",
  "evaluation_time": 45.02251195907593,
  "kg_co2_emissions": null,
  "mteb_version": "1.14.12",
  "scores": {
    "test": [
      {
        "cosine_accuracy": 0.997990099009901,
        "cosine_accuracy_threshold": 0.9017437100410461,
        "cosine_ap": 0.9458110841597328,
        "cosine_f1": 0.8959507944643772,
        "cosine_f1_threshold": 0.9002684354782104,
        "cosine_precision": 0.9190325972660357,
        "cosine_recall": 0.874,
        "dot_accuracy": 0.997990099009901,
        "dot_accuracy_threshold": 0.9017436504364014,
        "dot_ap": 0.9458110841597327,
        "dot_f1": 0.8959507944643772,
        "dot_f1_threshold": 0.9002684950828552,
        "dot_precision": 0.9190325972660357,
        "dot_recall": 0.874,
        "euclidean_accuracy": 0.997990099009901,
        "euclidean_accuracy_threshold": 0.44329744577407837,
        "euclidean_ap": 0.9458110841597327,
        "euclidean_f1": 0.8959507944643772,
        "euclidean_f1_threshold": 0.4466129243373871,
        "euclidean_precision": 0.9190325972660357,
        "euclidean_recall": 0.874,
        "hf_subset": "default",
        "languages": [
          "eng-Latn"
        ],
        "main_score": 0.9458110841597328,
        "manhattan_accuracy": 0.998,
        "manhattan_accuracy_threshold": 11.252555847167969,
        "manhattan_ap": 0.9454053237843563,
        "manhattan_f1": 0.8955532574974147,
        "manhattan_f1_threshold": 11.314671516418457,
        "manhattan_precision": 0.9271948608137045,
        "manhattan_recall": 0.866,
        "max_accuracy": 0.998,
        "max_ap": 0.9458110841597328,
        "max_f1": 0.8959507944643772,
        "max_precision": 0.9271948608137045,
        "max_recall": 0.874,
        "similarity_accuracy": 0.997990099009901,
        "similarity_accuracy_threshold": 0.9017437696456909,
        "similarity_ap": 0.9458110841597328,
        "similarity_f1": 0.8959507944643772,
        "similarity_f1_threshold": 0.9002684354782104,
        "similarity_precision": 0.9190325972660357,
        "similarity_recall": 0.874
      }
    ],
    "validation": [
      {
        "cosine_accuracy": 0.9981386138613861,
        "cosine_accuracy_threshold": 0.8941832780838013,
        "cosine_ap": 0.9559637122250946,
        "cosine_f1": 0.9047619047619048,
        "cosine_f1_threshold": 0.892836332321167,
        "cosine_precision": 0.9168377823408624,
        "cosine_recall": 0.893,
        "dot_accuracy": 0.9981386138613861,
        "dot_accuracy_threshold": 0.8941832780838013,
        "dot_ap": 0.9559637122250946,
        "dot_f1": 0.9047619047619048,
        "dot_f1_threshold": 0.892836332321167,
        "dot_precision": 0.9168377823408624,
        "dot_recall": 0.893,
        "euclidean_accuracy": 0.9981386138613861,
        "euclidean_accuracy_threshold": 0.46003615856170654,
        "euclidean_ap": 0.9559637122250945,
        "euclidean_f1": 0.9047619047619048,
        "euclidean_f1_threshold": 0.4629550576210022,
        "euclidean_precision": 0.9168377823408624,
        "euclidean_recall": 0.893,
        "hf_subset": "default",
        "languages": [
          "eng-Latn"
        ],
        "main_score": 0.9561757509838971,
        "manhattan_accuracy": 0.9981683168316832,
        "manhattan_accuracy_threshold": 11.705759048461914,
        "manhattan_ap": 0.9561757509838971,
        "manhattan_f1": 0.9054675523760859,
        "manhattan_f1_threshold": 11.705759048461914,
        "manhattan_precision": 0.9258098223615465,
        "manhattan_recall": 0.886,
        "max_accuracy": 0.9981683168316832,
        "max_ap": 0.9561757509838971,
        "max_f1": 0.9054675523760859,
        "max_precision": 0.9258098223615465,
        "max_recall": 0.893,
        "similarity_accuracy": 0.9981386138613861,
        "similarity_accuracy_threshold": 0.8941832780838013,
        "similarity_ap": 0.9559637122250945,
        "similarity_f1": 0.9047619047619048,
        "similarity_f1_threshold": 0.892836332321167,
        "similarity_precision": 0.9168377823408624,
        "similarity_recall": 0.893
      }
    ]
  },
  "task_name": "SprintDuplicateQuestions"
}