{
  "dataset_revision": "e185fbe320c72810689fc5848eb6114e1ef5ec69",
  "evaluation_time": 43.08987593650818,
  "kg_co2_emissions": null,
  "mteb_version": "1.14.12",
  "scores": {
    "test": [
      {
        "hf_subset": "default",
        "languages": [
          "eng-Latn"
        ],
        "main_score": 0.4910909261809315,
        "map": 0.4910909261809315,
        "mrr": 0.4980592426364485,
        "nAUC_map_diff1": 0.33596212033108136,
        "nAUC_map_max": 0.11490367664878785,
        "nAUC_map_std": 0.1250939981156646,
        "nAUC_mrr_diff1": 0.3363849523176712,
        "nAUC_mrr_max": 0.12235964057874316,
        "nAUC_mrr_std": 0.13247550808923267
      }
    ]
  },
  "task_name": "StackOverflowDupQuestions"
}