{
  "dataset_revision": "cda12ad7615edc362dbf25a00fdd61d3b1eaf93c",
  "evaluation_time": 5.2349066734313965,
  "kg_co2_emissions": null,
  "mteb_version": "1.14.12",
  "scores": {
    "test": [
      {
        "cosine_pearson": 0.30993063268841803,
        "cosine_spearman": 0.3097755116008224,
        "dot_pearson": 0.30993068376958977,
        "dot_spearman": 0.3097755116008224,
        "hf_subset": "default",
        "languages": [
          "eng-Latn"
        ],
        "main_score": 0.3097755116008224,
        "pearson": 0.30993063268841803,
        "spearman": 0.3097755116008224
      }
    ]
  },
  "task_name": "SummEval"
}