{
  "dataset_revision": "c22ab2a51041ffd869aaddef7af8d8215647e41a",
  "evaluation_time": 13.260722398757935,
  "kg_co2_emissions": null,
  "mteb_version": "1.14.12",
  "scores": {
    "test": [
      {
        "hf_subset": "default",
        "languages": [
          "eng-Latn"
        ],
        "main_score": 0.59499,
        "map_at_1": 0.35775,
        "map_at_10": 0.51322,
        "map_at_100": 0.52067,
        "map_at_1000": 0.52074,
        "map_at_20": 0.5192,
        "map_at_3": 0.46942,
        "map_at_5": 0.49513,
        "mrr_at_1": 0.3627311522048364,
        "mrr_at_10": 0.5150598907177857,
        "mrr_at_100": 0.5225022272761083,
        "mrr_at_1000": 0.5225797774187476,
        "mrr_at_20": 0.5210386938806775,
        "mrr_at_3": 0.47119487908961616,
        "mrr_at_5": 0.4962304409672837,
        "nauc_map_at_1000_diff1": 0.14354722334248274,
        "nauc_map_at_1000_max": -0.04353304902288377,
        "nauc_map_at_1000_std": -0.05960199755171485,
        "nauc_map_at_100_diff1": 0.14360589502252755,
        "nauc_map_at_100_max": -0.043373987410379906,
        "nauc_map_at_100_std": -0.059457652828879805,
        "nauc_map_at_10_diff1": 0.14207351178395378,
        "nauc_map_at_10_max": -0.0425980322879818,
        "nauc_map_at_10_std": -0.05795869126109045,
        "nauc_map_at_1_diff1": 0.17929675449501287,
        "nauc_map_at_1_max": -0.06430790534061537,
        "nauc_map_at_1_std": -0.0938548992168163,
        "nauc_map_at_20_diff1": 0.14324354714366863,
        "nauc_map_at_20_max": -0.04277257678064788,
        "nauc_map_at_20_std": -0.05774257777220533,
        "nauc_map_at_3_diff1": 0.13658914004811806,
        "nauc_map_at_3_max": -0.0467823510345133,
        "nauc_map_at_3_std": -0.07042523232913582,
        "nauc_map_at_5_diff1": 0.13917017142387417,
        "nauc_map_at_5_max": -0.040901826687220984,
        "nauc_map_at_5_std": -0.06188360482092872,
        "nauc_mrr_at_1000_diff1": 0.12870313486598578,
        "nauc_mrr_at_1000_max": -0.04935003983298639,
        "nauc_mrr_at_1000_std": -0.05647781961750969,
        "nauc_mrr_at_100_diff1": 0.12876555917481677,
        "nauc_mrr_at_100_max": -0.049189695584726724,
        "nauc_mrr_at_100_std": -0.05633442081800069,
        "nauc_mrr_at_10_diff1": 0.12763183007812076,
        "nauc_mrr_at_10_max": -0.04823285381717405,
        "nauc_mrr_at_10_std": -0.05490280972355901,
        "nauc_mrr_at_1_diff1": 0.16489491738344544,
        "nauc_mrr_at_1_max": -0.06371986329341076,
        "nauc_mrr_at_1_std": -0.0845686215686125,
        "nauc_mrr_at_20_diff1": 0.12847817167898873,
        "nauc_mrr_at_20_max": -0.04855933629460574,
        "nauc_mrr_at_20_std": -0.05463750326190501,
        "nauc_mrr_at_3_diff1": 0.12345133549278443,
        "nauc_mrr_at_3_max": -0.05117667494350672,
        "nauc_mrr_at_3_std": -0.06747816857856709,
        "nauc_mrr_at_5_diff1": 0.1222123122342522,
        "nauc_mrr_at_5_max": -0.04969513130863857,
        "nauc_mrr_at_5_std": -0.060270439987257673,
        "nauc_ndcg_at_1000_diff1": 0.14068557546809052,
        "nauc_ndcg_at_1000_max": -0.0370864267187553,
        "nauc_ndcg_at_1000_std": -0.04904744227407988,
        "nauc_ndcg_at_100_diff1": 0.14198447348145682,
        "nauc_ndcg_at_100_max": -0.03323241068532144,
        "nauc_ndcg_at_100_std": -0.04514714710742282,
        "nauc_ndcg_at_10_diff1": 0.13542659615799557,
        "nauc_ndcg_at_10_max": -0.02971262573918144,
        "nauc_ndcg_at_10_std": -0.035404104669180654,
        "nauc_ndcg_at_1_diff1": 0.17929675449501287,
        "nauc_ndcg_at_1_max": -0.06430790534061537,
        "nauc_ndcg_at_1_std": -0.0938548992168163,
        "nauc_ndcg_at_20_diff1": 0.1402463340814012,
        "nauc_ndcg_at_20_max": -0.028771052017023752,
        "nauc_ndcg_at_20_std": -0.03255727723069486,
        "nauc_ndcg_at_3_diff1": 0.12432919392728267,
        "nauc_ndcg_at_3_max": -0.04029723486047977,
        "nauc_ndcg_at_3_std": -0.06456537912507028,
        "nauc_ndcg_at_5_diff1": 0.12829747717469006,
        "nauc_ndcg_at_5_max": -0.027500075025393155,
        "nauc_ndcg_at_5_std": -0.04715551888252481,
        "nauc_precision_at_1000_diff1": -0.009725272355081157,
        "nauc_precision_at_1000_max": 0.34439879624882147,
        "nauc_precision_at_1000_std": 0.6144785819425606,
        "nauc_precision_at_100_diff1": 0.23919591955172112,
        "nauc_precision_at_100_max": 0.47147577691479436,
        "nauc_precision_at_100_std": 0.5557674419457861,
        "nauc_precision_at_10_diff1": 0.103488585977357,
        "nauc_precision_at_10_max": 0.05792887654693672,
        "nauc_precision_at_10_std": 0.12185526324143155,
        "nauc_precision_at_1_diff1": 0.17929675449501287,
        "nauc_precision_at_1_max": -0.06430790534061537,
        "nauc_precision_at_1_std": -0.0938548992168163,
        "nauc_precision_at_20_diff1": 0.14119810400301455,
        "nauc_precision_at_20_max": 0.1815495048144455,
        "nauc_precision_at_20_std": 0.35358857939195165,
        "nauc_precision_at_3_diff1": 0.08641246578760171,
        "nauc_precision_at_3_max": -0.019659962707195895,
        "nauc_precision_at_3_std": -0.046788181904566906,
        "nauc_precision_at_5_diff1": 0.08853027922656584,
        "nauc_precision_at_5_max": 0.027365221977733865,
        "nauc_precision_at_5_std": 0.012192158792921483,
        "nauc_recall_at_1000_diff1": -0.00972527235511261,
        "nauc_recall_at_1000_max": 0.3443987962487738,
        "nauc_recall_at_1000_std": 0.614478581942504,
        "nauc_recall_at_100_diff1": 0.23919591955172453,
        "nauc_recall_at_100_max": 0.4714757769147841,
        "nauc_recall_at_100_std": 0.5557674419457711,
        "nauc_recall_at_10_diff1": 0.10348858597735909,
        "nauc_recall_at_10_max": 0.05792887654693752,
        "nauc_recall_at_10_std": 0.12185526324143267,
        "nauc_recall_at_1_diff1": 0.17929675449501287,
        "nauc_recall_at_1_max": -0.06430790534061537,
        "nauc_recall_at_1_std": -0.0938548992168163,
        "nauc_recall_at_20_diff1": 0.14119810400301616,
        "nauc_recall_at_20_max": 0.18154950481444715,
        "nauc_recall_at_20_std": 0.3535885793919503,
        "nauc_recall_at_3_diff1": 0.08641246578760138,
        "nauc_recall_at_3_max": -0.019659962707196336,
        "nauc_recall_at_3_std": -0.046788181904567905,
        "nauc_recall_at_5_diff1": 0.08853027922656566,
        "nauc_recall_at_5_max": 0.027365221977733584,
        "nauc_recall_at_5_std": 0.012192158792921477,
        "ndcg_at_1": 0.35775,
        "ndcg_at_10": 0.59499,
        "ndcg_at_100": 0.62545,
        "ndcg_at_1000": 0.62708,
        "ndcg_at_20": 0.61604,
        "ndcg_at_3": 0.5056,
        "ndcg_at_5": 0.55176,
        "precision_at_1": 0.35775,
        "precision_at_10": 0.08542,
        "precision_at_100": 0.00984,
        "precision_at_1000": 0.001,
        "precision_at_20": 0.0468,
        "precision_at_3": 0.20341,
        "precision_at_5": 0.14438,
        "recall_at_1": 0.35775,
        "recall_at_10": 0.8542,
        "recall_at_100": 0.98435,
        "recall_at_1000": 0.99644,
        "recall_at_20": 0.93599,
        "recall_at_3": 0.61024,
        "recall_at_5": 0.72191
      }
    ]
  },
  "task_name": "ArguAna"
}