{
  "dataset_revision": "2000358ca161889fa9c082cb41daa8dcfb161a54",
  "evaluation_time": 0.8329365253448486,
  "kg_co2_emissions": null,
  "mteb_version": "1.14.12",
  "scores": {
    "test": [
      {
        "hf_subset": "default",
        "languages": [
          "eng-Latn"
        ],
        "main_score": 0.625831667865292,
        "map": 0.625831667865292,
        "mrr": 0.7442169019038825,
        "nAUC_map_diff1": 0.1113952465436444,
        "nAUC_map_max": 0.2941176699554918,
        "nAUC_map_std": 0.1686259387334062,
        "nAUC_mrr_diff1": 0.22142878687668113,
        "nAUC_mrr_max": 0.4187751125363641,
        "nAUC_mrr_std": 0.2234623959435774
      }
    ]
  },
  "task_name": "AskUbuntuDupQuestions"
}