{
  "dataset_revision": "46989137a86843e03a6195de44b09deda022eec7",
  "evaluation_time": 134.1088900566101,
  "kg_co2_emissions": null,
  "mteb_version": "1.14.12",
  "scores": {
    "test": [
      {
        "hf_subset": "default",
        "languages": [
          "eng-Latn"
        ],
        "main_score": 0.25784,
        "map_at_1": 0.1493,
        "map_at_10": 0.21342,
        "map_at_100": 0.22425,
        "map_at_1000": 0.22555,
        "map_at_20": 0.21904,
        "map_at_3": 0.19124,
        "map_at_5": 0.20179,
        "mrr_at_1": 0.17962835512732278,
        "mrr_at_10": 0.24799443406635438,
        "mrr_at_100": 0.2574172865301847,
        "mrr_at_1000": 0.2582525722935809,
        "mrr_at_20": 0.25317508529925126,
        "mrr_at_3": 0.22602661160816714,
        "mrr_at_5": 0.23746845606790581,
        "nauc_map_at_1000_diff1": 0.3674463527025389,
        "nauc_map_at_1000_max": 0.31720964030545384,
        "nauc_map_at_1000_std": 0.02951710802729868,
        "nauc_map_at_100_diff1": 0.367274975004133,
        "nauc_map_at_100_max": 0.3169989844562668,
        "nauc_map_at_100_std": 0.029424515492953017,
        "nauc_map_at_10_diff1": 0.37352079636345215,
        "nauc_map_at_10_max": 0.31533252795142164,
        "nauc_map_at_10_std": 0.022226889481151542,
        "nauc_map_at_1_diff1": 0.4504287105969142,
        "nauc_map_at_1_max": 0.31107646567769753,
        "nauc_map_at_1_std": 0.002384513266232949,
        "nauc_map_at_20_diff1": 0.36786284938747044,
        "nauc_map_at_20_max": 0.3159749233647477,
        "nauc_map_at_20_std": 0.02548706664373439,
        "nauc_map_at_3_diff1": 0.3945900762171648,
        "nauc_map_at_3_max": 0.3221740632624931,
        "nauc_map_at_3_std": 0.012599781896448552,
        "nauc_map_at_5_diff1": 0.38425492104586906,
        "nauc_map_at_5_max": 0.3181776026764873,
        "nauc_map_at_5_std": 0.014839670889461448,
        "nauc_mrr_at_1000_diff1": 0.355606186363102,
        "nauc_mrr_at_1000_max": 0.32086956179607884,
        "nauc_mrr_at_1000_std": 0.03021877131385838,
        "nauc_mrr_at_100_diff1": 0.35533082046268205,
        "nauc_mrr_at_100_max": 0.32089082038975364,
        "nauc_mrr_at_100_std": 0.030422859733230313,
        "nauc_mrr_at_10_diff1": 0.3594517956671254,
        "nauc_mrr_at_10_max": 0.32054484188680926,
        "nauc_mrr_at_10_std": 0.0250401199129915,
        "nauc_mrr_at_1_diff1": 0.4341900232676594,
        "nauc_mrr_at_1_max": 0.3232071682953493,
        "nauc_mrr_at_1_std": 0.004153441749417647,
        "nauc_mrr_at_20_diff1": 0.3552841390947279,
        "nauc_mrr_at_20_max": 0.3200037023652175,
        "nauc_mrr_at_20_std": 0.02770456943448112,
        "nauc_mrr_at_3_diff1": 0.3762526774773993,
        "nauc_mrr_at_3_max": 0.3276174291008589,
        "nauc_mrr_at_3_std": 0.016509701951687564,
        "nauc_mrr_at_5_diff1": 0.36835262824054793,
        "nauc_mrr_at_5_max": 0.3245425708122429,
        "nauc_mrr_at_5_std": 0.020841014098923173,
        "nauc_ndcg_at_1000_diff1": 0.32176827473123354,
        "nauc_ndcg_at_1000_max": 0.3177431329717843,
        "nauc_ndcg_at_1000_std": 0.06987852108269285,
        "nauc_ndcg_at_100_diff1": 0.3165822641269628,
        "nauc_ndcg_at_100_max": 0.31534165157466587,
        "nauc_ndcg_at_100_std": 0.06910680767127525,
        "nauc_ndcg_at_10_diff1": 0.3366226629765573,
        "nauc_ndcg_at_10_max": 0.30980513748822874,
        "nauc_ndcg_at_10_std": 0.03390785509772537,
        "nauc_ndcg_at_1_diff1": 0.4341900232676594,
        "nauc_ndcg_at_1_max": 0.3232071682953493,
        "nauc_ndcg_at_1_std": 0.004153441749417647,
        "nauc_ndcg_at_20_diff1": 0.31942271136515854,
        "nauc_ndcg_at_20_max": 0.31013655328179274,
        "nauc_ndcg_at_20_std": 0.04467039197621567,
        "nauc_ndcg_at_3_diff1": 0.3725086315370396,
        "nauc_ndcg_at_3_max": 0.32871932711666296,
        "nauc_ndcg_at_3_std": 0.014886049907242497,
        "nauc_ndcg_at_5_diff1": 0.3584468188093758,
        "nauc_ndcg_at_5_max": 0.31956146942688896,
        "nauc_ndcg_at_5_std": 0.020459143328802245,
        "nauc_precision_at_1000_diff1": 0.02346996193359662,
        "nauc_precision_at_1000_max": 0.18464774735977274,
        "nauc_precision_at_1000_std": 0.1270427845590427,
        "nauc_precision_at_100_diff1": 0.08249565622165145,
        "nauc_precision_at_100_max": 0.2477437753584317,
        "nauc_precision_at_100_std": 0.16451847104775374,
        "nauc_precision_at_10_diff1": 0.20064195736972412,
        "nauc_precision_at_10_max": 0.2913507987292945,
        "nauc_precision_at_10_std": 0.07548644642215563,
        "nauc_precision_at_1_diff1": 0.4341900232676594,
        "nauc_precision_at_1_max": 0.3232071682953493,
        "nauc_precision_at_1_std": 0.004153441749417647,
        "nauc_precision_at_20_diff1": 0.13750463544488936,
        "nauc_precision_at_20_max": 0.2746474177644382,
        "nauc_precision_at_20_std": 0.09659029349768063,
        "nauc_precision_at_3_diff1": 0.30866241196794075,
        "nauc_precision_at_3_max": 0.3430410303435317,
        "nauc_precision_at_3_std": 0.023884891105089744,
        "nauc_precision_at_5_diff1": 0.2714409249626752,
        "nauc_precision_at_5_max": 0.33147178805455335,
        "nauc_precision_at_5_std": 0.03633306595228505,
        "nauc_recall_at_1000_diff1": 0.09776006275009616,
        "nauc_recall_at_1000_max": 0.2706335014372255,
        "nauc_recall_at_1000_std": 0.32839881269061405,
        "nauc_recall_at_100_diff1": 0.14738760302884377,
        "nauc_recall_at_100_max": 0.27251218339812316,
        "nauc_recall_at_100_std": 0.2068175930642892,
        "nauc_recall_at_10_diff1": 0.23571581990939872,
        "nauc_recall_at_10_max": 0.2640189553659133,
        "nauc_recall_at_10_std": 0.054338159028056485,
        "nauc_recall_at_1_diff1": 0.4504287105969142,
        "nauc_recall_at_1_max": 0.31107646567769753,
        "nauc_recall_at_1_std": 0.002384513266232949,
        "nauc_recall_at_20_diff1": 0.1790606981867994,
        "nauc_recall_at_20_max": 0.2624346643897652,
        "nauc_recall_at_20_std": 0.08886528900320452,
        "nauc_recall_at_3_diff1": 0.3262577612317461,
        "nauc_recall_at_3_max": 0.3127327991380112,
        "nauc_recall_at_3_std": 0.019767499589630977,
        "nauc_recall_at_5_diff1": 0.29455425793505785,
        "nauc_recall_at_5_max": 0.29298805171950604,
        "nauc_recall_at_5_std": 0.02904632893739801,
        "ndcg_at_1": 0.17963,
        "ndcg_at_10": 0.25784,
        "ndcg_at_100": 0.31125,
        "ndcg_at_1000": 0.34218,
        "ndcg_at_20": 0.27661,
        "ndcg_at_3": 0.21603,
        "ndcg_at_5": 0.23268,
        "precision_at_1": 0.17963,
        "precision_at_10": 0.04845,
        "precision_at_100": 0.00885,
        "precision_at_1000": 0.00132,
        "precision_at_20": 0.02959,
        "precision_at_3": 0.10243,
        "precision_at_5": 0.07412,
        "recall_at_1": 0.1493,
        "recall_at_10": 0.35726,
        "recall_at_100": 0.60034,
        "recall_at_1000": 0.82198,
        "recall_at_20": 0.42723,
        "recall_at_3": 0.24029,
        "recall_at_5": 0.28379
      }
    ]
  },
  "task_name": "CQADupstackTexRetrieval"
}