{
  "dataset_revision": "ec0fa4fe99da2ff19ca1214b7966684033a58814",
  "evaluation_time": 9.049286365509033,
  "kg_co2_emissions": null,
  "mteb_version": "1.14.12",
  "scores": {
    "test": [
      {
        "hf_subset": "default",
        "languages": [
          "eng-Latn"
        ],
        "main_score": 0.33708,
        "map_at_1": 0.05749,
        "map_at_10": 0.12356,
        "map_at_100": 0.15679,
        "map_at_1000": 0.1709,
        "map_at_20": 0.13898,
        "map_at_3": 0.09123,
        "map_at_5": 0.10686,
        "mrr_at_1": 0.43034055727554177,
        "mrr_at_10": 0.5283564302914148,
        "mrr_at_100": 0.5344777093512821,
        "mrr_at_1000": 0.5349708817164386,
        "mrr_at_20": 0.532641881634252,
        "mrr_at_3": 0.5103199174406606,
        "mrr_at_5": 0.5219298245614036,
        "nauc_map_at_1000_diff1": 0.190164882930567,
        "nauc_map_at_1000_max": 0.3203373761169346,
        "nauc_map_at_1000_std": 0.1940329367965282,
        "nauc_map_at_100_diff1": 0.20327843178406904,
        "nauc_map_at_100_max": 0.3073948136254708,
        "nauc_map_at_100_std": 0.15759804304353708,
        "nauc_map_at_10_diff1": 0.2466797241285404,
        "nauc_map_at_10_max": 0.24553951145901678,
        "nauc_map_at_10_std": 0.04392342934464362,
        "nauc_map_at_1_diff1": 0.4339118956736742,
        "nauc_map_at_1_max": 0.15267361517266306,
        "nauc_map_at_1_std": -0.04870568153063535,
        "nauc_map_at_20_diff1": 0.22284206391886197,
        "nauc_map_at_20_max": 0.271855675134899,
        "nauc_map_at_20_std": 0.09178430970105121,
        "nauc_map_at_3_diff1": 0.31769872722547443,
        "nauc_map_at_3_max": 0.1976789310910087,
        "nauc_map_at_3_std": -0.0386740639878067,
        "nauc_map_at_5_diff1": 0.2909674376688954,
        "nauc_map_at_5_max": 0.21620519300204044,
        "nauc_map_at_5_std": -0.011045046380004406,
        "nauc_mrr_at_1000_diff1": 0.26271777358450654,
        "nauc_mrr_at_1000_max": 0.46166126692670745,
        "nauc_mrr_at_1000_std": 0.2837671268820808,
        "nauc_mrr_at_100_diff1": 0.2625586174171084,
        "nauc_mrr_at_100_max": 0.4621082095082201,
        "nauc_mrr_at_100_std": 0.2840974153044903,
        "nauc_mrr_at_10_diff1": 0.2630640885352799,
        "nauc_mrr_at_10_max": 0.45969605904481053,
        "nauc_mrr_at_10_std": 0.28103770705386216,
        "nauc_mrr_at_1_diff1": 0.2895013370430301,
        "nauc_mrr_at_1_max": 0.3912159092797309,
        "nauc_mrr_at_1_std": 0.18917937858994055,
        "nauc_mrr_at_20_diff1": 0.26321339025872525,
        "nauc_mrr_at_20_max": 0.45973338525328933,
        "nauc_mrr_at_20_std": 0.28364322851950824,
        "nauc_mrr_at_3_diff1": 0.2631934986068688,
        "nauc_mrr_at_3_max": 0.45713163401273565,
        "nauc_mrr_at_3_std": 0.26639261319496127,
        "nauc_mrr_at_5_diff1": 0.25975228598365846,
        "nauc_mrr_at_5_max": 0.45758720493462757,
        "nauc_mrr_at_5_std": 0.27472392569289644,
        "nauc_ndcg_at_1000_diff1": 0.18908662099361503,
        "nauc_ndcg_at_1000_max": 0.46962851343429457,
        "nauc_ndcg_at_1000_std": 0.36331067455509847,
        "nauc_ndcg_at_100_diff1": 0.18382212381519772,
        "nauc_ndcg_at_100_max": 0.4285766570622934,
        "nauc_ndcg_at_100_std": 0.31381688764910287,
        "nauc_ndcg_at_10_diff1": 0.16028675549654747,
        "nauc_ndcg_at_10_max": 0.39399112005506826,
        "nauc_ndcg_at_10_std": 0.29266944834669717,
        "nauc_ndcg_at_1_diff1": 0.2967934302027539,
        "nauc_ndcg_at_1_max": 0.38231807492535513,
        "nauc_ndcg_at_1_std": 0.19041561179464253,
        "nauc_ndcg_at_20_diff1": 0.16470435764848756,
        "nauc_ndcg_at_20_max": 0.39888615747014455,
        "nauc_ndcg_at_20_std": 0.301542641099918,
        "nauc_ndcg_at_3_diff1": 0.19204720518779075,
        "nauc_ndcg_at_3_max": 0.40706633389697316,
        "nauc_ndcg_at_3_std": 0.23714139488924252,
        "nauc_ndcg_at_5_diff1": 0.18068406474730472,
        "nauc_ndcg_at_5_max": 0.4053055946977045,
        "nauc_ndcg_at_5_std": 0.25557991472299174,
        "nauc_precision_at_1000_diff1": -0.13764508363637296,
        "nauc_precision_at_1000_max": 0.13478249340850634,
        "nauc_precision_at_1000_std": 0.3583497453554324,
        "nauc_precision_at_100_diff1": -0.10582005378786402,
        "nauc_precision_at_100_max": 0.27298719953010336,
        "nauc_precision_at_100_std": 0.47843198409668125,
        "nauc_precision_at_10_diff1": -0.015505942230278758,
        "nauc_precision_at_10_max": 0.3739892515846872,
        "nauc_precision_at_10_std": 0.388733975059748,
        "nauc_precision_at_1_diff1": 0.2895013370430301,
        "nauc_precision_at_1_max": 0.3912159092797309,
        "nauc_precision_at_1_std": 0.18917937858994055,
        "nauc_precision_at_20_diff1": -0.053654392911993615,
        "nauc_precision_at_20_max": 0.35462833672830796,
        "nauc_precision_at_20_std": 0.428096137749156,
        "nauc_precision_at_3_diff1": 0.09030952140284072,
        "nauc_precision_at_3_max": 0.42042915090342875,
        "nauc_precision_at_3_std": 0.27442261097091036,
        "nauc_precision_at_5_diff1": 0.04909803419894498,
        "nauc_precision_at_5_max": 0.4081573633661241,
        "nauc_precision_at_5_std": 0.3079429190018819,
        "nauc_recall_at_1000_diff1": 0.09938558210456411,
        "nauc_recall_at_1000_max": 0.21309660889622098,
        "nauc_recall_at_1000_std": 0.2378657599257796,
        "nauc_recall_at_100_diff1": 0.13348909512681273,
        "nauc_recall_at_100_max": 0.28878250324142896,
        "nauc_recall_at_100_std": 0.22205700915857032,
        "nauc_recall_at_10_diff1": 0.21345220823390976,
        "nauc_recall_at_10_max": 0.2310526037097479,
        "nauc_recall_at_10_std": 0.058023721256190076,
        "nauc_recall_at_1_diff1": 0.4339118956736742,
        "nauc_recall_at_1_max": 0.15267361517266306,
        "nauc_recall_at_1_std": -0.04870568153063535,
        "nauc_recall_at_20_diff1": 0.19251917936990223,
        "nauc_recall_at_20_max": 0.24146776514893908,
        "nauc_recall_at_20_std": 0.11323537143757369,
        "nauc_recall_at_3_diff1": 0.2898796949851821,
        "nauc_recall_at_3_max": 0.18030778887215818,
        "nauc_recall_at_3_std": -0.05024766336289876,
        "nauc_recall_at_5_diff1": 0.25670922978499616,
        "nauc_recall_at_5_max": 0.19425151435697763,
        "nauc_recall_at_5_std": -0.008231807479869992,
        "ndcg_at_1": 0.41796,
        "ndcg_at_10": 0.33708,
        "ndcg_at_100": 0.30715,
        "ndcg_at_1000": 0.39667,
        "ndcg_at_20": 0.31886,
        "ndcg_at_3": 0.39437,
        "ndcg_at_5": 0.37242,
        "precision_at_1": 0.43034,
        "precision_at_10": 0.25046,
        "precision_at_100": 0.07749,
        "precision_at_1000": 0.02063,
        "precision_at_20": 0.18947,
        "precision_at_3": 0.37255,
        "precision_at_5": 0.32384,
        "recall_at_1": 0.05749,
        "recall_at_10": 0.15822,
        "recall_at_100": 0.30581,
        "recall_at_1000": 0.63332,
        "recall_at_20": 0.20214,
        "recall_at_3": 0.10158,
        "recall_at_5": 0.12795
      }
    ]
  },
  "task_name": "NFCorpus"
}