{
  "dataset_revision": "e4e08e0b7dbe3c8700f0daef558ff32256715259",
  "evaluation_time": 181.91527152061462,
  "kg_co2_emissions": null,
  "mteb_version": "1.14.12",
  "scores": {
    "dev": [
      {
        "hf_subset": "default",
        "languages": [
          "eng-Latn"
        ],
        "main_score": 0.88429,
        "map_at_1": 0.70315,
        "map_at_10": 0.84713,
        "map_at_100": 0.85262,
        "map_at_1000": 0.85278,
        "map_at_20": 0.85092,
        "map_at_3": 0.81815,
        "map_at_5": 0.83618,
        "mrr_at_1": 0.811,
        "mrr_at_10": 0.8754553968253976,
        "mrr_at_100": 0.8763984256658396,
        "mrr_at_1000": 0.8764096450837531,
        "mrr_at_20": 0.8761004119324096,
        "mrr_at_3": 0.8663000000000018,
        "mrr_at_5": 0.8725200000000009,
        "nauc_map_at_1000_diff1": 0.7605152762865502,
        "nauc_map_at_1000_max": 0.32822234703453806,
        "nauc_map_at_1000_std": -0.4746393232462048,
        "nauc_map_at_100_diff1": 0.7605917505932085,
        "nauc_map_at_100_max": 0.3279958420442044,
        "nauc_map_at_100_std": -0.4755726504803556,
        "nauc_map_at_10_diff1": 0.7628286362256451,
        "nauc_map_at_10_max": 0.32488986977281226,
        "nauc_map_at_10_std": -0.4911980511531185,
        "nauc_map_at_1_diff1": 0.8007281427852504,
        "nauc_map_at_1_max": 0.22259541704696945,
        "nauc_map_at_1_std": -0.43576629463300753,
        "nauc_map_at_20_diff1": 0.761575545305844,
        "nauc_map_at_20_max": 0.32654998050008704,
        "nauc_map_at_20_std": -0.4817897698941507,
        "nauc_map_at_3_diff1": 0.7669354729560597,
        "nauc_map_at_3_max": 0.3059067546196933,
        "nauc_map_at_3_std": -0.507352021532971,
        "nauc_map_at_5_diff1": 0.7639207320837936,
        "nauc_map_at_5_max": 0.31499070632692683,
        "nauc_map_at_5_std": -0.5031362432622883,
        "nauc_mrr_at_1000_diff1": 0.7646691795491798,
        "nauc_mrr_at_1000_max": 0.3568643768615596,
        "nauc_mrr_at_1000_std": -0.4266027947038414,
        "nauc_mrr_at_100_diff1": 0.7646738583595463,
        "nauc_mrr_at_100_max": 0.3569004117075931,
        "nauc_mrr_at_100_std": -0.42657820839106886,
        "nauc_mrr_at_10_diff1": 0.7646953563008152,
        "nauc_mrr_at_10_max": 0.3578579627205087,
        "nauc_mrr_at_10_std": -0.427222836440983,
        "nauc_mrr_at_1_diff1": 0.7720860817334269,
        "nauc_mrr_at_1_max": 0.34264341252586067,
        "nauc_mrr_at_1_std": -0.4091261798598653,
        "nauc_mrr_at_20_diff1": 0.7648006255531872,
        "nauc_mrr_at_20_max": 0.3571040864251525,
        "nauc_mrr_at_20_std": -0.4271923153247331,
        "nauc_mrr_at_3_diff1": 0.7617875767149263,
        "nauc_mrr_at_3_max": 0.35921677945893343,
        "nauc_mrr_at_3_std": -0.4260190304854288,
        "nauc_mrr_at_5_diff1": 0.7631709831824371,
        "nauc_mrr_at_5_max": 0.3585824845043488,
        "nauc_mrr_at_5_std": -0.42958969846348855,
        "nauc_ndcg_at_1000_diff1": 0.7593937423575816,
        "nauc_ndcg_at_1000_max": 0.3435400489305988,
        "nauc_ndcg_at_1000_std": -0.45147512603375733,
        "nauc_ndcg_at_100_diff1": 0.7596416415442943,
        "nauc_ndcg_at_100_max": 0.3429283708985643,
        "nauc_ndcg_at_100_std": -0.4560580091532106,
        "nauc_ndcg_at_10_diff1": 0.7625587866384274,
        "nauc_ndcg_at_10_max": 0.3419773749674652,
        "nauc_ndcg_at_10_std": -0.4852249919433835,
        "nauc_ndcg_at_1_diff1": 0.7724565226994947,
        "nauc_ndcg_at_1_max": 0.3421148680061342,
        "nauc_ndcg_at_1_std": -0.4100229719183019,
        "nauc_ndcg_at_20_diff1": 0.7623566892808451,
        "nauc_ndcg_at_20_max": 0.34041578216933466,
        "nauc_ndcg_at_20_std": -0.4740354387636974,
        "nauc_ndcg_at_3_diff1": 0.7539426983108583,
        "nauc_ndcg_at_3_max": 0.3403191169367902,
        "nauc_ndcg_at_3_std": -0.4835021161051963,
        "nauc_ndcg_at_5_diff1": 0.7581056470125545,
        "nauc_ndcg_at_5_max": 0.33616068214297984,
        "nauc_ndcg_at_5_std": -0.49472715195284345,
        "nauc_precision_at_1000_diff1": -0.4414241930522162,
        "nauc_precision_at_1000_max": -0.022786860964577594,
        "nauc_precision_at_1000_std": 0.41838496507878625,
        "nauc_precision_at_100_diff1": -0.43457314919266204,
        "nauc_precision_at_100_max": -0.01821421500692925,
        "nauc_precision_at_100_std": 0.39007328699789917,
        "nauc_precision_at_10_diff1": -0.3779538914738862,
        "nauc_precision_at_10_max": 0.02355715341619169,
        "nauc_precision_at_10_std": 0.26842248513359873,
        "nauc_precision_at_1_diff1": 0.7724565226994947,
        "nauc_precision_at_1_max": 0.3421148680061342,
        "nauc_precision_at_1_std": -0.4100229719183019,
        "nauc_precision_at_20_diff1": -0.40919021233368286,
        "nauc_precision_at_20_max": -0.0026017064710578157,
        "nauc_precision_at_20_std": 0.3238865585414302,
        "nauc_precision_at_3_diff1": -0.193177447460558,
        "nauc_precision_at_3_max": 0.11887957080472852,
        "nauc_precision_at_3_std": 0.0758197983385748,
        "nauc_precision_at_5_diff1": -0.3095273662915743,
        "nauc_precision_at_5_max": 0.058193284767078295,
        "nauc_precision_at_5_std": 0.18050489469012315,
        "nauc_recall_at_1000_diff1": 0.8117359413202457,
        "nauc_recall_at_1000_max": 0.8301893210423795,
        "nauc_recall_at_1000_std": 0.31034656731541943,
        "nauc_recall_at_100_diff1": 0.7298526110412183,
        "nauc_recall_at_100_max": 0.3724265338878531,
        "nauc_recall_at_100_std": -0.6447567456667387,
        "nauc_recall_at_10_diff1": 0.738995252491183,
        "nauc_recall_at_10_max": 0.332105949661406,
        "nauc_recall_at_10_std": -0.6906526535352016,
        "nauc_recall_at_1_diff1": 0.8007281427852504,
        "nauc_recall_at_1_max": 0.22259541704696945,
        "nauc_recall_at_1_std": -0.43576629463300753,
        "nauc_recall_at_20_diff1": 0.7625405611438572,
        "nauc_recall_at_20_max": 0.334179480897403,
        "nauc_recall_at_20_std": -0.7303806402614926,
        "nauc_recall_at_3_diff1": 0.7268776784348807,
        "nauc_recall_at_3_max": 0.2991637363823963,
        "nauc_recall_at_3_std": -0.5737733417521353,
        "nauc_recall_at_5_diff1": 0.714311124832189,
        "nauc_recall_at_5_max": 0.2959434787573582,
        "nauc_recall_at_5_std": -0.630630567091761,
        "ndcg_at_1": 0.8108,
        "ndcg_at_10": 0.88429,
        "ndcg_at_100": 0.89529,
        "ndcg_at_1000": 0.89636,
        "ndcg_at_20": 0.89042,
        "ndcg_at_3": 0.85678,
        "ndcg_at_5": 0.87151,
        "precision_at_1": 0.8108,
        "precision_at_10": 0.13384,
        "precision_at_100": 0.01489,
        "precision_at_1000": 0.00152,
        "precision_at_20": 0.07051,
        "precision_at_3": 0.37727,
        "precision_at_5": 0.24676,
        "recall_at_1": 0.70315,
        "recall_at_10": 0.95772,
        "recall_at_100": 0.99491,
        "recall_at_1000": 0.99985,
        "recall_at_20": 0.97673,
        "recall_at_3": 0.87745,
        "recall_at_5": 0.92074
      }
    ],
    "test": [
      {
        "hf_subset": "default",
        "languages": [
          "eng-Latn"
        ],
        "main_score": 0.88784,
        "map_at_1": 0.71228,
        "map_at_10": 0.85121,
        "map_at_100": 0.85726,
        "map_at_1000": 0.85743,
        "map_at_20": 0.85525,
        "map_at_3": 0.82161,
        "map_at_5": 0.84033,
        "mrr_at_1": 0.82,
        "mrr_at_10": 0.880243611111109,
        "mrr_at_100": 0.8811073165462718,
        "mrr_at_1000": 0.8811147163635676,
        "mrr_at_20": 0.8808560090416954,
        "mrr_at_3": 0.8707666666666646,
        "mrr_at_5": 0.8773866666666635,
        "nauc_map_at_1000_diff1": 0.7632491719517364,
        "nauc_map_at_1000_max": 0.35807246616924,
        "nauc_map_at_1000_std": -0.49304696092517897,
        "nauc_map_at_100_diff1": 0.7632968805166523,
        "nauc_map_at_100_max": 0.35767361621449895,