{
  "dataset_revision": "20a6d6f312dd54037fe07a32d58e5e168867909d",
  "evaluation_time": 1.458045482635498,
  "kg_co2_emissions": null,
  "mteb_version": "1.14.12",
  "scores": {
    "test": [
      {
        "cosine_pearson": 0.8322343434138655,
        "cosine_spearman": 0.7940992284178754,
        "euclidean_pearson": 0.8044201672113025,
        "euclidean_spearman": 0.7940992733480298,
        "hf_subset": "default",
        "languages": [
          "eng-Latn"
        ],
        "main_score": 0.7940992284178754,
        "manhattan_pearson": 0.8040198422375369,
        "manhattan_spearman": 0.7933356948961401,
        "pearson": [
          0.8322343459726359,
          0.0
        ],
        "spearman": [
          0.7940994029859554,
          0.0
        ]
      }
    ]
  },
  "task_name": "SICK-R"
}