{
  "dataset_revision": "d66bd1f72af766a5cc4b0ca5e00c162f89e8cc46",
  "evaluation_time": 18.70299506187439,
  "kg_co2_emissions": null,
  "mteb_version": "1.14.12",
  "scores": {
    "test": [
      {
        "cosine_accuracy": 0.9985841584158416,
        "cosine_accuracy_threshold": 0.8360230326652527,
        "cosine_ap": 0.9667083010694518,
        "cosine_f1": 0.9283208020050125,
        "cosine_f1_threshold": 0.8322619199752808,
        "cosine_precision": 0.9306532663316583,
        "cosine_recall": 0.926,
        "dot_accuracy": 0.9985841584158416,
        "dot_accuracy_threshold": 0.8360230326652527,
        "dot_ap": 0.9667083203864043,
        "dot_f1": 0.9283208020050125,
        "dot_f1_threshold": 0.8322619199752808,
        "dot_precision": 0.9306532663316583,
        "dot_recall": 0.926,
        "euclidean_accuracy": 0.9985841584158416,
        "euclidean_accuracy_threshold": 0.5726726055145264,
        "euclidean_ap": 0.9667083010694518,
        "euclidean_f1": 0.9283208020050125,
        "euclidean_f1_threshold": 0.5792030096054077,
        "euclidean_precision": 0.9306532663316583,
        "euclidean_recall": 0.926,
        "hf_subset": "default",
        "languages": [
          "eng-Latn"
        ],
        "main_score": 0.9667083203864043,
        "manhattan_accuracy": 0.9986336633663366,
        "manhattan_accuracy_threshold": 8.816808700561523,
        "manhattan_ap": 0.9663861677758173,
        "manhattan_f1": 0.929735234215886,
        "manhattan_f1_threshold": 8.816808700561523,
        "manhattan_precision": 0.9470954356846473,
        "manhattan_recall": 0.913,
        "max_accuracy": 0.9986336633663366,
        "max_ap": 0.9667083203864043,
        "max_f1": 0.929735234215886,
        "max_precision": 0.9470954356846473,
        "max_recall": 0.926,
        "similarity_accuracy": 0.9985841584158416,
        "similarity_accuracy_threshold": 0.8360230922698975,
        "similarity_ap": 0.9667083010694517,
        "similarity_f1": 0.9283208020050125,
        "similarity_f1_threshold": 0.8322619199752808,
        "similarity_precision": 0.9306532663316583,
        "similarity_recall": 0.926
      }
    ],
    "validation": [
      {
        "cosine_accuracy": 0.9983861386138614,
        "cosine_accuracy_threshold": 0.834404468536377,
        "cosine_ap": 0.9656347862244642,
        "cosine_f1": 0.9178013111447302,
        "cosine_f1_threshold": 0.834404468536377,
        "cosine_precision": 0.9257375381485249,
        "cosine_recall": 0.91,
        "dot_accuracy": 0.9983861386138614,
        "dot_accuracy_threshold": 0.8344045877456665,
        "dot_ap": 0.9656347862244641,
        "dot_f1": 0.9178013111447302,
        "dot_f1_threshold": 0.8344045877456665,
        "dot_precision": 0.9257375381485249,
        "dot_recall": 0.91,
        "euclidean_accuracy": 0.9983861386138614,
        "euclidean_accuracy_threshold": 0.5754919648170471,
        "euclidean_ap": 0.9656347887024852,
        "euclidean_f1": 0.9178013111447302,
        "euclidean_f1_threshold": 0.5754919648170471,
        "euclidean_precision": 0.9257375381485249,
        "euclidean_recall": 0.91,
        "hf_subset": "default",
        "languages": [
          "eng-Latn"
        ],
        "main_score": 0.96575371338954,
        "manhattan_accuracy": 0.9983762376237624,
        "manhattan_accuracy_threshold": 8.970849990844727,
        "manhattan_ap": 0.96575371338954,
        "manhattan_f1": 0.917087967644085,
        "manhattan_f1_threshold": 8.974115371704102,
        "manhattan_precision": 0.9274028629856851,
        "manhattan_recall": 0.907,
        "max_accuracy": 0.9983861386138614,
        "max_ap": 0.96575371338954,
        "max_f1": 0.9178013111447302,
        "max_precision": 0.9274028629856851,
        "max_recall": 0.91,
        "similarity_accuracy": 0.9983861386138614,
        "similarity_accuracy_threshold": 0.8344045281410217,
        "similarity_ap": 0.9656347887024851,
        "similarity_f1": 0.9178013111447302,
        "similarity_f1_threshold": 0.8344045281410217,
        "similarity_precision": 0.9257375381485249,
        "similarity_recall": 0.91
      }
    ]
  },
  "task_name": "SprintDuplicateQuestions"
}