{
  "dataset_revision": "e185fbe320c72810689fc5848eb6114e1ef5ec69",
  "evaluation_time": 8.180305242538452,
  "kg_co2_emissions": null,
  "mteb_version": "1.14.12",
  "scores": {
    "test": [
      {
        "hf_subset": "default",
        "languages": [
          "eng-Latn"
        ],
        "main_score": 0.5362796398027542,
        "map": 0.5362796398027542,
        "mrr": 0.5452225776674305,
        "nAUC_map_diff1": 0.38851870410687,
        "nAUC_map_max": 0.1314841566621558,
        "nAUC_map_std": 0.08804079126742399,
        "nAUC_mrr_diff1": 0.3870521438055705,
        "nAUC_mrr_max": 0.13803866580387072,
        "nAUC_mrr_std": 0.09132631224244282
      }
    ]
  },
  "task_name": "StackOverflowDupQuestions"
}