{
  "dataset_revision": "a0d554a64d88156834ff5ae9920b964011b16384",
  "evaluation_time": 0.7069628238677979,
  "kg_co2_emissions": null,
  "mteb_version": "1.14.12",
  "scores": {
    "test": [
      {
        "cosine_pearson": 0.8543812334419515,
        "cosine_spearman": 0.7744334070130837,
        "euclidean_pearson": 0.8175042720141799,
        "euclidean_spearman": 0.7744098667158967,
        "hf_subset": "default",
        "languages": [
          "eng-Latn"
        ],
        "main_score": 0.7744334070130837,
        "manhattan_pearson": 0.8173579647340676,
        "manhattan_spearman": 0.7743778180853925,
        "pearson": [
          0.8543812374242277,
          0.0
        ],
        "spearman": [
          0.7744337097590022,
          0.0
        ]
      }
    ]
  },
  "task_name": "STS12"
}