{
  "dataset_revision": "b0fddb56ed78048fa8b90373c8a3cfc37b684831",
  "evaluation_time": 0.2627878189086914,
  "kg_co2_emissions": null,
  "mteb_version": "1.14.12",
  "scores": {
    "test": [
      {
        "cosine_pearson": 0.8431285205578279,
        "cosine_spearman": 0.8586295017067542,
        "euclidean_pearson": 0.8536160861332068,
        "euclidean_spearman": 0.8586295568470049,
        "hf_subset": "default",
        "languages": [
          "eng-Latn"
        ],
        "main_score": 0.8586295017067542,
        "manhattan_pearson": 0.8513867159876147,
        "manhattan_spearman": 0.8564008739600194,
        "pearson": [
          0.8431285108547686,
          0.0
        ],
        "spearman": [
          0.8586295568470049,
          0.0
        ]
      }
    ]
  },
  "task_name": "STSBenchmark"
}