{
  "dataset_revision": "cda12ad7615edc362dbf25a00fdd61d3b1eaf93c",
  "evaluation_time": 1.5207788944244385,
  "kg_co2_emissions": null,
  "mteb_version": "1.14.12",
  "scores": {
    "test": [
      {
        "cosine_pearson": 0.3068086461422924,
        "cosine_spearman": 0.3013547793600397,
        "dot_pearson": 0.3068087482557844,
        "dot_spearman": 0.3013547793600397,
        "hf_subset": "default",
        "languages": [
          "eng-Latn"
        ],
        "main_score": 0.3013547793600397,
        "pearson": 0.3068086461422924,
        "spearman": 0.3013547793600397
      }
    ]
  },
  "task_name": "SummEval"
}