{
  "dataset_revision": "8b6510b0b1fa4e4c4f879467980e9be563ec1cdf",
  "evaluation_time": 9.412230253219604,
  "kg_co2_emissions": null,
  "mteb_version": "1.14.12",
  "scores": {
    "test": [
      {
        "cosine_accuracy": 0.8833973687274421,
        "cosine_accuracy_threshold": 0.7887706756591797,
        "cosine_ap": 0.8483867087952625,
        "cosine_f1": 0.7717302401665551,
        "cosine_f1_threshold": 0.7666010856628418,
        "cosine_precision": 0.7461538461538462,
        "cosine_recall": 0.7991222667077302,
        "dot_accuracy": 0.8833973687274421,
        "dot_accuracy_threshold": 0.7887707352638245,
        "dot_ap": 0.8483865044578338,
        "dot_f1": 0.7717302401665551,
        "dot_f1_threshold": 0.7666011452674866,
        "dot_precision": 0.7461538461538462,
        "dot_recall": 0.7991222667077302,
        "euclidean_accuracy": 0.8833973687274421,
        "euclidean_accuracy_threshold": 0.649968147277832,
        "euclidean_ap": 0.8483864386402994,
        "euclidean_f1": 0.7717302401665551,
        "euclidean_f1_threshold": 0.6832259893417358,
        "euclidean_precision": 0.7461538461538462,
        "euclidean_recall": 0.7991222667077302,
        "hf_subset": "default",
        "languages": [
          "eng-Latn"
        ],
        "main_score": 0.8483867087952625,
        "manhattan_accuracy": 0.8839212946792409,
        "manhattan_accuracy_threshold": 10.009496688842773,
        "manhattan_ap": 0.8476340759320147,
        "manhattan_f1": 0.7693793410838318,
        "manhattan_f1_threshold": 10.641502380371094,
        "manhattan_precision": 0.7432364549695013,
        "manhattan_recall": 0.7974283954419464,
        "max_accuracy": 0.8839212946792409,
        "max_ap": 0.8483867087952625,
        "max_f1": 0.7717302401665551,
        "max_precision": 0.7461538461538462,
        "max_recall": 0.7991222667077302,
        "similarity_accuracy": 0.8833973687274421,
        "similarity_accuracy_threshold": 0.7887707352638245,
        "similarity_ap": 0.8483866151639576,
        "similarity_f1": 0.7717302401665551,
        "similarity_f1_threshold": 0.7666011452674866,
        "similarity_precision": 0.7461538461538462,
        "similarity_recall": 0.7991222667077302
      }
    ]
  },
  "task_name": "TwitterURLCorpus"
}