{
  "dataset_revision": "c22ab2a51041ffd869aaddef7af8d8215647e41a",
  "evaluation_time": 59.87564730644226,
  "kg_co2_emissions": null,
  "mteb_version": "1.14.12",
  "scores": {
    "test": [
      {
        "hf_subset": "default",
        "languages": [
          "eng-Latn"
        ],
        "main_score": 0.63566,
        "map_at_1": 0.40185,
        "map_at_10": 0.55664,
        "map_at_100": 0.56254,
        "map_at_1000": 0.5626,
        "map_at_20": 0.56132,
        "map_at_3": 0.51743,
        "map_at_5": 0.54143,
        "mrr_at_1": 0.4096728307254623,
        "mrr_at_10": 0.5595382036171522,
        "mrr_at_100": 0.5653692867157285,
        "mrr_at_1000": 0.5654213438772883,
        "mrr_at_20": 0.5641447603063635,
        "mrr_at_3": 0.5206258890469425,
        "mrr_at_5": 0.5443812233285934,
        "nauc_map_at_1000_diff1": 0.13142519181284426,
        "nauc_map_at_1000_max": -0.040655932214219793,
        "nauc_map_at_1000_std": -0.09018896193459726,
        "nauc_map_at_100_diff1": 0.13139160015158505,
        "nauc_map_at_100_max": -0.04067535128326739,
        "nauc_map_at_100_std": -0.09010129033266194,
        "nauc_map_at_10_diff1": 0.1325693485437985,
        "nauc_map_at_10_max": -0.036694474578791804,
        "nauc_map_at_10_std": -0.08876255954575735,
        "nauc_map_at_1_diff1": 0.15154448740858995,
        "nauc_map_at_1_max": -0.06276365488976718,
        "nauc_map_at_1_std": -0.11412302541492982,
        "nauc_map_at_20_diff1": 0.1319652212345681,
        "nauc_map_at_20_max": -0.03937683513877364,
        "nauc_map_at_20_std": -0.08900470197796491,
        "nauc_map_at_3_diff1": 0.1318209050998568,
        "nauc_map_at_3_max": -0.039457558231575936,
        "nauc_map_at_3_std": -0.09235648161575229,
        "nauc_map_at_5_diff1": 0.12708300595233762,
        "nauc_map_at_5_max": -0.0412810258177696,
        "nauc_map_at_5_std": -0.09192041571200779,
        "nauc_mrr_at_1000_diff1": 0.10777459205017524,
        "nauc_mrr_at_1000_max": -0.05579696797859184,
        "nauc_mrr_at_1000_std": -0.0898696063595107,
        "nauc_mrr_at_100_diff1": 0.10774518490783813,
        "nauc_mrr_at_100_max": -0.05581370789911835,
        "nauc_mrr_at_100_std": -0.08978198150597648,
        "nauc_mrr_at_10_diff1": 0.10947438434868928,
        "nauc_mrr_at_10_max": -0.05170008403797167,
        "nauc_mrr_at_10_std": -0.08858521324702238,
        "nauc_mrr_at_1_diff1": 0.1303020812487999,
        "nauc_mrr_at_1_max": -0.07106132099561167,
        "nauc_mrr_at_1_std": -0.1097879282566943,
        "nauc_mrr_at_20_diff1": 0.10842624927569029,
        "nauc_mrr_at_20_max": -0.05444215261838427,
        "nauc_mrr_at_20_std": -0.08868279130732275,
        "nauc_mrr_at_3_diff1": 0.10826005255043492,
        "nauc_mrr_at_3_max": -0.053596923461519015,
        "nauc_mrr_at_3_std": -0.09284915037033378,
        "nauc_mrr_at_5_diff1": 0.10504001932143028,
        "nauc_mrr_at_5_max": -0.05544398770172758,
        "nauc_mrr_at_5_std": -0.09183424288562667,
        "nauc_ndcg_at_1000_diff1": 0.12987807795135353,
        "nauc_ndcg_at_1000_max": -0.03455135161095029,
        "nauc_ndcg_at_1000_std": -0.08185334631658785,
        "nauc_ndcg_at_100_diff1": 0.12908468562944755,
        "nauc_ndcg_at_100_max": -0.035241024188314686,
        "nauc_ndcg_at_100_std": -0.07918621057649755,
        "nauc_ndcg_at_10_diff1": 0.13503105871513274,
        "nauc_ndcg_at_10_max": -0.015500708480252486,
        "nauc_ndcg_at_10_std": -0.07215011342958225,
        "nauc_ndcg_at_1_diff1": 0.15154448740858995,
        "nauc_ndcg_at_1_max": -0.06276365488976718,
        "nauc_ndcg_at_1_std": -0.11412302541492982,
        "nauc_ndcg_at_20_diff1": 0.13332721912468137,
        "nauc_ndcg_at_20_max": -0.024856113454836983,
        "nauc_ndcg_at_20_std": -0.07088490509697613,
        "nauc_ndcg_at_3_diff1": 0.13051051784277737,
        "nauc_ndcg_at_3_max": -0.027039877883371283,
        "nauc_ndcg_at_3_std": -0.0838317490714506,
        "nauc_ndcg_at_5_diff1": 0.12057192986897643,
        "nauc_ndcg_at_5_max": -0.030332959739033265,
        "nauc_ndcg_at_5_std": -0.08270253450697718,
        "nauc_precision_at_1000_diff1": -0.1335463241797883,
        "nauc_precision_at_1000_max": 0.2813719829218545,
        "nauc_precision_at_1000_std": 0.7301410420608624,
        "nauc_precision_at_100_diff1": -0.04471597461966069,
        "nauc_precision_at_100_max": -0.042805623291942346,
        "nauc_precision_at_100_std": 0.5168265592741101,
        "nauc_precision_at_10_diff1": 0.16845178780978481,
        "nauc_precision_at_10_max": 0.16351207182326002,
        "nauc_precision_at_10_std": 0.06686668230061824,
        "nauc_precision_at_1_diff1": 0.15154448740858995,
        "nauc_precision_at_1_max": -0.06276365488976718,
        "nauc_precision_at_1_std": -0.11412302541492982,
        "nauc_precision_at_20_diff1": 0.18443807257776257,
        "nauc_precision_at_20_max": 0.21476480980865376,
        "nauc_precision_at_20_std": 0.2648469593130909,
        "nauc_precision_at_3_diff1": 0.1281331838373908,
        "nauc_precision_at_3_max": 0.01677742689394393,
        "nauc_precision_at_3_std": -0.054501615823760195,
        "nauc_precision_at_5_diff1": 0.09247424594021544,
        "nauc_precision_at_5_max": 0.017362498129511354,
        "nauc_precision_at_5_std": -0.042763965786078516,
        "nauc_recall_at_1000_diff1": -0.13354632417983706,
        "nauc_recall_at_1000_max": 0.2813719829218014,
        "nauc_recall_at_1000_std": 0.7301410420608422,
        "nauc_recall_at_100_diff1": -0.04471597461964277,
        "nauc_recall_at_100_max": -0.04280562329196716,
        "nauc_recall_at_100_std": 0.5168265592741064,
        "nauc_recall_at_10_diff1": 0.16845178780978415,
        "nauc_recall_at_10_max": 0.16351207182326108,
        "nauc_recall_at_10_std": 0.06686668230061774,
        "nauc_recall_at_1_diff1": 0.15154448740858995,
        "nauc_recall_at_1_max": -0.06276365488976718,
        "nauc_recall_at_1_std": -0.11412302541492982,
        "nauc_recall_at_20_diff1": 0.1844380725777608,
        "nauc_recall_at_20_max": 0.21476480980865326,
        "nauc_recall_at_20_std": 0.26484695931308794,
        "nauc_recall_at_3_diff1": 0.12813318383739103,
        "nauc_recall_at_3_max": 0.01677742689394405,
        "nauc_recall_at_3_std": -0.05450161582376007,
        "nauc_recall_at_5_diff1": 0.09247424594021648,
        "nauc_recall_at_5_max": 0.017362498129512443,
        "nauc_recall_at_5_std": -0.042763965786078176,
        "ndcg_at_1": 0.40185,
        "ndcg_at_10": 0.63566,
        "ndcg_at_100": 0.6597,
        "ndcg_at_1000": 0.66092,
        "ndcg_at_20": 0.65201,
        "ndcg_at_3": 0.55582,
        "ndcg_at_5": 0.59883,
        "precision_at_1": 0.40185,
        "precision_at_10": 0.08848,
        "precision_at_100": 0.00987,
        "precision_at_1000": 0.001,
        "precision_at_20": 0.0474,
        "precision_at_3": 0.22238,
        "precision_at_5": 0.1542,
        "recall_at_1": 0.40185,
        "recall_at_10": 0.88478,
        "recall_at_100": 0.9872,
        "recall_at_1000": 0.99644,
        "recall_at_20": 0.94808,
        "recall_at_3": 0.66714,
        "recall_at_5": 0.77098
      }
    ]
  },
  "task_name": "ArguAna"
}