{
  "dataset_revision": "2000358ca161889fa9c082cb41daa8dcfb161a54",
  "evaluation_time": 3.8099377155303955,
  "kg_co2_emissions": null,
  "mteb_version": "1.14.12",
  "scores": {
    "test": [
      {
        "hf_subset": "default",
        "languages": [
          "eng-Latn"
        ],
        "main_score": 0.6447753413241728,
        "map": 0.6447753413241728,
        "mrr": 0.7782361605768807,
        "nAUC_map_diff1": 0.08729307007453048,
        "nAUC_map_max": 0.29772308951205356,
        "nAUC_map_std": 0.1967568910022264,
        "nAUC_mrr_diff1": 0.19116236545793502,
        "nAUC_mrr_max": 0.4490024715327532,
        "nAUC_mrr_std": 0.2637527582966695
      }
    ]
  },
  "task_name": "AskUbuntuDupQuestions"
}