{
  "dataset_revision": "d3fb88f8f02e40887cd149695127462bbcf29b4a",
  "evaluation_time": 0.3660399913787842,
  "kg_co2_emissions": null,
  "mteb_version": "1.14.12",
  "scores": {
    "test": [
      {
        "cosine_pearson": 0.8496181633168234,
        "cosine_spearman": 0.846495191581641,
        "euclidean_pearson": 0.8287914351307271,
        "euclidean_spearman": 0.846495191581641,
        "hf_subset": "default",
        "languages": [
          "eng-Latn"
        ],
        "main_score": 0.846495191581641,
        "manhattan_pearson": 0.8259210695290755,
        "manhattan_spearman": 0.8429408937270834,
        "pearson": [
          0.8496181904203448,
          5.545359153234088e-29
        ],
        "spearman": [
          0.846495191581641,
          1.4025911557470916e-28
        ]
      }
    ]
  },
  "task_name": "BIOSSES"
}