{
  "dataset_revision": "46989137a86843e03a6195de44b09deda022eec7",
  "evaluation_time": 609.6230578422546,
  "kg_co2_emissions": null,
  "mteb_version": "1.14.12",
  "scores": {
    "test": [
      {
        "hf_subset": "default",
        "languages": [
          "eng-Latn"
        ],
        "main_score": 0.29708,
        "map_at_1": 0.1683,
        "map_at_10": 0.24744,
        "map_at_100": 0.25972,
        "map_at_1000": 0.26099,
        "map_at_20": 0.25434,
        "map_at_3": 0.224,
        "map_at_5": 0.23583,
        "mrr_at_1": 0.20612525808671714,
        "mrr_at_10": 0.28680903767793026,
        "mrr_at_100": 0.2968963094009299,
        "mrr_at_1000": 0.2976530512517256,
        "mrr_at_20": 0.29272898929796826,
        "mrr_at_3": 0.2642807983482454,
        "mrr_at_5": 0.2764452856159678,
        "nauc_map_at_1000_diff1": 0.335425167202124,
        "nauc_map_at_1000_max": 0.3631015449759388,
        "nauc_map_at_1000_std": 0.0344961978451094,
        "nauc_map_at_100_diff1": 0.335127810840976,
        "nauc_map_at_100_max": 0.3626913673994902,
        "nauc_map_at_100_std": 0.034503232809786254,
        "nauc_map_at_10_diff1": 0.3363159734003046,
        "nauc_map_at_10_max": 0.36187164089964846,
        "nauc_map_at_10_std": 0.026179628168569336,
        "nauc_map_at_1_diff1": 0.4161023996067881,
        "nauc_map_at_1_max": 0.3751146942729154,
        "nauc_map_at_1_std": 0.025300248801952585,
        "nauc_map_at_20_diff1": 0.335198236173621,
        "nauc_map_at_20_max": 0.3610934752064281,
        "nauc_map_at_20_std": 0.030523807571367342,
        "nauc_map_at_3_diff1": 0.34427309798232175,
        "nauc_map_at_3_max": 0.3611313400339236,
        "nauc_map_at_3_std": 0.019573152165249054,
        "nauc_map_at_5_diff1": 0.34212170121880625,
        "nauc_map_at_5_max": 0.3610834258907296,
        "nauc_map_at_5_std": 0.021789845328360855,
        "nauc_mrr_at_1000_diff1": 0.32105056773270224,
        "nauc_mrr_at_1000_max": 0.36397351016414337,
        "nauc_mrr_at_1000_std": 0.04259836923826781,
        "nauc_mrr_at_100_diff1": 0.3209696728034519,
        "nauc_mrr_at_100_max": 0.36399834609217846,
        "nauc_mrr_at_100_std": 0.042816902162611886,
        "nauc_mrr_at_10_diff1": 0.32087905001622596,
        "nauc_mrr_at_10_max": 0.3638880456916281,
        "nauc_mrr_at_10_std": 0.03714777429569094,
        "nauc_mrr_at_1_diff1": 0.39234794748125496,
        "nauc_mrr_at_1_max": 0.3781319746719348,
        "nauc_mrr_at_1_std": 0.034506920475512674,
        "nauc_mrr_at_20_diff1": 0.32115396465703505,
        "nauc_mrr_at_20_max": 0.3632413903865386,
        "nauc_mrr_at_20_std": 0.040120930944404394,
        "nauc_mrr_at_3_diff1": 0.32558431324230547,
        "nauc_mrr_at_3_max": 0.3656869954743437,
        "nauc_mrr_at_3_std": 0.03156027948309493,
        "nauc_mrr_at_5_diff1": 0.32433684117315487,
        "nauc_mrr_at_5_max": 0.36441534335588793,
        "nauc_mrr_at_5_std": 0.03310905534178549,
        "nauc_ndcg_at_1000_diff1": 0.3072376527285662,
        "nauc_ndcg_at_1000_max": 0.3625513404794432,
        "nauc_ndcg_at_1000_std": 0.06839565152345542,
        "nauc_ndcg_at_100_diff1": 0.3035347521324326,
        "nauc_ndcg_at_100_max": 0.35940420447939403,
        "nauc_ndcg_at_100_std": 0.06900233573854964,
        "nauc_ndcg_at_10_diff1": 0.3094953761459355,
        "nauc_ndcg_at_10_max": 0.3584247122808113,
        "nauc_ndcg_at_10_std": 0.03258348023013641,
        "nauc_ndcg_at_1_diff1": 0.39234794748125496,
        "nauc_ndcg_at_1_max": 0.3781319746719348,
        "nauc_ndcg_at_1_std": 0.034506920475512674,
        "nauc_ndcg_at_20_diff1": 0.3073034677430221,
        "nauc_ndcg_at_20_max": 0.35538695380797014,
        "nauc_ndcg_at_20_std": 0.046514500121657525,
        "nauc_ndcg_at_3_diff1": 0.3209108785758687,
        "nauc_ndcg_at_3_max": 0.3608940919531705,
        "nauc_ndcg_at_3_std": 0.019140884237179526,
        "nauc_ndcg_at_5_diff1": 0.3195776907034154,
        "nauc_ndcg_at_5_max": 0.3584222523015165,
        "nauc_ndcg_at_5_std": 0.022158641711638307,
        "nauc_precision_at_1000_diff1": 0.057882277268146175,
        "nauc_precision_at_1000_max": 0.20859641342157884,
        "nauc_precision_at_1000_std": 0.11678276677909635,
        "nauc_precision_at_100_diff1": 0.08775912815324716,
        "nauc_precision_at_100_max": 0.2583674919126432,
        "nauc_precision_at_100_std": 0.152716072973982,
        "nauc_precision_at_10_diff1": 0.18617877179221806,
        "nauc_precision_at_10_max": 0.32892918786155406,
        "nauc_precision_at_10_std": 0.057667278105109264,
        "nauc_precision_at_1_diff1": 0.39234794748125496,
        "nauc_precision_at_1_max": 0.3781319746719348,
        "nauc_precision_at_1_std": 0.034506920475512674,
        "nauc_precision_at_20_diff1": 0.15249549853957872,
        "nauc_precision_at_20_max": 0.2973699442663158,
        "nauc_precision_at_20_std": 0.09943266852489575,
        "nauc_precision_at_3_diff1": 0.2456836327887871,
        "nauc_precision_at_3_max": 0.35099747668437964,
        "nauc_precision_at_3_std": 0.02085291746997545,
        "nauc_precision_at_5_diff1": 0.23128749306233706,
        "nauc_precision_at_5_max": 0.3457438806501058,
        "nauc_precision_at_5_std": 0.024717056431577258,
        "nauc_recall_at_1000_diff1": 0.13152026920756307,
        "nauc_recall_at_1000_max": 0.2966682981300381,
        "nauc_recall_at_1000_std": 0.3182692013630735,
        "nauc_recall_at_100_diff1": 0.1782702142937701,
        "nauc_recall_at_100_max": 0.29508567278216685,
        "nauc_recall_at_100_std": 0.19789228987539412,
        "nauc_recall_at_10_diff1": 0.23289535157902033,
        "nauc_recall_at_10_max": 0.31459306355578415,
        "nauc_recall_at_10_std": 0.03811515994689949,
        "nauc_recall_at_1_diff1": 0.4161023996067881,
        "nauc_recall_at_1_max": 0.3751146942729154,
        "nauc_recall_at_1_std": 0.025300248801952585,
        "nauc_recall_at_20_diff1": 0.22081004543472876,
        "nauc_recall_at_20_max": 0.2982631827450201,
        "nauc_recall_at_20_std": 0.08243793333704533,
        "nauc_recall_at_3_diff1": 0.2699656438585981,
        "nauc_recall_at_3_max": 0.32740034898146114,
        "nauc_recall_at_3_std": 0.008015553199466998,
        "nauc_recall_at_5_diff1": 0.2621830424420222,
        "nauc_recall_at_5_max": 0.3188926875399022,
        "nauc_recall_at_5_std": 0.01424324164065192,
        "ndcg_at_1": 0.20613,
        "ndcg_at_10": 0.29708,
        "ndcg_at_100": 0.35457,
        "ndcg_at_1000": 0.38263,
        "ndcg_at_20": 0.31974,
        "ndcg_at_3": 0.25417,
        "ndcg_at_5": 0.27205,
        "precision_at_1": 0.20613,
        "precision_at_10": 0.05523,
        "precision_at_100": 0.00987,
        "precision_at_1000": 0.0014,
        "precision_at_20": 0.03412,
        "precision_at_3": 0.12239,
        "precision_at_5": 0.08761,
        "recall_at_1": 0.1683,
        "recall_at_10": 0.40723,
        "recall_at_100": 0.66345,
        "recall_at_1000": 0.86158,
        "recall_at_20": 0.49104,
        "recall_at_3": 0.28624,
        "recall_at_5": 0.33305
      }
    ]
  },
  "task_name": "CQADupstackTexRetrieval"
}