{
  "dataset_revision": "ec0fa4fe99da2ff19ca1214b7966684033a58814",
  "evaluation_time": 39.375030755996704,
  "kg_co2_emissions": null,
  "mteb_version": "1.14.12",
  "scores": {
    "test": [
      {
        "hf_subset": "default",
        "languages": [
          "eng-Latn"
        ],
        "main_score": 0.36877,
        "map_at_1": 0.06506,
        "map_at_10": 0.14365,
        "map_at_100": 0.18172,
        "map_at_1000": 0.19705,
        "map_at_20": 0.16009,
        "map_at_3": 0.10478,
        "map_at_5": 0.122,
        "mrr_at_1": 0.47058823529411764,
        "mrr_at_10": 0.5636259767064722,
        "mrr_at_100": 0.5687066679312546,
        "mrr_at_1000": 0.5690064187928271,
        "mrr_at_20": 0.5665971394800389,
        "mrr_at_3": 0.539731682146543,
        "mrr_at_5": 0.5549019607843139,
        "nauc_map_at_1000_diff1": 0.25767072530201046,
        "nauc_map_at_1000_max": 0.3494603224339193,
        "nauc_map_at_1000_std": 0.13157535974136195,
        "nauc_map_at_100_diff1": 0.27386007385324396,
        "nauc_map_at_100_max": 0.34160658512610825,
        "nauc_map_at_100_std": 0.10103434561949731,
        "nauc_map_at_10_diff1": 0.32303228867106737,
        "nauc_map_at_10_max": 0.2926404962229742,
        "nauc_map_at_10_std": -0.003296793382040143,
        "nauc_map_at_1_diff1": 0.4538038955617071,
        "nauc_map_at_1_max": 0.26470928277715633,
        "nauc_map_at_1_std": -0.10511593957699392,
        "nauc_map_at_20_diff1": 0.2912338452993888,
        "nauc_map_at_20_max": 0.3093276099739204,
        "nauc_map_at_20_std": 0.04311800479595055,
        "nauc_map_at_3_diff1": 0.4009714986260223,
        "nauc_map_at_3_max": 0.2681850025976028,
        "nauc_map_at_3_std": -0.08233473298266986,
        "nauc_map_at_5_diff1": 0.37906057735690485,
        "nauc_map_at_5_max": 0.275435353104197,
        "nauc_map_at_5_std": -0.060751321436870585,
        "nauc_mrr_at_1000_diff1": 0.2627372580104926,
        "nauc_mrr_at_1000_max": 0.4913998163786611,
        "nauc_mrr_at_1000_std": 0.2714902431657226,
        "nauc_mrr_at_100_diff1": 0.26290795466454847,
        "nauc_mrr_at_100_max": 0.49177089320324885,
        "nauc_mrr_at_100_std": 0.2718310630652812,
        "nauc_mrr_at_10_diff1": 0.2662272202192342,
        "nauc_mrr_at_10_max": 0.48940663457831907,
        "nauc_mrr_at_10_std": 0.27359067335681125,
        "nauc_mrr_at_1_diff1": 0.2741892795523609,
        "nauc_mrr_at_1_max": 0.46805344107706426,
        "nauc_mrr_at_1_std": 0.20409235482572408,
        "nauc_mrr_at_20_diff1": 0.2626245609836085,
        "nauc_mrr_at_20_max": 0.4919283028639975,
        "nauc_mrr_at_20_std": 0.2728663697294033,
        "nauc_mrr_at_3_diff1": 0.2642675318089717,
        "nauc_mrr_at_3_max": 0.4733566251289144,
        "nauc_mrr_at_3_std": 0.24311332152252113,
        "nauc_mrr_at_5_diff1": 0.26076977204785845,
        "nauc_mrr_at_5_max": 0.48289125089021745,
        "nauc_mrr_at_5_std": 0.2581632478512571,
        "nauc_ndcg_at_1000_diff1": 0.2301225677491531,
        "nauc_ndcg_at_1000_max": 0.4937785317077403,
        "nauc_ndcg_at_1000_std": 0.3215190517647853,
        "nauc_ndcg_at_100_diff1": 0.2291649325663446,
        "nauc_ndcg_at_100_max": 0.44746651481344435,
        "nauc_ndcg_at_100_std": 0.25158668391862526,
        "nauc_ndcg_at_10_diff1": 0.17993133295521413,
        "nauc_ndcg_at_10_max": 0.40623028736927413,
        "nauc_ndcg_at_10_std": 0.23977347575285607,
        "nauc_ndcg_at_1_diff1": 0.2881005483008191,
        "nauc_ndcg_at_1_max": 0.4472754118685783,
        "nauc_ndcg_at_1_std": 0.1901928403849483,
        "nauc_ndcg_at_20_diff1": 0.17977272991148036,
        "nauc_ndcg_at_20_max": 0.39990575248310617,
        "nauc_ndcg_at_20_std": 0.23491892494607128,
        "nauc_ndcg_at_3_diff1": 0.20903386474001784,
        "nauc_ndcg_at_3_max": 0.4230617065660056,
        "nauc_ndcg_at_3_std": 0.21136886357967735,
        "nauc_ndcg_at_5_diff1": 0.19868739492802626,
        "nauc_ndcg_at_5_max": 0.4137701247273296,
        "nauc_ndcg_at_5_std": 0.21713446059596897,
        "nauc_precision_at_1000_diff1": -0.18139080333205698,
        "nauc_precision_at_1000_max": 0.057814137560959995,
        "nauc_precision_at_1000_std": 0.27084346106307333,
        "nauc_precision_at_100_diff1": -0.13551258407303782,
        "nauc_precision_at_100_max": 0.2074060354826491,
        "nauc_precision_at_100_std": 0.3788164985673396,
        "nauc_precision_at_10_diff1": -0.044352853042103596,
        "nauc_precision_at_10_max": 0.3443285812941054,
        "nauc_precision_at_10_std": 0.35147508326213317,
        "nauc_precision_at_1_diff1": 0.2741892795523609,
        "nauc_precision_at_1_max": 0.46805344107706426,
        "nauc_precision_at_1_std": 0.20409235482572408,
        "nauc_precision_at_20_diff1": -0.09739108847404666,
        "nauc_precision_at_20_max": 0.29232266172237625,
        "nauc_precision_at_20_std": 0.3655951688021224,
        "nauc_precision_at_3_diff1": 0.10881824009513202,
        "nauc_precision_at_3_max": 0.3992288741557224,
        "nauc_precision_at_3_std": 0.25937390979345554,
        "nauc_precision_at_5_diff1": 0.05060095920015936,
        "nauc_precision_at_5_max": 0.3753836633165192,
        "nauc_precision_at_5_std": 0.29315516348334136,
        "nauc_recall_at_1000_diff1": 0.0761871195163416,
        "nauc_recall_at_1000_max": 0.24950201599089594,
        "nauc_recall_at_1000_std": 0.22455781092193855,
        "nauc_recall_at_100_diff1": 0.1607384646051608,
        "nauc_recall_at_100_max": 0.2916089248797611,
        "nauc_recall_at_100_std": 0.13339265217650223,
        "nauc_recall_at_10_diff1": 0.25719548154154814,
        "nauc_recall_at_10_max": 0.21940963065079733,
        "nauc_recall_at_10_std": -0.005745888320472917,
        "nauc_recall_at_1_diff1": 0.4538038955617071,
        "nauc_recall_at_1_max": 0.26470928277715633,
        "nauc_recall_at_1_std": -0.10511593957699392,
        "nauc_recall_at_20_diff1": 0.21496078207594793,
        "nauc_recall_at_20_max": 0.2544654710060999,
        "nauc_recall_at_20_std": 0.06673691026627705,
        "nauc_recall_at_3_diff1": 0.3674368903777652,
        "nauc_recall_at_3_max": 0.22531777046092186,
        "nauc_recall_at_3_std": -0.09174835716454156,
        "nauc_recall_at_5_diff1": 0.3366903335751525,
        "nauc_recall_at_5_max": 0.22173239035253253,
        "nauc_recall_at_5_std": -0.07003381169046129,
        "ndcg_at_1": 0.45511,
        "ndcg_at_10": 0.36877,
        "ndcg_at_100": 0.34335,
        "ndcg_at_1000": 0.43154,
        "ndcg_at_20": 0.34826,
        "ndcg_at_3": 0.42085,
        "ndcg_at_5": 0.39949,
        "precision_at_1": 0.47059,
        "precision_at_10": 0.27028,
        "precision_at_100": 0.08554,
        "precision_at_1000": 0.02167,
        "precision_at_20": 0.20449,
        "precision_at_3": 0.39216,
        "precision_at_5": 0.34365,
        "recall_at_1": 0.06506,
        "recall_at_10": 0.18969,
        "recall_at_100": 0.35697,
        "recall_at_1000": 0.6669,
        "recall_at_20": 0.23063,
        "recall_at_3": 0.11619,
        "recall_at_5": 0.14556
      }
    ]
  },
  "task_name": "NFCorpus"
}