{
  "dataset_revision": "e4e08e0b7dbe3c8700f0daef558ff32256715259",
  "evaluation_time": 740.9948396682739,
  "kg_co2_emissions": null,
  "mteb_version": "1.14.12",
  "scores": {
    "dev": [
      {
        "hf_subset": "default",
        "languages": [
          "eng-Latn"
        ],
        "main_score": 0.89171,
        "map_at_1": 0.71522,
        "map_at_10": 0.85664,
        "map_at_100": 0.86211,
        "map_at_1000": 0.86225,
        "map_at_20": 0.86045,
        "map_at_3": 0.82725,
        "map_at_5": 0.84576,
        "mrr_at_1": 0.824,
        "mrr_at_10": 0.8827050793650792,
        "mrr_at_100": 0.8836225148724263,
        "mrr_at_1000": 0.8836279949015825,
        "mrr_at_20": 0.8834282448219137,
        "mrr_at_3": 0.8729666666666679,
        "mrr_at_5": 0.8798066666666665,
        "nauc_map_at_1000_diff1": 0.7651090164055124,
        "nauc_map_at_1000_max": 0.3322923448279075,
        "nauc_map_at_1000_std": -0.49935188271581565,
        "nauc_map_at_100_diff1": 0.7651373607664614,
        "nauc_map_at_100_max": 0.33201935050260734,
        "nauc_map_at_100_std": -0.5002936919530274,
        "nauc_map_at_10_diff1": 0.7677063981564226,
        "nauc_map_at_10_max": 0.3285028050212863,
        "nauc_map_at_10_std": -0.5142382703876158,
        "nauc_map_at_1_diff1": 0.8032357629610999,
        "nauc_map_at_1_max": 0.2205710895847345,
        "nauc_map_at_1_std": -0.445433556587334,
        "nauc_map_at_20_diff1": 0.7655832754086953,
        "nauc_map_at_20_max": 0.3299964822758422,
        "nauc_map_at_20_std": -0.5064877733790838,
        "nauc_map_at_3_diff1": 0.7753459661659904,
        "nauc_map_at_3_max": 0.3073534835445908,
        "nauc_map_at_3_std": -0.5379834038956683,
        "nauc_map_at_5_diff1": 0.7706269541980224,
        "nauc_map_at_5_max": 0.31922238318710594,
        "nauc_map_at_5_std": -0.5293242137032301,
        "nauc_mrr_at_1000_diff1": 0.7661869083486019,
        "nauc_mrr_at_1000_max": 0.37027682381095633,
        "nauc_mrr_at_1000_std": -0.45921028725967794,
        "nauc_mrr_at_100_diff1": 0.7661832210266044,
        "nauc_mrr_at_100_max": 0.37029000216849134,
        "nauc_mrr_at_100_std": -0.45922086418554176,
        "nauc_mrr_at_10_diff1": 0.7659707417820192,
        "nauc_mrr_at_10_max": 0.3715117970291749,
        "nauc_mrr_at_10_std": -0.45914363515811,
        "nauc_mrr_at_1_diff1": 0.7711525053976243,
        "nauc_mrr_at_1_max": 0.3577169170564947,
        "nauc_mrr_at_1_std": -0.42735021590500044,
        "nauc_mrr_at_20_diff1": 0.7663401184998606,
        "nauc_mrr_at_20_max": 0.37044364921223244,
        "nauc_mrr_at_20_std": -0.45962739417230575,
        "nauc_mrr_at_3_diff1": 0.7652802244579969,
        "nauc_mrr_at_3_max": 0.3720120010780254,
        "nauc_mrr_at_3_std": -0.4716352526950039,
        "nauc_mrr_at_5_diff1": 0.7656636095212053,
        "nauc_mrr_at_5_max": 0.3695699284411559,
        "nauc_mrr_at_5_std": -0.4650095383521793,
        "nauc_ndcg_at_1000_diff1": 0.7627240045312662,
        "nauc_ndcg_at_1000_max": 0.3501469223028862,
        "nauc_ndcg_at_1000_std": -0.4794159346403714,
        "nauc_ndcg_at_100_diff1": 0.7624693172197634,
        "nauc_ndcg_at_100_max": 0.3488288182332083,
        "nauc_ndcg_at_100_std": -0.48377518392814445,
        "nauc_ndcg_at_10_diff1": 0.764898390589716,
        "nauc_ndcg_at_10_max": 0.3467639677890197,
        "nauc_ndcg_at_10_std": -0.508707245598384,
        "nauc_ndcg_at_1_diff1": 0.7707550748635947,
        "nauc_ndcg_at_1_max": 0.3587711586324741,
        "nauc_ndcg_at_1_std": -0.42570037226360413,
        "nauc_ndcg_at_20_diff1": 0.7636733068937315,
        "nauc_ndcg_at_20_max": 0.34373715500876206,
        "nauc_ndcg_at_20_std": -0.5015318680772282,
        "nauc_ndcg_at_3_diff1": 0.7591089155165672,
        "nauc_ndcg_at_3_max": 0.3396151166676333,
        "nauc_ndcg_at_3_std": -0.5258621681169621,
        "nauc_ndcg_at_5_diff1": 0.7623536170013441,
        "nauc_ndcg_at_5_max": 0.33841661914847504,
        "nauc_ndcg_at_5_std": -0.5260826258357493,
        "nauc_precision_at_1000_diff1": -0.44545162931475024,
        "nauc_precision_at_1000_max": -0.02298533661671974,
        "nauc_precision_at_1000_std": 0.4141573114767602,
        "nauc_precision_at_100_diff1": -0.4435672890709558,
        "nauc_precision_at_100_max": -0.020161239437166488,
        "nauc_precision_at_100_std": 0.3864709579719364,
        "nauc_precision_at_10_diff1": -0.39641939429572104,
        "nauc_precision_at_10_max": 0.015745695311587857,
        "nauc_precision_at_10_std": 0.2734393796420783,
        "nauc_precision_at_1_diff1": 0.7707550748635947,
        "nauc_precision_at_1_max": 0.3587711586324741,
        "nauc_precision_at_1_std": -0.42570037226360413,
        "nauc_precision_at_20_diff1": -0.4287975283502429,
        "nauc_precision_at_20_max": -0.0077751641329906925,
        "nauc_precision_at_20_std": 0.326940982340344,
        "nauc_precision_at_3_diff1": -0.20279802994668428,
        "nauc_precision_at_3_max": 0.10936026373590228,
        "nauc_precision_at_3_std": 0.0566010135109851,
        "nauc_precision_at_5_diff1": -0.32576839594476203,
        "nauc_precision_at_5_max": 0.05350096695752814,
        "nauc_precision_at_5_std": 0.17876221140648516,
        "nauc_recall_at_1000_diff1": 0.7190314974905918,
        "nauc_recall_at_1000_max": 0.8934633805561204,
        "nauc_recall_at_1000_std": 0.4650833954690446,
        "nauc_recall_at_100_diff1": 0.6723801116395433,
        "nauc_recall_at_100_max": 0.2932360541229741,
        "nauc_recall_at_100_std": -0.7477398825350335,
        "nauc_recall_at_10_diff1": 0.7404529753232497,
        "nauc_recall_at_10_max": 0.33042961869858933,
        "nauc_recall_at_10_std": -0.6868517997747614,
        "nauc_recall_at_1_diff1": 0.8032357629610999,
        "nauc_recall_at_1_max": 0.2205710895847345,
        "nauc_recall_at_1_std": -0.445433556587334,
        "nauc_recall_at_20_diff1": 0.7438980119611476,
        "nauc_recall_at_20_max": 0.27775237034393974,
        "nauc_recall_at_20_std": -0.7905270935989428,
        "nauc_recall_at_3_diff1": 0.7430973932813194,
        "nauc_recall_at_3_max": 0.2928719998619643,
        "nauc_recall_at_3_std": -0.6364934918331613,
        "nauc_recall_at_5_diff1": 0.726321946649411,
        "nauc_recall_at_5_max": 0.2872913328466868,
        "nauc_recall_at_5_std": -0.6746242201443355,
        "ndcg_at_1": 0.8242,
        "ndcg_at_10": 0.89171,
        "ndcg_at_100": 0.90232,
        "ndcg_at_1000": 0.90308,
        "ndcg_at_20": 0.89792,
        "ndcg_at_3": 0.86398,
        "ndcg_at_5": 0.87925,
        "precision_at_1": 0.8242,
        "precision_at_10": 0.1348,
        "precision_at_100": 0.01493,
        "precision_at_1000": 0.00152,
        "precision_at_20": 0.07091,
        "precision_at_3": 0.37913,
        "precision_at_5": 0.2484,
        "recall_at_1": 0.71522,
        "recall_at_10": 0.96077,
        "recall_at_100": 0.99662,
        "recall_at_1000": 0.99986,
        "recall_at_20": 0.98058,
        "recall_at_3": 0.87988,
        "recall_at_5": 0.92466
      }
    ],
    "test": [
      {
        "hf_subset": "default",
        "languages": [
          "eng-Latn"
        ],
        "main_score": 0.89055,
        "map_at_1": 0.71536,
        "map_at_10": 0.8547,
        "map_at_100": 0.86102,
        "map_at_1000": 0.86117,
        "map_at_20": 0.85887,
        "map_at_3": 0.82595,
        "map_at_5": 0.84394,
        "mrr_at_1": 0.8237,
        "mrr_at_10": 0.8828488888888866,
        "mrr_at_100": 0.8837979390663111,
        "mrr_at_1000": 0.8838016133869805,
        "mrr_at_20": 0.8835665885189777,
        "mrr_at_3": 0.8735999999999978,
        "mrr_at_5": 0.8800449999999967,
        "nauc_map_at_1000_diff1": 0.7682989947314167,
        "nauc_map_at_1000_max": 0.3569504934383017,
        "nauc_map_at_1000_std": -0.5113937105407739,
        "nauc_map_at_100_diff1": 0.7683486524911705,
        "nauc_map_at_100_max": 0.35670347497127647,