{
  "dataset_revision": "d3c5e1fc0b855ab6097bf1cda04dd73947d7caab",
  "evaluation_time": 48.701191902160645,
  "kg_co2_emissions": null,
  "mteb_version": "1.14.12",
  "scores": {
    "test": [
      {
        "hf_subset": "default",
        "languages": [
          "eng-Latn"
        ],
        "main_score": 0.8763599701613454,
        "map": 0.8763599701613454,
        "mrr": 0.9626242947321378,
        "nAUC_map_diff1": -0.031503584007441736,
        "nAUC_map_max": 0.539064456544146,
        "nAUC_map_std": 0.678893928966575,
        "nAUC_mrr_diff1": 0.35996202171764163,
        "nAUC_mrr_max": 0.8643493584930676,
        "nAUC_mrr_std": 0.7989635736256426
      }
    ]
  },
  "task_name": "SciDocsRR"
}