{
  "dataset_revision": "d66bd1f72af766a5cc4b0ca5e00c162f89e8cc46",
  "evaluation_time": 42.61508631706238,
  "kg_co2_emissions": null,
  "mteb_version": "1.14.12",
  "scores": {
    "test": [
      {
        "cosine_accuracy": 0.9986237623762376,
        "cosine_accuracy_threshold": 0.8042981624603271,
        "cosine_ap": 0.9672599584774569,
        "cosine_f1": 0.9301858362631844,
        "cosine_f1_threshold": 0.8042981624603271,
        "cosine_precision": 0.934409687184662,
        "cosine_recall": 0.926,
        "dot_accuracy": 0.9986237623762376,
        "dot_accuracy_threshold": 0.8042981624603271,
        "dot_ap": 0.9672599333415555,
        "dot_f1": 0.9301858362631844,
        "dot_f1_threshold": 0.8042981624603271,
        "dot_precision": 0.934409687184662,
        "dot_recall": 0.926,
        "euclidean_accuracy": 0.9986237623762376,
        "euclidean_accuracy_threshold": 0.6256225109100342,
        "euclidean_ap": 0.9672599333415555,
        "euclidean_f1": 0.9301858362631844,
        "euclidean_f1_threshold": 0.6256225109100342,
        "euclidean_precision": 0.934409687184662,
        "euclidean_recall": 0.926,
        "hf_subset": "default",
        "languages": [
          "eng-Latn"
        ],
        "main_score": 0.9674942736590371,
        "manhattan_accuracy": 0.9986633663366337,
        "manhattan_accuracy_threshold": 16.091421127319336,
        "manhattan_ap": 0.9674942736590371,
        "manhattan_f1": 0.9324662331165583,
        "manhattan_f1_threshold": 16.091421127319336,
        "manhattan_precision": 0.9329329329329329,
        "manhattan_recall": 0.932,
        "max_accuracy": 0.9986633663366337,
        "max_ap": 0.9674942736590371,
        "max_f1": 0.9324662331165583,
        "max_precision": 0.934409687184662,
        "max_recall": 0.932,
        "similarity_accuracy": 0.9986237623762376,
        "similarity_accuracy_threshold": 0.8042982220649719,
        "similarity_ap": 0.9672599333415556,
        "similarity_f1": 0.9301858362631844,
        "similarity_f1_threshold": 0.8042982220649719,
        "similarity_precision": 0.934409687184662,
        "similarity_recall": 0.926
      }
    ],
    "validation": [
      {
        "cosine_accuracy": 0.9985742574257426,
        "cosine_accuracy_threshold": 0.8007998466491699,
        "cosine_ap": 0.9710528156182345,
        "cosine_f1": 0.9281437125748503,
        "cosine_f1_threshold": 0.8007998466491699,
        "cosine_precision": 0.9262948207171314,
        "cosine_recall": 0.93,
        "dot_accuracy": 0.9985742574257426,
        "dot_accuracy_threshold": 0.8007999658584595,
        "dot_ap": 0.9710528156182344,
        "dot_f1": 0.9281437125748503,
        "dot_f1_threshold": 0.8007999658584595,
        "dot_precision": 0.9262948207171314,
        "dot_recall": 0.93,
        "euclidean_accuracy": 0.9985742574257426,
        "euclidean_accuracy_threshold": 0.6311894655227661,
        "euclidean_ap": 0.9710528156182345,
        "euclidean_f1": 0.9281437125748503,
        "euclidean_f1_threshold": 0.6311894655227661,
        "euclidean_precision": 0.9262948207171314,
        "euclidean_recall": 0.93,
        "hf_subset": "default",
        "languages": [
          "eng-Latn"
        ],
        "main_score": 0.9710528156182345,
        "manhattan_accuracy": 0.9985643564356436,
        "manhattan_accuracy_threshold": 16.194198608398438,
        "manhattan_ap": 0.9706164673882001,
        "manhattan_f1": 0.9281110560237977,
        "manhattan_f1_threshold": 16.352407455444336,
        "manhattan_precision": 0.9203539823008849,
        "manhattan_recall": 0.936,
        "max_accuracy": 0.9985742574257426,
        "max_ap": 0.9710528156182345,
        "max_f1": 0.9281437125748503,
        "max_precision": 0.9262948207171314,
        "max_recall": 0.936,
        "similarity_accuracy": 0.9985742574257426,
        "similarity_accuracy_threshold": 0.8007999658584595,
        "similarity_ap": 0.9710528156182344,
        "similarity_f1": 0.9281437125748503,
        "similarity_f1_threshold": 0.8007999658584595,
        "similarity_precision": 0.9262948207171314,
        "similarity_recall": 0.93
      }
    ]
  },
  "task_name": "SprintDuplicateQuestions"
}