{
  "dataset_revision": "a0d554a64d88156834ff5ae9920b964011b16384",
  "evaluation_time": 3.0672285556793213,
  "kg_co2_emissions": null,
  "mteb_version": "1.14.12",
  "scores": {
    "test": [
      {
        "cosine_pearson": 0.8673168686162149,
        "cosine_spearman": 0.7904889326434021,
        "euclidean_pearson": 0.8296623169362145,
        "euclidean_spearman": 0.7904733919957572,
        "hf_subset": "default",
        "languages": [
          "eng-Latn"
        ],
        "main_score": 0.7904889326434021,
        "manhattan_pearson": 0.8297135760076194,
        "manhattan_spearman": 0.7905583822650519,
        "pearson": [
          0.867316862321635,
          0.0
        ],
        "spearman": [
          0.7904961530543395,
          0.0
        ]
      }
    ]
  },
  "task_name": "STS12"
}