{
  "dataset_revision": "cda12ad7615edc362dbf25a00fdd61d3b1eaf93c",
  "evaluation_time": 5.382107973098755,
  "kg_co2_emissions": null,
  "mteb_version": "1.14.12",
  "scores": {
    "test": [
      {
        "cosine_pearson": 0.31546400050694956,
        "cosine_spearman": 0.31609140415209913,
        "dot_pearson": 0.3154639725478849,
        "dot_spearman": 0.31609140415209913,
        "hf_subset": "default",
        "languages": [
          "eng-Latn"
        ],
        "main_score": 0.31609140415209913,
        "pearson": 0.31546400050694956,
        "spearman": 0.31609140415209913
      }
    ]
  },
  "task_name": "SummEval"
}