{
  "dataset_revision": "b44c3b011063adb25877c13823db83bb193913c4",
  "evaluation_time": 7.373686790466309,
  "kg_co2_emissions": null,
  "mteb_version": "1.14.18",
  "scores": {
    "validation": [
      {
        "cosine_pearson": 0.522224154581277,
        "cosine_spearman": 0.5580569685527818,
        "euclidean_pearson": 0.5367535250736402,
        "euclidean_spearman": 0.5506043071896797,
        "hf_subset": "default",
        "languages": [
          "cmn-Hans"
        ],
        "main_score": 0.5580569685527818,
        "manhattan_pearson": 0.5368574422108601,
        "manhattan_spearman": 0.5506811055879748,
        "pearson": 0.5222241636316849,
        "spearman": 0.5580567675515016
      }
    ]
  },
  "task_name": "AFQMC"
}