{
  "dataset_revision": "e3dda5e115e487b39ec7e618c0c6a29137052a55",
  "evaluation_time": 30.045084476470947,
  "kg_co2_emissions": null,
  "mteb_version": "1.14.18",
  "scores": {
    "test": [
      {
        "cosine_pearson": 0.7084198089204103,
        "cosine_spearman": 0.7301452941507137,
        "euclidean_pearson": 0.7147024041715215,
        "euclidean_spearman": 0.7257202853444703,
        "hf_subset": "default",
        "languages": [
          "cmn-Hans"
        ],
        "main_score": 0.7301452941507137,
        "manhattan_pearson": 0.7145441684658449,
        "manhattan_spearman": 0.7255772179448713,
        "pearson": 0.7084198128886019,
        "spearman": 0.7301453634196038
      }
    ],
    "validation": [
      {
        "cosine_pearson": 0.7354880998299769,
        "cosine_spearman": 0.7587485891749447,
        "euclidean_pearson": 0.7425982613782557,
        "euclidean_spearman": 0.7534662152092945,
        "hf_subset": "default",
        "languages": [
          "cmn-Hans"
        ],
        "main_score": 0.7587485891749447,
        "manhattan_pearson": 0.7424741935897226,
        "manhattan_spearman": 0.7534006051311561,
        "pearson": 0.73548809620044,
        "spearman": 0.7587484852564481
      }
    ]
  },
  "task_name": "BQ"
}