{
  "dataset_revision": "cd540c506dae1cf9e9a59c3e06f42030d54e7301",
  "evaluation_time": 1102.5163161754608,
  "kg_co2_emissions": null,
  "mteb_version": "1.14.18",
  "scores": {
    "dev": [
      {
        "hf_subset": "default",
        "languages": [
          "cmn-Hans"
        ],
        "main_score": 0.42444,
        "map_at_1": 0.24232,
        "map_at_10": 0.36018,
        "map_at_100": 0.37849,
        "map_at_1000": 0.37977,
        "map_at_20": 0.36973,
        "map_at_3": 0.32111,
        "map_at_5": 0.34262,
        "mrr_at_1": 0.3703425856464116,
        "mrr_at_10": 0.44930895422268186,
        "mrr_at_100": 0.45914066832645933,
        "mrr_at_1000": 0.45966949417370434,
        "mrr_at_20": 0.45485711807214657,
        "mrr_at_3": 0.42473118279569794,
        "mrr_at_5": 0.43913478369592374,
        "nauc_map_at_1000_diff1": 0.4624688291203704,
        "nauc_map_at_1000_max": 0.360881216768101,
        "nauc_map_at_1000_std": -0.1104581839075153,
        "nauc_map_at_100_diff1": 0.46183741760405933,
        "nauc_map_at_100_max": 0.360430896725792,
        "nauc_map_at_100_std": -0.11074198300987256,
        "nauc_map_at_10_diff1": 0.4598427251096252,
        "nauc_map_at_10_max": 0.351090833070864,
        "nauc_map_at_10_std": -0.11984790720322609,
        "nauc_map_at_1_diff1": 0.5077625442493822,
        "nauc_map_at_1_max": 0.28264649041242007,
        "nauc_map_at_1_std": -0.12352490191082621,
        "nauc_map_at_20_diff1": 0.46147717213954964,
        "nauc_map_at_20_max": 0.35665711534011696,
        "nauc_map_at_20_std": -0.11671130686621917,
        "nauc_map_at_3_diff1": 0.46557056378630224,
        "nauc_map_at_3_max": 0.3300734889868824,
        "nauc_map_at_3_std": -0.125747645565018,
        "nauc_map_at_5_diff1": 0.4619944332328831,
        "nauc_map_at_5_max": 0.34229348898021883,
        "nauc_map_at_5_std": -0.12349921370853881,
        "nauc_mrr_at_1000_diff1": 0.5316973247804343,
        "nauc_mrr_at_1000_max": 0.42619582000716405,
        "nauc_mrr_at_1000_std": -0.0744754478921029,
        "nauc_mrr_at_100_diff1": 0.5314410069835002,
        "nauc_mrr_at_100_max": 0.4261440283282559,
        "nauc_mrr_at_100_std": -0.07425793878970757,
        "nauc_mrr_at_10_diff1": 0.5305439821926535,
        "nauc_mrr_at_10_max": 0.4245605635182287,
        "nauc_mrr_at_10_std": -0.07679256179656473,
        "nauc_mrr_at_1_diff1": 0.5868622847430801,
        "nauc_mrr_at_1_max": 0.44361830958119824,
        "nauc_mrr_at_1_std": -0.08497871836559137,
        "nauc_mrr_at_20_diff1": 0.5309458040296222,
        "nauc_mrr_at_20_max": 0.4257738374341215,
        "nauc_mrr_at_20_std": -0.07561373379264302,
        "nauc_mrr_at_3_diff1": 0.5384504435678845,
        "nauc_mrr_at_3_max": 0.42775633501002663,
        "nauc_mrr_at_3_std": -0.08101994184856084,
        "nauc_mrr_at_5_diff1": 0.5334838902128254,
        "nauc_mrr_at_5_max": 0.42646589981323574,
        "nauc_mrr_at_5_std": -0.07885162747148904,
        "nauc_ndcg_at_1000_diff1": 0.4683718948251414,
        "nauc_ndcg_at_1000_max": 0.38889538124640716,
        "nauc_ndcg_at_1000_std": -0.07642744668590666,
        "nauc_ndcg_at_100_diff1": 0.45773930134937996,
        "nauc_ndcg_at_100_max": 0.38467561252576665,
        "nauc_ndcg_at_100_std": -0.0724685416392424,
        "nauc_ndcg_at_10_diff1": 0.4533115246249231,
        "nauc_ndcg_at_10_max": 0.36247718332077605,
        "nauc_ndcg_at_10_std": -0.10727802656857048,
        "nauc_ndcg_at_1_diff1": 0.5868622847430801,
        "nauc_ndcg_at_1_max": 0.44361830958119824,
        "nauc_ndcg_at_1_std": -0.08497871836559137,
        "nauc_ndcg_at_20_diff1": 0.45579052626199346,
        "nauc_ndcg_at_20_max": 0.37174497859704103,
        "nauc_ndcg_at_20_std": -0.09958472753700295,
        "nauc_ndcg_at_3_diff1": 0.47413426040935003,
        "nauc_ndcg_at_3_max": 0.37905342673111236,
        "nauc_ndcg_at_3_std": -0.10335918982829008,
        "nauc_ndcg_at_5_diff1": 0.46180051552062124,
        "nauc_ndcg_at_5_max": 0.3656304224985494,
        "nauc_ndcg_at_5_std": -0.10796523866006287,
        "nauc_precision_at_1000_diff1": 0.06365799245531133,
        "nauc_precision_at_1000_max": 0.26089881867551756,
        "nauc_precision_at_1000_std": 0.1691334078911172,
        "nauc_precision_at_100_diff1": 0.11086245510009665,
        "nauc_precision_at_100_max": 0.3212253300565795,
        "nauc_precision_at_100_std": 0.15961796286916533,
        "nauc_precision_at_10_diff1": 0.2430090239276382,
        "nauc_precision_at_10_max": 0.39526354340202097,
        "nauc_precision_at_10_std": 0.008443552069092775,
        "nauc_precision_at_1_diff1": 0.5868622847430801,
        "nauc_precision_at_1_max": 0.44361830958119824,
        "nauc_precision_at_1_std": -0.08497871836559137,
        "nauc_precision_at_20_diff1": 0.2054245722418119,
        "nauc_precision_at_20_max": 0.37651060416269244,
        "nauc_precision_at_20_std": 0.047257537583038446,
        "nauc_precision_at_3_diff1": 0.35818375269926533,
        "nauc_precision_at_3_max": 0.42698320239585424,
        "nauc_precision_at_3_std": -0.04245416246240086,
        "nauc_precision_at_5_diff1": 0.3053332811614886,
        "nauc_precision_at_5_max": 0.4180084589538311,
        "nauc_precision_at_5_std": -0.02175575273508974,
        "nauc_recall_at_1000_diff1": 0.23087405538100428,
        "nauc_recall_at_1000_max": 0.5107876471189029,
        "nauc_recall_at_1000_std": 0.5988127722770672,
        "nauc_recall_at_100_diff1": 0.2542850962009598,
        "nauc_recall_at_100_max": 0.32185905726735653,
        "nauc_recall_at_100_std": 0.10879636264452137,
        "nauc_recall_at_10_diff1": 0.3329048675665722,
        "nauc_recall_at_10_max": 0.2778587684260139,
        "nauc_recall_at_10_std": -0.10831017699837552,
        "nauc_recall_at_1_diff1": 0.5077625442493822,
        "nauc_recall_at_1_max": 0.28264649041242007,
        "nauc_recall_at_1_std": -0.12352490191082621,
        "nauc_recall_at_20_diff1": 0.32237214523073904,
        "nauc_recall_at_20_max": 0.2920585321520744,
        "nauc_recall_at_20_std": -0.085244728968524,
        "nauc_recall_at_3_diff1": 0.39250910106628917,
        "nauc_recall_at_3_max": 0.29043887725613776,
        "nauc_recall_at_3_std": -0.12342990663562757,
        "nauc_recall_at_5_diff1": 0.3611417215186708,
        "nauc_recall_at_5_max": 0.2863776392791616,
        "nauc_recall_at_5_std": -0.11640687830636987,
        "ndcg_at_1": 0.37034,
        "ndcg_at_10": 0.42444,
        "ndcg_at_100": 0.49727,
        "ndcg_at_1000": 0.51983,
        "ndcg_at_20": 0.45104,
        "ndcg_at_3": 0.3751,
        "ndcg_at_5": 0.39538,
        "precision_at_1": 0.37034,
        "precision_at_10": 0.09462,
        "precision_at_100": 0.01542,
        "precision_at_1000": 0.00182,
        "precision_at_20": 0.05636,
        "precision_at_3": 0.21297,
        "precision_at_5": 0.15409,
        "recall_at_1": 0.24232,
        "recall_at_10": 0.52541,
        "recall_at_100": 0.82748,
        "recall_at_1000": 0.97976,
        "recall_at_20": 0.61521,
        "recall_at_3": 0.37516,
        "recall_at_5": 0.4393
      }
    ]
  },
  "task_name": "CmedqaRetrieval"
}