{
  "dataset_revision": "8d7f1e942507dac42dc58017c1a001c3717da7df",
  "evaluation_time": 279.0064036846161,
  "kg_co2_emissions": null,
  "mteb_version": "1.14.18",
  "scores": {
    "test": [
      {
        "hf_subset": "default",
        "languages": [
          "cmn-Hans"
        ],
        "main_score": 0.8708903424953514,
        "map": 0.8708903424953514,
        "mrr": 0.8926654761904762,
        "nAUC_map_diff1": 0.5495878082334592,
        "nAUC_map_max": 0.5487563718355086,
        "nAUC_map_std": 0.168758834142625,
        "nAUC_mrr_diff1": 0.5956545420974579,
        "nAUC_mrr_max": 0.6403522929981298,
        "nAUC_mrr_std": 0.27249664973356047
      }
    ]
  },
  "task_name": "CMedQAv1-reranking"
}