{
  "dataset_revision": "23d186750531a14a0357ca22cd92d712fd512ea0",
  "evaluation_time": 308.97242307662964,
  "kg_co2_emissions": null,
  "mteb_version": "1.14.18",
  "scores": {
    "test": [
      {
        "hf_subset": "default",
        "languages": [
          "cmn-Hans"
        ],
        "main_score": 0.8630735205458905,
        "map": 0.8630735205458905,
        "mrr": 0.8867813492063492,
        "nAUC_map_diff1": 0.5777097395388149,
        "nAUC_map_max": 0.5667912723091195,
        "nAUC_map_std": 0.034164668959857654,
        "nAUC_mrr_diff1": 0.6473739133446248,
        "nAUC_mrr_max": 0.6837144660726922,
        "nAUC_mrr_std": 0.15606387193195637
      }
    ]
  },
  "task_name": "CMedQAv2-reranking"
}