{
  "dataset_revision": "1271c7809071a13532e05f25fb53511ffce77117",
  "evaluation_time": 1148.3481378555298,
  "kg_co2_emissions": null,
  "mteb_version": "1.14.18",
  "scores": {
    "dev": [
      {
        "hf_subset": "default",
        "languages": [
          "cmn-Hans"
        ],
        "main_score": 0.77243,
        "map_at_1": 0.63909,
        "map_at_10": 0.7313,
        "map_at_100": 0.73552,
        "map_at_1000": 0.7356,
        "map_at_20": 0.73431,
        "map_at_3": 0.71391,
        "map_at_5": 0.72404,
        "mrr_at_1": 0.6406743940990516,
        "mrr_at_10": 0.7316197501129013,
        "mrr_at_100": 0.735751338933063,
        "mrr_at_1000": 0.7358236073921425,
        "mrr_at_20": 0.7345365013092088,
        "mrr_at_3": 0.7147874956094137,
        "mrr_at_5": 0.7246399719002464,
        "nauc_map_at_1000_diff1": 0.7703849833393569,
        "nauc_map_at_1000_max": 0.4318395371891493,
        "nauc_map_at_1000_std": -0.252929199257182,
        "nauc_map_at_100_diff1": 0.770335216598881,
        "nauc_map_at_100_max": 0.431917552017872,
        "nauc_map_at_100_std": -0.2528409763441609,
        "nauc_map_at_10_diff1": 0.7680781906359202,
        "nauc_map_at_10_max": 0.43148123151629386,
        "nauc_map_at_10_std": -0.25699457452722696,
        "nauc_map_at_1_diff1": 0.8074772137347409,
        "nauc_map_at_1_max": 0.41373315760088764,
        "nauc_map_at_1_std": -0.23286081084113444,
        "nauc_map_at_20_diff1": 0.7696374964786353,
        "nauc_map_at_20_max": 0.43243961168390815,
        "nauc_map_at_20_std": -0.2534155836771159,
        "nauc_map_at_3_diff1": 0.7726625156983169,
        "nauc_map_at_3_max": 0.4339322336704572,
        "nauc_map_at_3_std": -0.2654330484875473,
        "nauc_map_at_5_diff1": 0.7675810497816191,
        "nauc_map_at_5_max": 0.4312071738818797,
        "nauc_map_at_5_std": -0.2605863049342643,
        "nauc_mrr_at_1000_diff1": 0.7699905693027307,
        "nauc_mrr_at_1000_max": 0.43534608804433056,
        "nauc_mrr_at_1000_std": -0.24790599308831301,
        "nauc_mrr_at_100_diff1": 0.7699409033810986,
        "nauc_mrr_at_100_max": 0.43542301350660706,
        "nauc_mrr_at_100_std": -0.2478193407138064,
        "nauc_mrr_at_10_diff1": 0.7676097971107918,
        "nauc_mrr_at_10_max": 0.4350387845328769,
        "nauc_mrr_at_10_std": -0.25145876799299904,
        "nauc_mrr_at_1_diff1": 0.8049879954622505,
        "nauc_mrr_at_1_max": 0.42093594006238644,
        "nauc_mrr_at_1_std": -0.21905983179424743,
        "nauc_mrr_at_20_diff1": 0.7692463907241818,
        "nauc_mrr_at_20_max": 0.4359195524740678,
        "nauc_mrr_at_20_std": -0.24843996551471276,
        "nauc_mrr_at_3_diff1": 0.7712559760114431,
        "nauc_mrr_at_3_max": 0.43719892563455975,
        "nauc_mrr_at_3_std": -0.25808332575421306,
        "nauc_mrr_at_5_diff1": 0.7666448542042361,
        "nauc_mrr_at_5_max": 0.4353960788721483,
        "nauc_mrr_at_5_std": -0.2541057842314989,
        "nauc_ndcg_at_1000_diff1": 0.7640486023828426,
        "nauc_ndcg_at_1000_max": 0.43791030212475907,
        "nauc_ndcg_at_1000_std": -0.2495958619044587,
        "nauc_ndcg_at_100_diff1": 0.7622526486421128,
        "nauc_ndcg_at_100_max": 0.4405495520978222,
        "nauc_ndcg_at_100_std": -0.24682778832641922,
        "nauc_ndcg_at_10_diff1": 0.7507239214224701,
        "nauc_ndcg_at_10_max": 0.4400084344975518,
        "nauc_ndcg_at_10_std": -0.2621559972088899,
        "nauc_ndcg_at_1_diff1": 0.8049879954622505,
        "nauc_ndcg_at_1_max": 0.41671156536763226,
        "nauc_ndcg_at_1_std": -0.22793460470806104,
        "nauc_ndcg_at_20_diff1": 0.7574841605147604,
        "nauc_ndcg_at_20_max": 0.44514579917075,
        "nauc_ndcg_at_20_std": -0.2490488069379322,
        "nauc_ndcg_at_3_diff1": 0.7608798165835807,
        "nauc_ndcg_at_3_max": 0.44314039368003083,
        "nauc_ndcg_at_3_std": -0.27817937188139613,
        "nauc_ndcg_at_5_diff1": 0.7497998603862467,
        "nauc_ndcg_at_5_max": 0.43900286070603606,
        "nauc_ndcg_at_5_std": -0.26919670330755535,
        "nauc_precision_at_1000_diff1": -0.39845616197260025,
        "nauc_precision_at_1000_max": 0.040801244846026825,
        "nauc_precision_at_1000_std": 0.6596168155473733,
        "nauc_precision_at_100_diff1": -0.007681279251738659,
        "nauc_precision_at_100_max": 0.3090331756135538,
        "nauc_precision_at_100_std": 0.4061549272681392,
        "nauc_precision_at_10_diff1": 0.4840155390220012,
        "nauc_precision_at_10_max": 0.43235818495019357,
        "nauc_precision_at_10_std": -0.15778824469763117,
        "nauc_precision_at_1_diff1": 0.8049879954622505,
        "nauc_precision_at_1_max": 0.41671156536763226,
        "nauc_precision_at_1_std": -0.22793460470806104,
        "nauc_precision_at_20_diff1": 0.3816382504444163,
        "nauc_precision_at_20_max": 0.46745932799878537,
        "nauc_precision_at_20_std": 0.04043282845506473,
        "nauc_precision_at_3_diff1": 0.6793960844545293,
        "nauc_precision_at_3_max": 0.46948866627022523,
        "nauc_precision_at_3_std": -0.29985467853056896,
        "nauc_precision_at_5_diff1": 0.5912297843689054,
        "nauc_precision_at_5_max": 0.44847269634316195,
        "nauc_precision_at_5_std": -0.24384219142964614,
        "nauc_recall_at_1000_diff1": 0.9346328695412744,
        "nauc_recall_at_1000_max": 0.9346328695412744,
        "nauc_recall_at_1000_std": 1.0,
        "nauc_recall_at_100_diff1": 0.6228474926837901,
        "nauc_recall_at_100_max": 0.7390060605939045,
        "nauc_recall_at_100_std": 0.15785778957584387,
        "nauc_recall_at_10_diff1": 0.6377990121163626,
        "nauc_recall_at_10_max": 0.4935604403724233,
        "nauc_recall_at_10_std": -0.29442463480295106,
        "nauc_recall_at_1_diff1": 0.8074772137347409,
        "nauc_recall_at_1_max": 0.41373315760088764,
        "nauc_recall_at_1_std": -0.23286081084113444,
        "nauc_recall_at_20_diff1": 0.6463854332712633,
        "nauc_recall_at_20_max": 0.6018342386298444,
        "nauc_recall_at_20_std": -0.16231373202364727,
        "nauc_recall_at_3_diff1": 0.717729723203168,
        "nauc_recall_at_3_max": 0.47725275621080965,
        "nauc_recall_at_3_std": -0.33016797792163083,
        "nauc_recall_at_5_diff1": 0.667473006009096,
        "nauc_recall_at_5_max": 0.4718811772199894,
        "nauc_recall_at_5_std": -0.315038641553227,
        "ndcg_at_1": 0.64067,
        "ndcg_at_10": 0.77243,
        "ndcg_at_100": 0.79138,
        "ndcg_at_1000": 0.79316,
        "ndcg_at_20": 0.78325,
        "ndcg_at_3": 0.73731,
        "ndcg_at_5": 0.75549,
        "precision_at_1": 0.64067,
        "precision_at_10": 0.09083,
        "precision_at_100": 0.00995,
        "precision_at_1000": 0.00101,
        "precision_at_20": 0.04758,
        "precision_at_3": 0.26941,
        "precision_at_5": 0.17092,
        "recall_at_1": 0.63909,
        "recall_at_10": 0.89937,
        "recall_at_100": 0.98419,
        "recall_at_1000": 0.99789,
        "recall_at_20": 0.94204,
        "recall_at_3": 0.804,
        "recall_at_5": 0.84773
      }
    ]
  },
  "task_name": "CovidRetrieval"
}