{
  "dataset_revision": "a1a333e290fe30b10f3f56498e3a0d911a693ced",
  "evaluation_time": 1150.7190668582916,
  "kg_co2_emissions": null,
  "mteb_version": "1.14.18",
  "scores": {
    "dev": [
      {
        "hf_subset": "default",
        "languages": [
          "cmn-Hans"
        ],
        "main_score": 0.84964,
        "map_at_1": 0.25588,
        "map_at_10": 0.76923,
        "map_at_100": 0.80033,
        "map_at_1000": 0.80084,
        "map_at_20": 0.79228,
        "map_at_3": 0.53903,
        "map_at_5": 0.67321,
        "mrr_at_1": 0.8865,
        "mrr_at_10": 0.9217551587301587,
        "mrr_at_100": 0.9224178105987852,
        "mrr_at_1000": 0.9224493743942227,
        "mrr_at_20": 0.9221897344678883,
        "mrr_at_3": 0.9178333333333332,
        "mrr_at_5": 0.9204083333333334,
        "nauc_map_at_1000_diff1": 0.11349925148269235,
        "nauc_map_at_1000_max": 0.4029228163096855,
        "nauc_map_at_1000_std": 0.18298744116336849,
        "nauc_map_at_100_diff1": 0.11381315023531914,
        "nauc_map_at_100_max": 0.40314553229366656,
        "nauc_map_at_100_std": 0.1832507674938289,
        "nauc_map_at_10_diff1": 0.1411974276443753,
        "nauc_map_at_10_max": 0.3592415176469834,
        "nauc_map_at_10_std": 0.09213066075971178,
        "nauc_map_at_1_diff1": 0.42185840569078437,
        "nauc_map_at_1_max": -0.07405939102379563,
        "nauc_map_at_1_std": -0.2531330192560469,
        "nauc_map_at_20_diff1": 0.12219905645931109,
        "nauc_map_at_20_max": 0.3946052334115959,
        "nauc_map_at_20_std": 0.15829836054993976,
        "nauc_map_at_3_diff1": 0.28474027991123163,
        "nauc_map_at_3_max": 0.07419757979573223,
        "nauc_map_at_3_std": -0.1868558391069103,
        "nauc_map_at_5_diff1": 0.21090673088886858,
        "nauc_map_at_5_max": 0.2061426405155215,
        "nauc_map_at_5_std": -0.07860309088456398,
        "nauc_mrr_at_1000_diff1": 0.39493536268213264,
        "nauc_mrr_at_1000_max": 0.6654956321352893,
        "nauc_mrr_at_1000_std": 0.2978246679389009,
        "nauc_mrr_at_100_diff1": 0.3947731028339664,
        "nauc_mrr_at_100_max": 0.6656272449980437,
        "nauc_mrr_at_100_std": 0.29801024721519165,
        "nauc_mrr_at_10_diff1": 0.39497137163141344,
        "nauc_mrr_at_10_max": 0.6666694349299765,
        "nauc_mrr_at_10_std": 0.29972266791021973,
        "nauc_mrr_at_1_diff1": 0.40329953162277554,
        "nauc_mrr_at_1_max": 0.6148255388845016,
        "nauc_mrr_at_1_std": 0.22146805550332915,
        "nauc_mrr_at_20_diff1": 0.3947776012260252,
        "nauc_mrr_at_20_max": 0.6655840720187612,
        "nauc_mrr_at_20_std": 0.2983345503756093,
        "nauc_mrr_at_3_diff1": 0.39862788680784184,
        "nauc_mrr_at_3_max": 0.6711614046977699,
        "nauc_mrr_at_3_std": 0.30520328985532413,
        "nauc_mrr_at_5_diff1": 0.3966486916750691,
        "nauc_mrr_at_5_max": 0.6699448314163681,
        "nauc_mrr_at_5_std": 0.3022104405607882,
        "nauc_ndcg_at_1000_diff1": 0.15239647801123993,
        "nauc_ndcg_at_1000_max": 0.49621431359768814,
        "nauc_ndcg_at_1000_std": 0.2791366418826929,
        "nauc_ndcg_at_100_diff1": 0.15021701770570978,
        "nauc_ndcg_at_100_max": 0.49889711960357014,
        "nauc_ndcg_at_100_std": 0.28917937114249465,
        "nauc_ndcg_at_10_diff1": 0.14737588434156337,
        "nauc_ndcg_at_10_max": 0.4436327952158429,
        "nauc_ndcg_at_10_std": 0.2099024547314295,
        "nauc_ndcg_at_1_diff1": 0.40329953162277554,
        "nauc_ndcg_at_1_max": 0.6148255388845016,
        "nauc_ndcg_at_1_std": 0.22146805550332915,
        "nauc_ndcg_at_20_diff1": 0.15192911767994,
        "nauc_ndcg_at_20_max": 0.47615562061272204,
        "nauc_ndcg_at_20_std": 0.24720399725411446,
        "nauc_ndcg_at_3_diff1": 0.09778085653292275,
        "nauc_ndcg_at_3_max": 0.44595108270814227,
        "nauc_ndcg_at_3_std": 0.1985297789855241,
        "nauc_ndcg_at_5_diff1": 0.12636905147801022,
        "nauc_ndcg_at_5_max": 0.3951930790805,
        "nauc_ndcg_at_5_std": 0.15854005148614178,
        "nauc_precision_at_1000_diff1": -0.2811897941878831,
        "nauc_precision_at_1000_max": 0.18627668905860967,
        "nauc_precision_at_1000_std": 0.4017928036170678,
        "nauc_precision_at_100_diff1": -0.2784468575126378,
        "nauc_precision_at_100_max": 0.2081991978171826,
        "nauc_precision_at_100_std": 0.4238218948306265,
        "nauc_precision_at_10_diff1": -0.2639284627853369,
        "nauc_precision_at_10_max": 0.3070980792289575,
        "nauc_precision_at_10_std": 0.4101946748327305,
        "nauc_precision_at_1_diff1": 0.40329953162277554,
        "nauc_precision_at_1_max": 0.6148255388845016,
        "nauc_precision_at_1_std": 0.22146805550332915,
        "nauc_precision_at_20_diff1": -0.2689678683622538,
        "nauc_precision_at_20_max": 0.2564105724601885,
        "nauc_precision_at_20_std": 0.4256027414592515,
        "nauc_precision_at_3_diff1": -0.20188450965929713,
        "nauc_precision_at_3_max": 0.4331085234550485,
        "nauc_precision_at_3_std": 0.3280399894848495,
        "nauc_precision_at_5_diff1": -0.2511975732353816,
        "nauc_precision_at_5_max": 0.3680694844683541,
        "nauc_precision_at_5_std": 0.3650891357009074,
        "nauc_recall_at_1000_diff1": 0.18164011193438476,
        "nauc_recall_at_1000_max": 0.6756635968069983,
        "nauc_recall_at_1000_std": 0.7166489051390585,
        "nauc_recall_at_100_diff1": 0.08324573696840108,
        "nauc_recall_at_100_max": 0.5839384431554577,
        "nauc_recall_at_100_std": 0.582805842851539,
        "nauc_recall_at_10_diff1": 0.1340558688279302,
        "nauc_recall_at_10_max": 0.33944328785695593,
        "nauc_recall_at_10_std": 0.10286789964164675,
        "nauc_recall_at_1_diff1": 0.42185840569078437,
        "nauc_recall_at_1_max": -0.07405939102379563,
        "nauc_recall_at_1_std": -0.2531330192560469,
        "nauc_recall_at_20_diff1": 0.10535830410862151,
        "nauc_recall_at_20_max": 0.4317456022105883,
        "nauc_recall_at_20_std": 0.2779240758508407,
        "nauc_recall_at_3_diff1": 0.26380013276863695,
        "nauc_recall_at_3_max": 0.026876016817140143,
        "nauc_recall_at_3_std": -0.21129665240339315,
        "nauc_recall_at_5_diff1": 0.20436617336485816,
        "nauc_recall_at_5_max": 0.14031182670770823,
        "nauc_recall_at_5_std": -0.12312750874326679,
        "ndcg_at_1": 0.8865,
        "ndcg_at_10": 0.84964,
        "ndcg_at_100": 0.8836,
        "ndcg_at_1000": 0.88841,
        "ndcg_at_20": 0.86757,
        "ndcg_at_3": 0.84308,
        "ndcg_at_5": 0.82761,
        "precision_at_1": 0.8865,
        "precision_at_10": 0.40435,
        "precision_at_100": 0.04766,
        "precision_at_1000": 0.00488,
        "precision_at_20": 0.22233,
        "precision_at_3": 0.75383,
        "precision_at_5": 0.6303,
        "recall_at_1": 0.25588,
        "recall_at_10": 0.86029,
        "recall_at_100": 0.96727,
        "recall_at_1000": 0.99188,
        "recall_at_20": 0.91548,
        "recall_at_3": 0.56243,
        "recall_at_5": 0.72186
      }
    ]
  },
  "task_name": "DuRetrieval"
}