{
  "dataset_revision": "687de13dc7294d6fd9be10c6945f9e8fec8166b9",
  "evaluation_time": 148.71393704414368,
  "kg_co2_emissions": null,
  "mteb_version": "1.14.18",
  "scores": {
    "dev": [
      {
        "hf_subset": "default",
        "languages": [
          "cmn-Hans"
        ],
        "main_score": 0.62962,
        "map_at_1": 0.485,
        "map_at_10": 0.57888,
        "map_at_100": 0.58498,
        "map_at_1000": 0.58523,
        "map_at_20": 0.58302,
        "map_at_3": 0.55167,
        "map_at_5": 0.56802,
        "mrr_at_1": 0.485,
        "mrr_at_10": 0.5788785714285712,
        "mrr_at_100": 0.584981168321627,
        "mrr_at_1000": 0.5852308394374778,
        "mrr_at_20": 0.583024533180957,
        "mrr_at_3": 0.5516666666666664,
        "mrr_at_5": 0.5680166666666665,
        "nauc_map_at_1000_diff1": 0.6285759151425893,
        "nauc_map_at_1000_max": 0.31925685622549554,
        "nauc_map_at_1000_std": -0.09636208153193915,
        "nauc_map_at_100_diff1": 0.6285719801093449,
        "nauc_map_at_100_max": 0.31921977629564224,
        "nauc_map_at_100_std": -0.0965074569374913,
        "nauc_map_at_10_diff1": 0.6257041178195997,
        "nauc_map_at_10_max": 0.3175358964742626,
        "nauc_map_at_10_std": -0.09765890612577416,
        "nauc_map_at_1_diff1": 0.6579167467476091,
        "nauc_map_at_1_max": 0.2960467628521627,
        "nauc_map_at_1_std": -0.11894173862905845,
        "nauc_map_at_20_diff1": 0.6282087666912942,
        "nauc_map_at_20_max": 0.3194472200708136,
        "nauc_map_at_20_std": -0.09747974452988444,
        "nauc_map_at_3_diff1": 0.6305049363159438,
        "nauc_map_at_3_max": 0.31116460007172325,
        "nauc_map_at_3_std": -0.10898891614793985,
        "nauc_map_at_5_diff1": 0.6250427122868814,
        "nauc_map_at_5_max": 0.3139458162595234,
        "nauc_map_at_5_std": -0.1040578524676592,
        "nauc_mrr_at_1000_diff1": 0.6285759151425893,
        "nauc_mrr_at_1000_max": 0.31925685622549554,
        "nauc_mrr_at_1000_std": -0.09636208153193915,
        "nauc_mrr_at_100_diff1": 0.6285719801093449,
        "nauc_mrr_at_100_max": 0.31921977629564224,
        "nauc_mrr_at_100_std": -0.0965074569374913,
        "nauc_mrr_at_10_diff1": 0.6257041178195997,
        "nauc_mrr_at_10_max": 0.3175358964742626,
        "nauc_mrr_at_10_std": -0.09765890612577416,
        "nauc_mrr_at_1_diff1": 0.6579167467476091,
        "nauc_mrr_at_1_max": 0.2960467628521627,
        "nauc_mrr_at_1_std": -0.11894173862905845,
        "nauc_mrr_at_20_diff1": 0.6282087666912942,
        "nauc_mrr_at_20_max": 0.3194472200708136,
        "nauc_mrr_at_20_std": -0.09747974452988444,
        "nauc_mrr_at_3_diff1": 0.6305049363159438,
        "nauc_mrr_at_3_max": 0.31116460007172325,
        "nauc_mrr_at_3_std": -0.10898891614793985,
        "nauc_mrr_at_5_diff1": 0.6250427122868814,
        "nauc_mrr_at_5_max": 0.3139458162595234,
        "nauc_mrr_at_5_std": -0.1040578524676592,
        "nauc_ndcg_at_1000_diff1": 0.6240043985895237,
        "nauc_ndcg_at_1000_max": 0.33621908697670805,
        "nauc_ndcg_at_1000_std": -0.0703253536404031,
        "nauc_ndcg_at_100_diff1": 0.624143957259757,
        "nauc_ndcg_at_100_max": 0.33629016210457136,
        "nauc_ndcg_at_100_std": -0.07128290216421151,
        "nauc_ndcg_at_10_diff1": 0.6128148677835012,
        "nauc_ndcg_at_10_max": 0.33199465032819564,
        "nauc_ndcg_at_10_std": -0.07894397236330254,
        "nauc_ndcg_at_1_diff1": 0.6579167467476091,
        "nauc_ndcg_at_1_max": 0.2960467628521627,
        "nauc_ndcg_at_1_std": -0.11894173862905845,
        "nauc_ndcg_at_20_diff1": 0.6225153172945972,
        "nauc_ndcg_at_20_max": 0.34016044131639295,
        "nauc_ndcg_at_20_std": -0.07765481319714565,
        "nauc_ndcg_at_3_diff1": 0.6219684183076651,
        "nauc_ndcg_at_3_max": 0.31628483628576715,
        "nauc_ndcg_at_3_std": -0.10506339988238722,
        "nauc_ndcg_at_5_diff1": 0.6113929885566703,
        "nauc_ndcg_at_5_max": 0.32172619830836824,
        "nauc_ndcg_at_5_std": -0.09635834240439649,
        "nauc_precision_at_1000_diff1": 0.5766122540970418,
        "nauc_precision_at_1000_max": 0.8243021346469612,
        "nauc_precision_at_1000_std": 0.8581087607456781,
        "nauc_precision_at_100_diff1": 0.6094867170612542,
        "nauc_precision_at_100_max": 0.5446580458667477,
        "nauc_precision_at_100_std": 0.29998848854610327,
        "nauc_precision_at_10_diff1": 0.5531433205494255,
        "nauc_precision_at_10_max": 0.40684441848509434,
        "nauc_precision_at_10_std": 0.019933723206290374,
        "nauc_precision_at_1_diff1": 0.6579167467476091,
        "nauc_precision_at_1_max": 0.2960467628521627,
        "nauc_precision_at_1_std": -0.11894173862905845,
        "nauc_precision_at_20_diff1": 0.6039904340264056,
        "nauc_precision_at_20_max": 0.49392573853005395,
        "nauc_precision_at_20_std": 0.06462961498932546,
        "nauc_precision_at_3_diff1": 0.5948315078559684,
        "nauc_precision_at_3_max": 0.3327198923482653,
        "nauc_precision_at_3_std": -0.09226746239028794,
        "nauc_precision_at_5_diff1": 0.560356169968311,
        "nauc_precision_at_5_max": 0.3509071030150284,
        "nauc_precision_at_5_std": -0.06726090098771415,
        "nauc_recall_at_1000_diff1": 0.576612254097041,
        "nauc_recall_at_1000_max": 0.8243021346469582,
        "nauc_recall_at_1000_std": 0.8581087607456788,
        "nauc_recall_at_100_diff1": 0.6094867170612528,
        "nauc_recall_at_100_max": 0.5446580458667463,
        "nauc_recall_at_100_std": 0.2999884885461046,
        "nauc_recall_at_10_diff1": 0.5531433205494262,
        "nauc_recall_at_10_max": 0.40684441848509517,
        "nauc_recall_at_10_std": 0.019933723206291398,
        "nauc_recall_at_1_diff1": 0.6579167467476091,
        "nauc_recall_at_1_max": 0.2960467628521627,
        "nauc_recall_at_1_std": -0.11894173862905845,
        "nauc_recall_at_20_diff1": 0.6039904340264041,
        "nauc_recall_at_20_max": 0.49392573853005467,
        "nauc_recall_at_20_std": 0.06462961498932626,
        "nauc_recall_at_3_diff1": 0.5948315078559683,
        "nauc_recall_at_3_max": 0.33271989234826455,
        "nauc_recall_at_3_std": -0.09226746239028884,
        "nauc_recall_at_5_diff1": 0.5603561699683112,
        "nauc_recall_at_5_max": 0.350907103015029,
        "nauc_recall_at_5_std": -0.06726090098771347,
        "ndcg_at_1": 0.485,
        "ndcg_at_10": 0.62962,
        "ndcg_at_100": 0.65891,
        "ndcg_at_1000": 0.66468,
        "ndcg_at_20": 0.64493,
        "ndcg_at_3": 0.57381,
        "ndcg_at_5": 0.60337,
        "precision_at_1": 0.485,
        "precision_at_10": 0.0791,
        "precision_at_100": 0.00927,
        "precision_at_1000": 0.00097,
        "precision_at_20": 0.0426,
        "precision_at_3": 0.21267,
        "precision_at_5": 0.142,
        "recall_at_1": 0.485,
        "recall_at_10": 0.791,
        "recall_at_100": 0.927,
        "recall_at_1000": 0.971,
        "recall_at_20": 0.852,
        "recall_at_3": 0.638,
        "recall_at_5": 0.71
      }
    ]
  },
  "task_name": "EcomRetrieval"
}