{
  "dataset_revision": "2039188fb5800a9803ba5048df7b76e6fb151fc6",
  "evaluation_time": 505.36066007614136,
  "kg_co2_emissions": null,
  "mteb_version": "1.14.18",
  "scores": {
    "dev": [
      {
        "hf_subset": "default",
        "languages": [
          "cmn-Hans"
        ],
        "main_score": 0.59577,
        "map_at_1": 0.504,
        "map_at_10": 0.56547,
        "map_at_100": 0.57132,
        "map_at_1000": 0.57191,
        "map_at_20": 0.569,
        "map_at_3": 0.54933,
        "map_at_5": 0.55943,
        "mrr_at_1": 0.505,
        "mrr_at_10": 0.565972619047619,
        "mrr_at_100": 0.5718251426815926,
        "mrr_at_1000": 0.5724086661448209,
        "mrr_at_20": 0.5695065915465684,
        "mrr_at_3": 0.5498333333333333,
        "mrr_at_5": 0.5599333333333332,
        "nauc_map_at_1000_diff1": 0.7601543792249011,
        "nauc_map_at_1000_max": 0.5137401121384849,
        "nauc_map_at_1000_std": 0.133053746520982,
        "nauc_map_at_100_diff1": 0.7599617013839454,
        "nauc_map_at_100_max": 0.5135218485179485,
        "nauc_map_at_100_std": 0.13317900350872758,
        "nauc_map_at_10_diff1": 0.7594435685643655,
        "nauc_map_at_10_max": 0.5138462095075168,
        "nauc_map_at_10_std": 0.1308507663182794,
        "nauc_map_at_1_diff1": 0.7924092091320685,
        "nauc_map_at_1_max": 0.5408237806248597,
        "nauc_map_at_1_std": 0.10979460338866943,
        "nauc_map_at_20_diff1": 0.7597443567369827,
        "nauc_map_at_20_max": 0.5131486260076213,
        "nauc_map_at_20_std": 0.13272023550885126,
        "nauc_map_at_3_diff1": 0.7685879444124057,
        "nauc_map_at_3_max": 0.5253875384776696,
        "nauc_map_at_3_std": 0.12497799938585519,
        "nauc_map_at_5_diff1": 0.76284139804362,
        "nauc_map_at_5_max": 0.5191632022637883,
        "nauc_map_at_5_std": 0.13151269612380015,
        "nauc_mrr_at_1000_diff1": 0.7590108514738962,
        "nauc_mrr_at_1000_max": 0.5158332119250476,
        "nauc_mrr_at_1000_std": 0.13554483634547237,
        "nauc_mrr_at_100_diff1": 0.75881996922543,
        "nauc_mrr_at_100_max": 0.5156113379940671,
        "nauc_mrr_at_100_std": 0.13566601482276902,
        "nauc_mrr_at_10_diff1": 0.7583176692528757,
        "nauc_mrr_at_10_max": 0.5159118196872591,
        "nauc_mrr_at_10_std": 0.13331074095725284,
        "nauc_mrr_at_1_diff1": 0.7903544427554526,
        "nauc_mrr_at_1_max": 0.5446833586682115,
        "nauc_mrr_at_1_std": 0.11433641592949988,
        "nauc_mrr_at_20_diff1": 0.7586087255654436,
        "nauc_mrr_at_20_max": 0.51522651533037,
        "nauc_mrr_at_20_std": 0.13519343156152122,
        "nauc_mrr_at_3_diff1": 0.7674972782987264,
        "nauc_mrr_at_3_max": 0.5274037674574685,
        "nauc_mrr_at_3_std": 0.1273685943422803,
        "nauc_mrr_at_5_diff1": 0.7617288956669617,
        "nauc_mrr_at_5_max": 0.5212105646213391,
        "nauc_mrr_at_5_std": 0.13394783143229638,
        "nauc_ndcg_at_1000_diff1": 0.7482023698180397,
        "nauc_ndcg_at_1000_max": 0.5003866859244882,
        "nauc_ndcg_at_1000_std": 0.14796574997790252,
        "nauc_ndcg_at_100_diff1": 0.7412882411054704,
        "nauc_ndcg_at_100_max": 0.4922520563804393,
        "nauc_ndcg_at_100_std": 0.154444980800663,
        "nauc_ndcg_at_10_diff1": 0.7406407582478414,
        "nauc_ndcg_at_10_max": 0.49370080722579196,
        "nauc_ndcg_at_10_std": 0.14306195664138632,
        "nauc_ndcg_at_1_diff1": 0.7924092091320685,
        "nauc_ndcg_at_1_max": 0.5408237806248597,
        "nauc_ndcg_at_1_std": 0.10979460338866943,
        "nauc_ndcg_at_20_diff1": 0.7410628281221936,
        "nauc_ndcg_at_20_max": 0.4907951822012854,
        "nauc_ndcg_at_20_std": 0.15152389190037796,
        "nauc_ndcg_at_3_diff1": 0.7603137435535352,
        "nauc_ndcg_at_3_max": 0.5187952206020365,
        "nauc_ndcg_at_3_std": 0.13072675430358233,
        "nauc_ndcg_at_5_diff1": 0.74936559628745,
        "nauc_ndcg_at_5_max": 0.507395868765867,
        "nauc_ndcg_at_5_std": 0.14366821023271803,
        "nauc_precision_at_1000_diff1": 0.6343370681605951,
        "nauc_precision_at_1000_max": 0.38458716820061045,
        "nauc_precision_at_1000_std": 0.45363145258102816,
        "nauc_precision_at_100_diff1": 0.6184914635182205,
        "nauc_precision_at_100_max": 0.35079661695647446,
        "nauc_precision_at_100_std": 0.31213976289572976,
        "nauc_precision_at_10_diff1": 0.6682261573783586,
        "nauc_precision_at_10_max": 0.41375226897944867,
        "nauc_precision_at_10_std": 0.18993324295710462,
        "nauc_precision_at_1_diff1": 0.7924092091320685,
        "nauc_precision_at_1_max": 0.5408237806248597,
        "nauc_precision_at_1_std": 0.10979460338866943,
        "nauc_precision_at_20_diff1": 0.6586816451279864,
        "nauc_precision_at_20_max": 0.387355496341756,
        "nauc_precision_at_20_std": 0.243308863435116,
        "nauc_precision_at_3_diff1": 0.7348337647895832,
        "nauc_precision_at_3_max": 0.4981002971368444,
        "nauc_precision_at_3_std": 0.14858187405463277,
        "nauc_precision_at_5_diff1": 0.703448644117985,
        "nauc_precision_at_5_max": 0.4668719488811679,
        "nauc_precision_at_5_std": 0.1862038054338831,
        "nauc_recall_at_1000_diff1": 0.6343370681605988,
        "nauc_recall_at_1000_max": 0.3845871682006125,
        "nauc_recall_at_1000_std": 0.4536314525810347,
        "nauc_recall_at_100_diff1": 0.6184914635182198,
        "nauc_recall_at_100_max": 0.35079661695647507,
        "nauc_recall_at_100_std": 0.31213976289573014,
        "nauc_recall_at_10_diff1": 0.6682261573783591,
        "nauc_recall_at_10_max": 0.41375226897945006,
        "nauc_recall_at_10_std": 0.18993324295710548,
        "nauc_recall_at_1_diff1": 0.7924092091320685,
        "nauc_recall_at_1_max": 0.5408237806248597,
        "nauc_recall_at_1_std": 0.10979460338866943,
        "nauc_recall_at_20_diff1": 0.6586816451279878,
        "nauc_recall_at_20_max": 0.38735549634175714,
        "nauc_recall_at_20_std": 0.24330886343511637,
        "nauc_recall_at_3_diff1": 0.7348337647895828,
        "nauc_recall_at_3_max": 0.4981002971368448,
        "nauc_recall_at_3_std": 0.14858187405463277,
        "nauc_recall_at_5_diff1": 0.703448644117985,
        "nauc_recall_at_5_max": 0.46687194888116934,
        "nauc_recall_at_5_std": 0.1862038054338839,
        "ndcg_at_1": 0.504,
        "ndcg_at_10": 0.59577,
        "ndcg_at_100": 0.62616,
        "ndcg_at_1000": 0.64293,
        "ndcg_at_20": 0.60865,
        "ndcg_at_3": 0.56343,
        "ndcg_at_5": 0.58138,
        "precision_at_1": 0.504,
        "precision_at_10": 0.0691,
        "precision_at_100": 0.00838,
        "precision_at_1000": 0.00097,
        "precision_at_20": 0.0371,
        "precision_at_3": 0.20133,
        "precision_at_5": 0.1294,
        "recall_at_1": 0.504,
        "recall_at_10": 0.691,
        "recall_at_100": 0.838,
        "recall_at_1000": 0.972,
        "recall_at_20": 0.742,
        "recall_at_3": 0.604,
        "recall_at_5": 0.647
      }
    ]
  },
  "task_name": "MedicalRetrieval"
}