{
  "dataset_revision": "539bbde593d947e2a124ba72651aafc09eb33fc2",
  "evaluation_time": 513.1785588264465,
  "kg_co2_emissions": null,
  "mteb_version": "1.14.18",
  "scores": {
    "dev": [
      {
        "hf_subset": "default",
        "languages": [
          "cmn-Hans"
        ],
        "main_score": 0.74623,
        "map_at_1": 0.61213,
        "map_at_10": 0.70543,
        "map_at_100": 0.70979,
        "map_at_1000": 0.70993,
        "map_at_20": 0.7083,
        "map_at_3": 0.68508,
        "map_at_5": 0.69798,
        "mrr_at_1": 0.6333810888252149,
        "mrr_at_10": 0.7125278005184881,
        "mrr_at_100": 0.7162895370782125,
        "mrr_at_1000": 0.716419087430383,
        "mrr_at_20": 0.7149264288383846,
        "mrr_at_3": 0.6944842406876801,
        "mrr_at_5": 0.7059097421203426,
        "nauc_map_at_1000_diff1": 0.7373627149009119,
        "nauc_map_at_1000_max": 0.459807442652159,
        "nauc_map_at_1000_std": -0.05686625934154971,
        "nauc_map_at_100_diff1": 0.7372975040533418,
        "nauc_map_at_100_max": 0.4599504195950103,
        "nauc_map_at_100_std": -0.056652956523728454,
        "nauc_map_at_10_diff1": 0.7365034112842073,
        "nauc_map_at_10_max": 0.46101260502629365,
        "nauc_map_at_10_std": -0.057996462701596585,
        "nauc_map_at_1_diff1": 0.7567991173230469,
        "nauc_map_at_1_max": 0.391672909876979,
        "nauc_map_at_1_std": -0.11204910073819707,
        "nauc_map_at_20_diff1": 0.7368511377493171,
        "nauc_map_at_20_max": 0.4604604431165408,
        "nauc_map_at_20_std": -0.056612411620380707,
        "nauc_map_at_3_diff1": 0.7365804547067838,
        "nauc_map_at_3_max": 0.44936043301361406,
        "nauc_map_at_3_std": -0.07126755915224933,
        "nauc_map_at_5_diff1": 0.7354662041924918,
        "nauc_map_at_5_max": 0.45939197168018975,
        "nauc_map_at_5_std": -0.06489833719046874,
        "nauc_mrr_at_1000_diff1": 0.7449652287021462,
        "nauc_mrr_at_1000_max": 0.46428354456752235,
        "nauc_mrr_at_1000_std": -0.050988445137059905,
        "nauc_mrr_at_100_diff1": 0.7448939280441141,
        "nauc_mrr_at_100_max": 0.4644149145624664,
        "nauc_mrr_at_100_std": -0.050774351958112474,
        "nauc_mrr_at_10_diff1": 0.7445558315344766,
        "nauc_mrr_at_10_max": 0.4662023363532798,
        "nauc_mrr_at_10_std": -0.0510588160946694,
        "nauc_mrr_at_1_diff1": 0.7710125689221385,
        "nauc_mrr_at_1_max": 0.42511272315049653,
        "nauc_mrr_at_1_std": -0.09891353384902471,
        "nauc_mrr_at_20_diff1": 0.7445139611506219,
        "nauc_mrr_at_20_max": 0.46489234756709463,
        "nauc_mrr_at_20_std": -0.050472061024422775,
        "nauc_mrr_at_3_diff1": 0.7445632975648565,
        "nauc_mrr_at_3_max": 0.4578313962258594,
        "nauc_mrr_at_3_std": -0.0617592411637664,
        "nauc_mrr_at_5_diff1": 0.7437778335496078,
        "nauc_mrr_at_5_max": 0.4654116390458209,
        "nauc_mrr_at_5_std": -0.05630087334336154,
        "nauc_ndcg_at_1000_diff1": 0.7345013669348964,
        "nauc_ndcg_at_1000_max": 0.47454987523467057,
        "nauc_ndcg_at_1000_std": -0.029466952153975455,
        "nauc_ndcg_at_100_diff1": 0.7327447261595469,
        "nauc_ndcg_at_100_max": 0.479128268418762,
        "nauc_ndcg_at_100_std": -0.021295717651707777,
        "nauc_ndcg_at_10_diff1": 0.7286163619950872,
        "nauc_ndcg_at_10_max": 0.4864772615730742,
        "nauc_ndcg_at_10_std": -0.025268151233986604,
        "nauc_ndcg_at_1_diff1": 0.7710125689221385,
        "nauc_ndcg_at_1_max": 0.42511272315049653,
        "nauc_ndcg_at_1_std": -0.09891353384902471,
        "nauc_ndcg_at_20_diff1": 0.7292358138035042,
        "nauc_ndcg_at_20_max": 0.4835008265373244,
        "nauc_ndcg_at_20_std": -0.019798827264664642,
        "nauc_ndcg_at_3_diff1": 0.7291103004239323,
        "nauc_ndcg_at_3_max": 0.4642192973117247,
        "nauc_ndcg_at_3_std": -0.054967170116372886,
        "nauc_ndcg_at_5_diff1": 0.7266764553378761,
        "nauc_ndcg_at_5_max": 0.48206615443217143,
        "nauc_ndcg_at_5_std": -0.042919702053391164,
        "nauc_precision_at_1000_diff1": -0.09100032190053664,
        "nauc_precision_at_1000_max": 0.15818906433533828,
        "nauc_precision_at_1000_std": 0.25096037212554545,
        "nauc_precision_at_100_diff1": 0.060270300183235606,
        "nauc_precision_at_100_max": 0.2886476746924158,
        "nauc_precision_at_100_std": 0.3027037761226207,
        "nauc_precision_at_10_diff1": 0.33812592243861705,
        "nauc_precision_at_10_max": 0.4491503856952724,
        "nauc_precision_at_10_std": 0.18033023101922524,
        "nauc_precision_at_1_diff1": 0.7710125689221385,
        "nauc_precision_at_1_max": 0.42511272315049653,
        "nauc_precision_at_1_std": -0.09891353384902471,
        "nauc_precision_at_20_diff1": 0.23968107501228023,
        "nauc_precision_at_20_max": 0.3934850185951874,
        "nauc_precision_at_20_std": 0.2330229457581923,
        "nauc_precision_at_3_diff1": 0.5176767439516109,
        "nauc_precision_at_3_max": 0.45825081883917956,
        "nauc_precision_at_3_std": 0.03937131636634818,
        "nauc_precision_at_5_diff1": 0.43168830686659465,
        "nauc_precision_at_5_max": 0.472680694942795,
        "nauc_precision_at_5_std": 0.0908924961670368,
        "nauc_recall_at_1000_diff1": 0.6858862843382976,
        "nauc_recall_at_1000_max": 0.6766991006929146,
        "nauc_recall_at_1000_std": 0.7481424148606853,
        "nauc_recall_at_100_diff1": 0.654269503127751,
        "nauc_recall_at_100_max": 0.700371697584547,
        "nauc_recall_at_100_std": 0.5247864362333052,
        "nauc_recall_at_10_diff1": 0.6682737698744138,
        "nauc_recall_at_10_max": 0.6144094461009886,
        "nauc_recall_at_10_std": 0.14877457452520687,
        "nauc_recall_at_1_diff1": 0.7567991173230469,
        "nauc_recall_at_1_max": 0.391672909876979,
        "nauc_recall_at_1_std": -0.11204910073819707,
        "nauc_recall_at_20_diff1": 0.6540375716532166,
        "nauc_recall_at_20_max": 0.6287035113341656,
        "nauc_recall_at_20_std": 0.2486478830077804,
        "nauc_recall_at_3_diff1": 0.6920981250724975,
        "nauc_recall_at_3_max": 0.502470039073208,
        "nauc_recall_at_3_std": -0.010836607924469643,
        "nauc_recall_at_5_diff1": 0.6730240648041997,
        "nauc_recall_at_5_max": 0.5649279947993584,
        "nauc_recall_at_5_std": 0.03773488831085475,
        "ndcg_at_1": 0.63338,
        "ndcg_at_10": 0.74623,
        "ndcg_at_100": 0.76617,
        "ndcg_at_1000": 0.76996,
        "ndcg_at_20": 0.75586,
        "ndcg_at_3": 0.70738,
        "ndcg_at_5": 0.72932,
        "precision_at_1": 0.63338,
        "precision_at_10": 0.09193,
        "precision_at_100": 0.01019,
        "precision_at_1000": 0.00105,
        "precision_at_20": 0.04804,
        "precision_at_3": 0.26882,
        "precision_at_5": 0.17281,
        "recall_at_1": 0.61213,
        "recall_at_10": 0.86532,
        "recall_at_100": 0.95691,
        "recall_at_1000": 0.98639,
        "recall_at_20": 0.90223,
        "recall_at_3": 0.76249,
        "recall_at_5": 0.8147
      }
    ]
  },
  "task_name": "MMarcoRetrieval"
}