{
  "dataset_revision": "8731a845f1bf500a4f111cf1070785c793d10e64",
  "evaluation_time": 1998.3822486400604,
  "kg_co2_emissions": null,
  "mteb_version": "1.14.18",
  "scores": {
    "dev": [
      {
        "hf_subset": "default",
        "languages": [
          "cmn-Hans"
        ],
        "main_score": 0.78089,
        "map_at_1": 0.24148,
        "map_at_10": 0.6901,
        "map_at_100": 0.73085,
        "map_at_1000": 0.73177,
        "map_at_20": 0.72014,
        "map_at_3": 0.47782,
        "map_at_5": 0.59024,
        "mrr_at_1": 0.8307031386989304,
        "mrr_at_10": 0.8736854593377504,
        "mrr_at_100": 0.8752450269100701,
        "mrr_at_1000": 0.875297860545616,
        "mrr_at_20": 0.8747570914369363,
        "mrr_at_3": 0.866261908936817,
        "mrr_at_5": 0.8709107779531268,
        "nauc_map_at_1000_diff1": 0.16561767937659122,
        "nauc_map_at_1000_max": 0.431095946339749,
        "nauc_map_at_1000_std": 0.20928523561890375,
        "nauc_map_at_100_diff1": 0.1656793497644139,
        "nauc_map_at_100_max": 0.4299353330436275,
        "nauc_map_at_100_std": 0.20891998003199097,
        "nauc_map_at_10_diff1": 0.19438950018210852,
        "nauc_map_at_10_max": 0.32973102239994395,
        "nauc_map_at_10_std": 0.10740608181694528,
        "nauc_map_at_1_diff1": 0.43391999342208426,
        "nauc_map_at_1_max": -0.18211584350001556,
        "nauc_map_at_1_std": -0.24055012910970772,
        "nauc_map_at_20_diff1": 0.17033349872355402,
        "nauc_map_at_20_max": 0.4065594026224583,
        "nauc_map_at_20_std": 0.18411794128355213,
        "nauc_map_at_3_diff1": 0.3265204702418469,
        "nauc_map_at_3_max": -0.04813797273392799,
        "nauc_map_at_3_std": -0.17723638301437594,
        "nauc_map_at_5_diff1": 0.27049389742376895,
        "nauc_map_at_5_max": 0.10268545539388121,
        "nauc_map_at_5_std": -0.07834542083333647,
        "nauc_mrr_at_1000_diff1": 0.409131511304279,
        "nauc_mrr_at_1000_max": 0.6703711747134549,
        "nauc_mrr_at_1000_std": 0.34705493374794505,
        "nauc_mrr_at_100_diff1": 0.40912930783259427,
        "nauc_mrr_at_100_max": 0.6704248600033771,
        "nauc_mrr_at_100_std": 0.3472068791048929,
        "nauc_mrr_at_10_diff1": 0.40872831737679977,
        "nauc_mrr_at_10_max": 0.6713309721925381,
        "nauc_mrr_at_10_std": 0.34856576237004155,
        "nauc_mrr_at_1_diff1": 0.41594356880224753,
        "nauc_mrr_at_1_max": 0.646039016649716,
        "nauc_mrr_at_1_std": 0.3045702437931298,
        "nauc_mrr_at_20_diff1": 0.40917942081239095,
        "nauc_mrr_at_20_max": 0.6707806360644253,
        "nauc_mrr_at_20_std": 0.3477506823952128,
        "nauc_mrr_at_3_diff1": 0.408149165538829,
        "nauc_mrr_at_3_max": 0.6681483935448013,
        "nauc_mrr_at_3_std": 0.34108626765433153,
        "nauc_mrr_at_5_diff1": 0.40856863174833574,
        "nauc_mrr_at_5_max": 0.6714686717557489,
        "nauc_mrr_at_5_std": 0.34655736133010795,
        "nauc_ndcg_at_1000_diff1": 0.2060655014235643,
        "nauc_ndcg_at_1000_max": 0.536427094659795,
        "nauc_ndcg_at_1000_std": 0.30445781401126565,
        "nauc_ndcg_at_100_diff1": 0.2031556974555839,
        "nauc_ndcg_at_100_max": 0.5255502062547415,
        "nauc_ndcg_at_100_std": 0.30637596320018834,
        "nauc_ndcg_at_10_diff1": 0.20068228100890148,
        "nauc_ndcg_at_10_max": 0.4440810024496456,
        "nauc_ndcg_at_10_std": 0.2149524652017169,
        "nauc_ndcg_at_1_diff1": 0.41594356880224753,
        "nauc_ndcg_at_1_max": 0.646039016649716,
        "nauc_ndcg_at_1_std": 0.3045702437931298,
        "nauc_ndcg_at_20_diff1": 0.202571173670252,
        "nauc_ndcg_at_20_max": 0.4761472162136361,
        "nauc_ndcg_at_20_std": 0.25685638315082243,
        "nauc_ndcg_at_3_diff1": 0.17423865023803542,
        "nauc_ndcg_at_3_max": 0.5699701559620713,
        "nauc_ndcg_at_3_std": 0.28138324339801113,
        "nauc_ndcg_at_5_diff1": 0.16947224393014665,
        "nauc_ndcg_at_5_max": 0.5114473483645832,
        "nauc_ndcg_at_5_std": 0.24693808240464607,
        "nauc_precision_at_1000_diff1": -0.24891327070086888,
        "nauc_precision_at_1000_max": 0.5035448496228172,
        "nauc_precision_at_1000_std": 0.4541386460586698,
        "nauc_precision_at_100_diff1": -0.24386785639400035,
        "nauc_precision_at_100_max": 0.5198907956920324,
        "nauc_precision_at_100_std": 0.475289203660695,
        "nauc_precision_at_10_diff1": -0.21705944088639664,
        "nauc_precision_at_10_max": 0.5556914635835326,
        "nauc_precision_at_10_std": 0.44536787424619756,
        "nauc_precision_at_1_diff1": 0.41594356880224753,
        "nauc_precision_at_1_max": 0.646039016649716,
        "nauc_precision_at_1_std": 0.3045702437931298,
        "nauc_precision_at_20_diff1": -0.23252521144138089,
        "nauc_precision_at_20_max": 0.5387809672185987,
        "nauc_precision_at_20_std": 0.46808850829968046,
        "nauc_precision_at_3_diff1": -0.09971676464618397,
        "nauc_precision_at_3_max": 0.6068886707822626,
        "nauc_precision_at_3_std": 0.3791049791826497,
        "nauc_precision_at_5_diff1": -0.17780913245574959,
        "nauc_precision_at_5_max": 0.5840976758710468,
        "nauc_precision_at_5_std": 0.4079284126348506,
        "nauc_recall_at_1000_diff1": 0.11510788328271752,
        "nauc_recall_at_1000_max": 0.5022181660287272,
        "nauc_recall_at_1000_std": 0.6412964084008296,
        "nauc_recall_at_100_diff1": 0.12382086617967153,
        "nauc_recall_at_100_max": 0.4199358410311972,
        "nauc_recall_at_100_std": 0.4520642312653264,
        "nauc_recall_at_10_diff1": 0.1780555036021933,
        "nauc_recall_at_10_max": 0.2148602218014944,
        "nauc_recall_at_10_std": 0.07709477159267239,
        "nauc_recall_at_1_diff1": 0.43391999342208426,
        "nauc_recall_at_1_max": -0.18211584350001556,
        "nauc_recall_at_1_std": -0.24055012910970772,
        "nauc_recall_at_20_diff1": 0.13973487303524246,
        "nauc_recall_at_20_max": 0.3127687084355697,
        "nauc_recall_at_20_std": 0.22538693765738918,
        "nauc_recall_at_3_diff1": 0.2994867557588551,
        "nauc_recall_at_3_max": -0.10553838310909727,
        "nauc_recall_at_3_std": -0.1996459513761372,
        "nauc_recall_at_5_diff1": 0.25001293802036145,
        "nauc_recall_at_5_max": 0.005254198729973293,
        "nauc_recall_at_5_std": -0.12267020757945116,
        "ndcg_at_1": 0.8307,
        "ndcg_at_10": 0.78089,
        "ndcg_at_100": 0.8291,
        "ndcg_at_1000": 0.8382,
        "ndcg_at_20": 0.80459,
        "ndcg_at_3": 0.79014,
        "ndcg_at_5": 0.77624,
        "precision_at_1": 0.8307,
        "precision_at_10": 0.39616,
        "precision_at_100": 0.04928,
        "precision_at_1000": 0.00514,
        "precision_at_20": 0.22414,
        "precision_at_3": 0.69612,
        "precision_at_5": 0.58541,
        "recall_at_1": 0.24148,
        "recall_at_10": 0.78154,
        "recall_at_100": 0.93424,
        "recall_at_1000": 0.98062,
        "recall_at_20": 0.85577,
        "recall_at_3": 0.50343,
        "recall_at_5": 0.63929
      }
    ]
  },
  "task_name": "T2Retrieval"
}