{
  "dataset_revision": "58c2597a5943a2ba48f4668c3b90d796283c5639",
  "evaluation_time": 143.32673406600952,
  "kg_co2_emissions": null,
  "mteb_version": "1.14.18",
  "scores": {
    "dev": [
      {
        "hf_subset": "default",
        "languages": [
          "cmn-Hans"
        ],
        "main_score": 0.67638,
        "map_at_1": 0.513,
        "map_at_10": 0.62449,
        "map_at_100": 0.63036,
        "map_at_1000": 0.63045,
        "map_at_20": 0.6284,
        "map_at_3": 0.60067,
        "map_at_5": 0.61517,
        "mrr_at_1": 0.513,
        "mrr_at_10": 0.6244932539682543,
        "mrr_at_100": 0.6303557430941088,
        "mrr_at_1000": 0.6304524825791228,
        "mrr_at_20": 0.6284020211771373,
        "mrr_at_3": 0.6006666666666669,
        "mrr_at_5": 0.615166666666667,
        "nauc_map_at_1000_diff1": 0.5607420495465305,
        "nauc_map_at_1000_max": 0.19753143809836282,
        "nauc_map_at_1000_std": -0.2642131232747614,
        "nauc_map_at_100_diff1": 0.5607006048657595,
        "nauc_map_at_100_max": 0.19750250299985864,
        "nauc_map_at_100_std": -0.26418585528926475,
        "nauc_map_at_10_diff1": 0.558351318914145,
        "nauc_map_at_10_max": 0.1946076121663688,
        "nauc_map_at_10_std": -0.26947876567782164,
        "nauc_map_at_1_diff1": 0.5894137839301363,
        "nauc_map_at_1_max": 0.20464694833018032,
        "nauc_map_at_1_std": -0.2424874650418822,
        "nauc_map_at_20_diff1": 0.5599380114967777,
        "nauc_map_at_20_max": 0.19554352597375954,
        "nauc_map_at_20_std": -0.26684129367721754,
        "nauc_map_at_3_diff1": 0.564797158671436,
        "nauc_map_at_3_max": 0.20702317196033695,
        "nauc_map_at_3_std": -0.2672058739553043,
        "nauc_map_at_5_diff1": 0.5583408019306862,
        "nauc_map_at_5_max": 0.19736634598555564,
        "nauc_map_at_5_std": -0.2688475674899411,
        "nauc_mrr_at_1000_diff1": 0.5607420495465305,
        "nauc_mrr_at_1000_max": 0.19753143809836282,
        "nauc_mrr_at_1000_std": -0.2642131232747614,
        "nauc_mrr_at_100_diff1": 0.5607006048657595,
        "nauc_mrr_at_100_max": 0.19750250299985864,
        "nauc_mrr_at_100_std": -0.26418585528926475,
        "nauc_mrr_at_10_diff1": 0.558351318914145,
        "nauc_mrr_at_10_max": 0.1946076121663688,
        "nauc_mrr_at_10_std": -0.26947876567782164,
        "nauc_mrr_at_1_diff1": 0.5894137839301363,
        "nauc_mrr_at_1_max": 0.20464694833018032,
        "nauc_mrr_at_1_std": -0.2424874650418822,
        "nauc_mrr_at_20_diff1": 0.5599380114967777,
        "nauc_mrr_at_20_max": 0.19554352597375954,
        "nauc_mrr_at_20_std": -0.26684129367721754,
        "nauc_mrr_at_3_diff1": 0.564797158671436,
        "nauc_mrr_at_3_max": 0.20702317196033695,
        "nauc_mrr_at_3_std": -0.2672058739553043,
        "nauc_mrr_at_5_diff1": 0.5583408019306862,
        "nauc_mrr_at_5_max": 0.19736634598555564,
        "nauc_mrr_at_5_std": -0.2688475674899411,
        "nauc_ndcg_at_1000_diff1": 0.5550004271035802,
        "nauc_ndcg_at_1000_max": 0.19647010630041184,
        "nauc_ndcg_at_1000_std": -0.2552576617028391,
        "nauc_ndcg_at_100_diff1": 0.5543224376617265,
        "nauc_ndcg_at_100_max": 0.19709078685903872,
        "nauc_ndcg_at_100_std": -0.25197802988525553,
        "nauc_ndcg_at_10_diff1": 0.543091578554625,
        "nauc_ndcg_at_10_max": 0.18262608357231044,
        "nauc_ndcg_at_10_std": -0.2824568370561695,
        "nauc_ndcg_at_1_diff1": 0.5894137839301363,
        "nauc_ndcg_at_1_max": 0.20464694833018032,
        "nauc_ndcg_at_1_std": -0.2424874650418822,
        "nauc_ndcg_at_20_diff1": 0.5482874193631982,
        "nauc_ndcg_at_20_max": 0.1855542907556074,
        "nauc_ndcg_at_20_std": -0.2710742623644101,
        "nauc_ndcg_at_3_diff1": 0.5561225065373702,
        "nauc_ndcg_at_3_max": 0.20814168208699801,
        "nauc_ndcg_at_3_std": -0.27662033939975283,
        "nauc_ndcg_at_5_diff1": 0.5432134713649618,
        "nauc_ndcg_at_5_max": 0.18981815385509698,
        "nauc_ndcg_at_5_std": -0.2798507869062688,
        "nauc_precision_at_1000_diff1": 0.5077497665732857,
        "nauc_precision_at_1000_max": 0.2517896047307739,
        "nauc_precision_at_1000_std": 0.6231559290382758,
        "nauc_precision_at_100_diff1": 0.510179997925093,
        "nauc_precision_at_100_max": 0.26937441643323806,
        "nauc_precision_at_100_std": 0.3052961925510934,
        "nauc_precision_at_10_diff1": 0.4593955903944852,
        "nauc_precision_at_10_max": 0.10995498173787382,
        "nauc_precision_at_10_std": -0.35454611641649986,
        "nauc_precision_at_1_diff1": 0.5894137839301363,
        "nauc_precision_at_1_max": 0.20464694833018032,
        "nauc_precision_at_1_std": -0.2424874650418822,
        "nauc_precision_at_20_diff1": 0.46471611380295696,
        "nauc_precision_at_20_max": 0.1014367357080724,
        "nauc_precision_at_20_std": -0.27997710452052793,
        "nauc_precision_at_3_diff1": 0.5261753672216446,
        "nauc_precision_at_3_max": 0.2121114968197466,
        "nauc_precision_at_3_std": -0.30939298796441644,
        "nauc_precision_at_5_diff1": 0.4794118305319927,
        "nauc_precision_at_5_max": 0.1558000044761747,
        "nauc_precision_at_5_std": -0.3248629171236115,
        "nauc_recall_at_1000_diff1": 0.5077497665733007,
        "nauc_recall_at_1000_max": 0.2517896047307768,
        "nauc_recall_at_1000_std": 0.6231559290382861,
        "nauc_recall_at_100_diff1": 0.5101799979250953,
        "nauc_recall_at_100_max": 0.26937441643323917,
        "nauc_recall_at_100_std": 0.30529619255109375,
        "nauc_recall_at_10_diff1": 0.45939559039448674,
        "nauc_recall_at_10_max": 0.10995498173787543,
        "nauc_recall_at_10_std": -0.35454611641649747,
        "nauc_recall_at_1_diff1": 0.5894137839301363,
        "nauc_recall_at_1_max": 0.20464694833018032,
        "nauc_recall_at_1_std": -0.2424874650418822,
        "nauc_recall_at_20_diff1": 0.46471611380295724,
        "nauc_recall_at_20_max": 0.10143673570807359,
        "nauc_recall_at_20_std": -0.27997710452052466,
        "nauc_recall_at_3_diff1": 0.5261753672216454,
        "nauc_recall_at_3_max": 0.21211149681974623,
        "nauc_recall_at_3_std": -0.3093929879644162,
        "nauc_recall_at_5_diff1": 0.4794118305319939,
        "nauc_recall_at_5_max": 0.1558000044761751,
        "nauc_recall_at_5_std": -0.3248629171236096,
        "ndcg_at_1": 0.513,
        "ndcg_at_10": 0.67638,
        "ndcg_at_100": 0.70388,
        "ndcg_at_1000": 0.70655,
        "ndcg_at_20": 0.69057,
        "ndcg_at_3": 0.62831,
        "ndcg_at_5": 0.65413,
        "precision_at_1": 0.513,
        "precision_at_10": 0.0838,
        "precision_at_100": 0.00964,
        "precision_at_1000": 0.00099,
        "precision_at_20": 0.0447,
        "precision_at_3": 0.236,
        "precision_at_5": 0.154,
        "recall_at_1": 0.513,
        "recall_at_10": 0.838,
        "recall_at_100": 0.964,
        "recall_at_1000": 0.985,
        "recall_at_20": 0.894,
        "recall_at_3": 0.708,
        "recall_at_5": 0.77
      }
    ]
  },
  "task_name": "VideoRetrieval"
}