{
  "dataset_revision": "b44c3b011063adb25877c13823db83bb193913c4",
  "evaluation_time": 4.442472219467163,
  "kg_co2_emissions": null,
  "mteb_version": "1.14.12",
  "scores": {
    "validation": [
      {
        "cosine_pearson": 0.5691928388706962,
        "cosine_spearman": 0.6095716051409926,
        "euclidean_pearson": 0.5890835654599712,
        "euclidean_spearman": 0.6019510729523511,
        "hf_subset": "default",
        "languages": [
          "cmn-Hans"
        ],
        "main_score": 0.6095716051409926,
        "manhattan_pearson": 0.5890357489532423,
        "manhattan_spearman": 0.6019257415884104,
        "pearson": [
          0.5691928451553729,
          0.0
        ],
        "spearman": [
          0.6095716052547216,
          0.0
        ]
      }
    ]
  },
  "task_name": "AFQMC"
}