{
  "dataset_revision": "e3dda5e115e487b39ec7e618c0c6a29137052a55",
  "evaluation_time": 17.677069187164307,
  "kg_co2_emissions": null,
  "mteb_version": "1.14.12",
  "scores": {
    "test": [
      {
        "cosine_pearson": 0.733419589621729,
        "cosine_spearman": 0.750801940027523,
        "euclidean_pearson": 0.7336932210738852,
        "euclidean_spearman": 0.746666980459334,
        "hf_subset": "default",
        "languages": [
          "cmn-Hans"
        ],
        "main_score": 0.750801940027523,
        "manhattan_pearson": 0.7335458752692201,
        "manhattan_spearman": 0.746571925508298,
        "pearson": [
          0.7334195778466436,
          0.0
        ],
        "spearman": [
          0.7508019053684873,
          0.0
        ]
      }
    ],
    "validation": [
      {
        "cosine_pearson": 0.7636476773467165,
        "cosine_spearman": 0.7812117986915796,
        "euclidean_pearson": 0.7647163035997872,
        "euclidean_spearman": 0.7754984212093665,
        "hf_subset": "default",
        "languages": [
          "cmn-Hans"
        ],
        "main_score": 0.7812117986915796,
        "manhattan_pearson": 0.7645968620481038,
        "manhattan_spearman": 0.7754381804889566,
        "pearson": [
          0.7636476801133648,
          0.0
        ],
        "spearman": [
          0.7812117986868924,
          0.0
        ]
      }
    ]
  },
  "task_name": "BQ"
}