{
  "dataset_revision": "23d186750531a14a0357ca22cd92d712fd512ea0",
  "evaluation_time": 192.79623818397522,
  "kg_co2_emissions": null,
  "mteb_version": "1.14.12",
  "scores": {
    "test": [
      {
        "hf_subset": "default",
        "languages": [
          "cmn-Hans"
        ],
        "main_score": 0.9046381902814972,
        "map": 0.9046381902814972,
        "mrr": 0.9228134920634921,
        "nAUC_map_diff1": 0.6138401287773808,
        "nAUC_map_max": 0.6464144112647338,
        "nAUC_map_std": 0.09029788295546194,
        "nAUC_mrr_diff1": 0.7166245007450501,
        "nAUC_mrr_max": 0.7785627141339643,
        "nAUC_mrr_std": 0.19814907259226852
      }
    ]
  },
  "task_name": "CMedQAv2-reranking"
}