{
  "dataset_revision": "cd540c506dae1cf9e9a59c3e06f42030d54e7301",
  "evaluation_time": 617.8089776039124,
  "kg_co2_emissions": null,
  "mteb_version": "1.14.12",
  "scores": {
    "dev": [
      {
        "hf_subset": "default",
        "languages": [
          "cmn-Hans"
        ],
        "main_score": 0.47175,
        "map_at_1": 0.26957,
        "map_at_10": 0.40362,
        "map_at_100": 0.42216,
        "map_at_1000": 0.42321,
        "map_at_20": 0.41384,
        "map_at_3": 0.35946,
        "map_at_5": 0.38469,
        "mrr_at_1": 0.40860215053763443,
        "mrr_at_10": 0.4928296558266538,
        "mrr_at_100": 0.5020217178603018,
        "mrr_at_1000": 0.5024082544799826,
        "mrr_at_20": 0.4980483868900127,
        "mrr_at_3": 0.46774193548386966,
        "mrr_at_5": 0.4810827706926724,
        "nauc_map_at_1000_diff1": 0.5051056341247233,
        "nauc_map_at_1000_max": 0.46523697127048486,
        "nauc_map_at_1000_std": -0.12655718839599278,
        "nauc_map_at_100_diff1": 0.5046751057137907,
        "nauc_map_at_100_max": 0.46494836908430237,
        "nauc_map_at_100_std": -0.1265476983141875,
        "nauc_map_at_10_diff1": 0.5015155544741807,
        "nauc_map_at_10_max": 0.45599836747052047,
        "nauc_map_at_10_std": -0.13546317784457773,
        "nauc_map_at_1_diff1": 0.5513593089086022,
        "nauc_map_at_1_max": 0.3467673407419133,
        "nauc_map_at_1_std": -0.14646774754165454,
        "nauc_map_at_20_diff1": 0.5024188893379066,
        "nauc_map_at_20_max": 0.4608398451164288,
        "nauc_map_at_20_std": -0.1327523802836312,
        "nauc_map_at_3_diff1": 0.505795621529975,
        "nauc_map_at_3_max": 0.4219632508472074,
        "nauc_map_at_3_std": -0.14695788243776156,
        "nauc_map_at_5_diff1": 0.5020849762357228,
        "nauc_map_at_5_max": 0.44123132575805846,
        "nauc_map_at_5_std": -0.14323734267211038,
        "nauc_mrr_at_1000_diff1": 0.5802928325101158,
        "nauc_mrr_at_1000_max": 0.5422456868110304,
        "nauc_mrr_at_1000_std": -0.0852750047238993,
        "nauc_mrr_at_100_diff1": 0.5800750823292647,
        "nauc_mrr_at_100_max": 0.5421936821945893,
        "nauc_mrr_at_100_std": -0.08504177585214234,
        "nauc_mrr_at_10_diff1": 0.5790089663101838,
        "nauc_mrr_at_10_max": 0.5418369514740964,
        "nauc_mrr_at_10_std": -0.08674289726058247,
        "nauc_mrr_at_1_diff1": 0.6294859730761945,
        "nauc_mrr_at_1_max": 0.5534488900851212,
        "nauc_mrr_at_1_std": -0.08835298205363268,
        "nauc_mrr_at_20_diff1": 0.5793001008582803,
        "nauc_mrr_at_20_max": 0.541809829980764,
        "nauc_mrr_at_20_std": -0.08617790547540437,
        "nauc_mrr_at_3_diff1": 0.5858272314441108,
        "nauc_mrr_at_3_max": 0.5446824824831176,
        "nauc_mrr_at_3_std": -0.09090631878303954,
        "nauc_mrr_at_5_diff1": 0.581983916416336,
        "nauc_mrr_at_5_max": 0.541221281395008,
        "nauc_mrr_at_5_std": -0.09105149241698057,
        "nauc_ndcg_at_1000_diff1": 0.5152297386107361,
        "nauc_ndcg_at_1000_max": 0.4968619840758,
        "nauc_ndcg_at_1000_std": -0.09424662718998597,
        "nauc_ndcg_at_100_diff1": 0.5067955463085089,
        "nauc_ndcg_at_100_max": 0.49479802297679937,
        "nauc_ndcg_at_100_std": -0.08643722455558252,
        "nauc_ndcg_at_10_diff1": 0.4974722625235759,
        "nauc_ndcg_at_10_max": 0.4762140239491707,
        "nauc_ndcg_at_10_std": -0.11853862587814995,
        "nauc_ndcg_at_1_diff1": 0.6294859730761945,
        "nauc_ndcg_at_1_max": 0.5534488900851212,
        "nauc_ndcg_at_1_std": -0.08835298205363268,
        "nauc_ndcg_at_20_diff1": 0.49796595341546934,
        "nauc_ndcg_at_20_max": 0.4812048653603039,
        "nauc_ndcg_at_20_std": -0.11389851706223621,
        "nauc_ndcg_at_3_diff1": 0.5144147014531153,
        "nauc_ndcg_at_3_max": 0.4831408661998235,
        "nauc_ndcg_at_3_std": -0.11640924822069594,
        "nauc_ndcg_at_5_diff1": 0.5047648275801586,
        "nauc_ndcg_at_5_max": 0.471384132148075,
        "nauc_ndcg_at_5_std": -0.12463940638292757,
        "nauc_precision_at_1000_diff1": 0.03666585430236084,
        "nauc_precision_at_1000_max": 0.27057200333520637,
        "nauc_precision_at_1000_std": 0.19143499462742947,
        "nauc_precision_at_100_diff1": 0.08490362223398475,
        "nauc_precision_at_100_max": 0.3466656104344535,
        "nauc_precision_at_100_std": 0.1984180949288495,
        "nauc_precision_at_10_diff1": 0.22223743688611802,
        "nauc_precision_at_10_max": 0.48014479329000526,
        "nauc_precision_at_10_std": 0.05036332543171536,
        "nauc_precision_at_1_diff1": 0.6294859730761945,
        "nauc_precision_at_1_max": 0.5534488900851212,
        "nauc_precision_at_1_std": -0.08835298205363268,
        "nauc_precision_at_20_diff1": 0.17081621980618253,
        "nauc_precision_at_20_max": 0.43238156522327265,
        "nauc_precision_at_20_std": 0.0859416128403445,
        "nauc_precision_at_3_diff1": 0.35026356743704196,
        "nauc_precision_at_3_max": 0.5243767179083929,
        "nauc_precision_at_3_std": -0.02536312105051974,
        "nauc_precision_at_5_diff1": 0.28465598673223436,
        "nauc_precision_at_5_max": 0.5003261971052889,
        "nauc_precision_at_5_std": -0.0015150949808846626,
        "nauc_recall_at_1000_diff1": 0.16921298213012284,
        "nauc_recall_at_1000_max": 0.5801721506894353,
        "nauc_recall_at_1000_std": 0.5907003018549706,
        "nauc_recall_at_100_diff1": 0.2824146732516234,
        "nauc_recall_at_100_max": 0.4222953502992104,
        "nauc_recall_at_100_std": 0.14482311878078033,
        "nauc_recall_at_10_diff1": 0.36313628894776645,
        "nauc_recall_at_10_max": 0.3881409153388649,
        "nauc_recall_at_10_std": -0.11220308381240578,
        "nauc_recall_at_1_diff1": 0.5513593089086022,
        "nauc_recall_at_1_max": 0.3467673407419133,
        "nauc_recall_at_1_std": -0.14646774754165454,
        "nauc_recall_at_20_diff1": 0.33857316625947953,
        "nauc_recall_at_20_max": 0.3833535885082281,
        "nauc_recall_at_20_std": -0.09824109950333405,
        "nauc_recall_at_3_diff1": 0.4279841622548142,
        "nauc_recall_at_3_max": 0.37692004630728,
        "nauc_recall_at_3_std": -0.14639953617992119,
        "nauc_recall_at_5_diff1": 0.4038726099872632,
        "nauc_recall_at_5_max": 0.37988198542684887,
        "nauc_recall_at_5_std": -0.142167111339573,
        "ndcg_at_1": 0.4086,
        "ndcg_at_10": 0.47175,
        "ndcg_at_100": 0.54183,
        "ndcg_at_1000": 0.55944,
        "ndcg_at_20": 0.49897,
        "ndcg_at_3": 0.41734,
        "ndcg_at_5": 0.44009,
        "precision_at_1": 0.4086,
        "precision_at_10": 0.10493,
        "precision_at_100": 0.01616,
        "precision_at_1000": 0.00184,
        "precision_at_20": 0.06172,
        "precision_at_3": 0.23773,
        "precision_at_5": 0.17244,
        "recall_at_1": 0.26957,
        "recall_at_10": 0.58268,
        "recall_at_100": 0.87105,
        "recall_at_1000": 0.98829,
        "recall_at_20": 0.6747,
        "recall_at_3": 0.41858,
        "recall_at_5": 0.48838
      }
    ]
  },
  "task_name": "CmedqaRetrieval"
}