{
  "dataset_revision": "8d7f1e942507dac42dc58017c1a001c3717da7df",
  "evaluation_time": 175.6137182712555,
  "kg_co2_emissions": null,
  "mteb_version": "1.14.12",
  "scores": {
    "test": [
      {
        "hf_subset": "default",
        "languages": [
          "cmn-Hans"
        ],
        "main_score": 0.9107886232290924,
        "map": 0.9107886232290924,
        "mrr": 0.928397619047619,
        "nAUC_map_diff1": 0.6199212978703714,
        "nAUC_map_max": 0.5467792284510495,
        "nAUC_map_std": 0.17400402780835117,
        "nAUC_mrr_diff1": 0.6887553255734246,
        "nAUC_mrr_max": 0.6556253478844306,
        "nAUC_mrr_std": 0.3206983396531363
      }
    ]
  },
  "task_name": "CMedQAv1-reranking"
}