{
  "dataset_revision": "1271c7809071a13532e05f25fb53511ffce77117",
  "evaluation_time": 693.1137783527374,
  "kg_co2_emissions": null,
  "mteb_version": "1.14.12",
  "scores": {
    "dev": [
      {
        "hf_subset": "default",
        "languages": [
          "cmn-Hans"
        ],
        "main_score": 0.89448,
        "map_at_1": 0.7932,
        "map_at_10": 0.86581,
        "map_at_100": 0.86665,
        "map_at_1000": 0.86667,
        "map_at_20": 0.86652,
        "map_at_3": 0.85608,
        "map_at_5": 0.86198,
        "mrr_at_1": 0.7987355110642782,
        "mrr_at_10": 0.8665424757890513,
        "mrr_at_100": 0.8673832179240074,
        "mrr_at_1000": 0.8674037493861675,
        "mrr_at_20": 0.8672572100654297,
        "mrr_at_3": 0.8570425008781175,
        "mrr_at_5": 0.8627327010888658,
        "nauc_map_at_1000_diff1": 0.8517153366446589,
        "nauc_map_at_1000_max": 0.3006675302393117,
        "nauc_map_at_1000_std": -0.5355323740715816,
        "nauc_map_at_100_diff1": 0.8517276817750601,
        "nauc_map_at_100_max": 0.30077195547444485,
        "nauc_map_at_100_std": -0.5352963830652493,
        "nauc_map_at_10_diff1": 0.8516995847910024,
        "nauc_map_at_10_max": 0.3034262984424204,
        "nauc_map_at_10_std": -0.5341818409719133,
        "nauc_map_at_1_diff1": 0.8610498026285566,
        "nauc_map_at_1_max": 0.2567351691687633,
        "nauc_map_at_1_std": -0.5273384673854036,
        "nauc_map_at_20_diff1": 0.8517796580831856,
        "nauc_map_at_20_max": 0.3006262354181919,
        "nauc_map_at_20_std": -0.5358928712560785,
        "nauc_map_at_3_diff1": 0.8492502589950649,
        "nauc_map_at_3_max": 0.29551400093005964,
        "nauc_map_at_3_std": -0.5606810948693108,
        "nauc_map_at_5_diff1": 0.8506035610396463,
        "nauc_map_at_5_max": 0.30340391246347204,
        "nauc_map_at_5_std": -0.541405801712234,
        "nauc_mrr_at_1000_diff1": 0.8498480774725672,
        "nauc_mrr_at_1000_max": 0.3010455983665457,
        "nauc_mrr_at_1000_std": -0.5188064120785769,
        "nauc_mrr_at_100_diff1": 0.8498607793165583,
        "nauc_mrr_at_100_max": 0.3011503992894406,
        "nauc_mrr_at_100_std": -0.5185721645255862,
        "nauc_mrr_at_10_diff1": 0.8498449694698429,
        "nauc_mrr_at_10_max": 0.3038132730801525,
        "nauc_mrr_at_10_std": -0.5175641034764563,
        "nauc_mrr_at_1_diff1": 0.8544190597650234,
        "nauc_mrr_at_1_max": 0.268021727969098,
        "nauc_mrr_at_1_std": -0.4920887086053617,
        "nauc_mrr_at_20_diff1": 0.8499148427797706,
        "nauc_mrr_at_20_max": 0.30100369041793323,
        "nauc_mrr_at_20_std": -0.5191878976899523,
        "nauc_mrr_at_3_diff1": 0.8471163721678612,
        "nauc_mrr_at_3_max": 0.29794751673442127,
        "nauc_mrr_at_3_std": -0.5430983012023981,
        "nauc_mrr_at_5_diff1": 0.848796030485663,
        "nauc_mrr_at_5_max": 0.3037716324629594,
        "nauc_mrr_at_5_std": -0.5251302039315886,
        "nauc_ndcg_at_1000_diff1": 0.8512308507457987,
        "nauc_ndcg_at_1000_max": 0.30842316090777544,
        "nauc_ndcg_at_1000_std": -0.5292983804732815,
        "nauc_ndcg_at_100_diff1": 0.8515384917491609,
        "nauc_ndcg_at_100_max": 0.31191725523389835,
        "nauc_ndcg_at_100_std": -0.5215113695386475,
        "nauc_ndcg_at_10_diff1": 0.8512053469112822,
        "nauc_ndcg_at_10_max": 0.32401879823585067,
        "nauc_ndcg_at_10_std": -0.5161983630433574,
        "nauc_ndcg_at_1_diff1": 0.8565582394926079,
        "nauc_ndcg_at_1_max": 0.2671783311499521,
        "nauc_ndcg_at_1_std": -0.5115189005107833,
        "nauc_ndcg_at_20_diff1": 0.8516923432272913,
        "nauc_ndcg_at_20_max": 0.3119613796718613,
        "nauc_ndcg_at_20_std": -0.5243602858039905,
        "nauc_ndcg_at_3_diff1": 0.8448618571226486,
        "nauc_ndcg_at_3_max": 0.31085060934963565,
        "nauc_ndcg_at_3_std": -0.5741281996192953,
        "nauc_ndcg_at_5_diff1": 0.8484869466979967,
        "nauc_ndcg_at_5_max": 0.3238842635748858,
        "nauc_ndcg_at_5_std": -0.5380890925890073,
        "nauc_precision_at_1000_diff1": -0.47166217422762513,
        "nauc_precision_at_1000_max": 0.2237499601321956,
        "nauc_precision_at_1000_std": 0.6621461363925453,
        "nauc_precision_at_100_diff1": -0.21467483457346212,
        "nauc_precision_at_100_max": 0.35674819911669253,
        "nauc_precision_at_100_std": 0.6983808519256132,
        "nauc_precision_at_10_diff1": 0.18302839373603863,
        "nauc_precision_at_10_max": 0.47691167475094554,
        "nauc_precision_at_10_std": 0.30143576610512857,
        "nauc_precision_at_1_diff1": 0.8565582394926079,
        "nauc_precision_at_1_max": 0.2671783311499521,
        "nauc_precision_at_1_std": -0.5115189005107833,
        "nauc_precision_at_20_diff1": -0.04596116522094386,
        "nauc_precision_at_20_max": 0.3606954236576092,
        "nauc_precision_at_20_std": 0.46858153479511694,
        "nauc_precision_at_3_diff1": 0.582120986976802,
        "nauc_precision_at_3_max": 0.3414185200792757,
        "nauc_precision_at_3_std": -0.42183436096241433,
        "nauc_precision_at_5_diff1": 0.46420685038122045,
        "nauc_precision_at_5_max": 0.4152211871061805,
        "nauc_precision_at_5_std": -0.1706114283143999,
        "nauc_recall_at_1000_diff1": NaN,
        "nauc_recall_at_1000_max": NaN,
        "nauc_recall_at_1000_std": NaN,
        "nauc_recall_at_100_diff1": 0.9019493043119147,
        "nauc_recall_at_100_max": 0.9346328695412764,
        "nauc_recall_at_100_std": 0.8558226857696831,
        "nauc_recall_at_10_diff1": 0.8523617021830864,
        "nauc_recall_at_10_max": 0.7357355776902254,
        "nauc_recall_at_10_std": -0.06734221444011153,
        "nauc_recall_at_1_diff1": 0.8610498026285566,
        "nauc_recall_at_1_max": 0.2567351691687633,
        "nauc_recall_at_1_std": -0.5273384673854036,
        "nauc_recall_at_20_diff1": 0.8788859950407717,
        "nauc_recall_at_20_max": 0.6582132128395596,
        "nauc_recall_at_20_std": 0.048057109606879124,
        "nauc_recall_at_3_diff1": 0.8239636940031517,
        "nauc_recall_at_3_max": 0.3740802400726383,
        "nauc_recall_at_3_std": -0.6664891190169218,
        "nauc_recall_at_5_diff1": 0.8338797990103416,
        "nauc_recall_at_5_max": 0.4908532800506844,
        "nauc_recall_at_5_std": -0.49955483422218605,
        "ndcg_at_1": 0.79768,
        "ndcg_at_10": 0.89448,
        "ndcg_at_100": 0.89777,
        "ndcg_at_1000": 0.89831,
        "ndcg_at_20": 0.89695,
        "ndcg_at_3": 0.87493,
        "ndcg_at_5": 0.88525,
        "precision_at_1": 0.79768,
        "precision_at_10": 0.09926,
        "precision_at_100": 0.01006,
        "precision_at_1000": 0.00101,
        "precision_at_20": 0.05011,
        "precision_at_3": 0.31261,
        "precision_at_5": 0.19283,
        "recall_at_1": 0.7932,
        "recall_at_10": 0.98209,
        "recall_at_100": 0.99579,
        "recall_at_1000": 1.0,
        "recall_at_20": 0.99157,
        "recall_at_3": 0.92808,
        "recall_at_5": 0.95364
      }
    ]
  },
  "task_name": "CovidRetrieval"
}