{
  "dataset_revision": "a1a333e290fe30b10f3f56498e3a0d911a693ced",
  "evaluation_time": 775.6982378959656,
  "kg_co2_emissions": null,
  "mteb_version": "1.14.12",
  "scores": {
    "dev": [
      {
        "hf_subset": "default",
        "languages": [
          "cmn-Hans"
        ],
        "main_score": 0.89465,
        "map_at_1": 0.27391,
        "map_at_10": 0.82853,
        "map_at_100": 0.85507,
        "map_at_1000": 0.8554,
        "map_at_20": 0.8493,
        "map_at_3": 0.57842,
        "map_at_5": 0.72812,
        "mrr_at_1": 0.927,
        "mrr_at_10": 0.9479210317460314,
        "mrr_at_100": 0.9483952316651996,
        "mrr_at_1000": 0.9484097665726573,
        "mrr_at_20": 0.9482193449309546,
        "mrr_at_3": 0.9448333333333332,
        "mrr_at_5": 0.9468583333333331,
        "nauc_map_at_1000_diff1": 0.006002290043875895,
        "nauc_map_at_1000_max": 0.43280826334557265,
        "nauc_map_at_1000_std": 0.21681101881369666,
        "nauc_map_at_100_diff1": 0.005924907457659329,
        "nauc_map_at_100_max": 0.4327332876169918,
        "nauc_map_at_100_std": 0.2168395584317056,
        "nauc_map_at_10_diff1": 0.062150820184471,
        "nauc_map_at_10_max": 0.3815385782850786,
        "nauc_map_at_10_std": 0.06762435314666043,
        "nauc_map_at_1_diff1": 0.4509215387905398,
        "nauc_map_at_1_max": -0.15022388584928534,
        "nauc_map_at_1_std": -0.3445574786977965,
        "nauc_map_at_20_diff1": 0.015036975354612963,
        "nauc_map_at_20_max": 0.42620450959301376,
        "nauc_map_at_20_std": 0.18482600688312392,
        "nauc_map_at_3_diff1": 0.2908432961197098,
        "nauc_map_at_3_max": 0.01597701277279387,
        "nauc_map_at_3_std": -0.27831840088286136,
        "nauc_map_at_5_diff1": 0.17460460791990337,
        "nauc_map_at_5_max": 0.1736645243890421,
        "nauc_map_at_5_std": -0.16069395132958947,
        "nauc_mrr_at_1000_diff1": 0.30607193757766915,
        "nauc_mrr_at_1000_max": 0.7882347368730498,
        "nauc_mrr_at_1000_std": 0.48194314288991746,
        "nauc_mrr_at_100_diff1": 0.3060722221579721,
        "nauc_mrr_at_100_max": 0.788289233766684,
        "nauc_mrr_at_100_std": 0.4820532461484068,
        "nauc_mrr_at_10_diff1": 0.3072581552324163,
        "nauc_mrr_at_10_max": 0.7891143519180445,
        "nauc_mrr_at_10_std": 0.4833855516619753,
        "nauc_mrr_at_1_diff1": 0.3257293785093945,
        "nauc_mrr_at_1_max": 0.7336217592059641,
        "nauc_mrr_at_1_std": 0.40814179553099766,
        "nauc_mrr_at_20_diff1": 0.30594860708373384,
        "nauc_mrr_at_20_max": 0.7886927670462023,
        "nauc_mrr_at_20_std": 0.4823549271225422,
        "nauc_mrr_at_3_diff1": 0.3024166363423511,
        "nauc_mrr_at_3_max": 0.7970048039356712,
        "nauc_mrr_at_3_std": 0.4864556094341062,
        "nauc_mrr_at_5_diff1": 0.3108505019278132,
        "nauc_mrr_at_5_max": 0.7916843283233493,
        "nauc_mrr_at_5_std": 0.48800288501788963,
        "nauc_ndcg_at_1000_diff1": 0.03489767631358219,
        "nauc_ndcg_at_1000_max": 0.5445296452510696,
        "nauc_ndcg_at_1000_std": 0.3429734489813819,
        "nauc_ndcg_at_100_diff1": 0.027949874513272827,
        "nauc_ndcg_at_100_max": 0.5422859654357799,
        "nauc_ndcg_at_100_std": 0.34979630162945985,
        "nauc_ndcg_at_10_diff1": 0.041760810389322875,
        "nauc_ndcg_at_10_max": 0.4761353792849488,
        "nauc_ndcg_at_10_std": 0.24763953276179385,
        "nauc_ndcg_at_1_diff1": 0.3257293785093945,
        "nauc_ndcg_at_1_max": 0.7336217592059641,
        "nauc_ndcg_at_1_std": 0.40814179553099766,
        "nauc_ndcg_at_20_diff1": 0.02975181331295335,
        "nauc_ndcg_at_20_max": 0.520919963527572,
        "nauc_ndcg_at_20_std": 0.2993642935795732,
        "nauc_ndcg_at_3_diff1": -0.0202620862836349,
        "nauc_ndcg_at_3_max": 0.5175688017273157,
        "nauc_ndcg_at_3_std": 0.31521026693271603,
        "nauc_ndcg_at_5_diff1": 0.02292721231884439,
        "nauc_ndcg_at_5_max": 0.43154926405971356,
        "nauc_ndcg_at_5_std": 0.22428436919587053,
        "nauc_precision_at_1000_diff1": -0.3346390547015734,
        "nauc_precision_at_1000_max": 0.19462388563958366,
        "nauc_precision_at_1000_std": 0.5141955161119673,
        "nauc_precision_at_100_diff1": -0.3405738602513337,
        "nauc_precision_at_100_max": 0.2084380143645755,
        "nauc_precision_at_100_std": 0.5306558322925697,
        "nauc_precision_at_10_diff1": -0.35364882990767116,
        "nauc_precision_at_10_max": 0.31271600652417636,
        "nauc_precision_at_10_std": 0.5023979078372987,
        "nauc_precision_at_1_diff1": 0.3257293785093945,
        "nauc_precision_at_1_max": 0.7336217592059641,
        "nauc_precision_at_1_std": 0.40814179553099766,
        "nauc_precision_at_20_diff1": -0.34877035492656133,
        "nauc_precision_at_20_max": 0.25070131537049184,
        "nauc_precision_at_20_std": 0.5282655470178031,
        "nauc_precision_at_3_diff1": -0.36480279872474586,
        "nauc_precision_at_3_max": 0.5029030473903595,
        "nauc_precision_at_3_std": 0.47444904603236737,
        "nauc_precision_at_5_diff1": -0.38295688727274585,
        "nauc_precision_at_5_max": 0.3999437103108779,
        "nauc_precision_at_5_std": 0.48104587756908507,
        "nauc_recall_at_1000_diff1": 0.05991326974525866,
        "nauc_recall_at_1000_max": 0.7927764443405125,
        "nauc_recall_at_1000_std": 0.6622901879906886,
        "nauc_recall_at_100_diff1": -0.11820724833115263,
        "nauc_recall_at_100_max": 0.5947005384308752,
        "nauc_recall_at_100_std": 0.612083182021294,
        "nauc_recall_at_10_diff1": 0.08389381348038044,
        "nauc_recall_at_10_max": 0.33882830690832677,
        "nauc_recall_at_10_std": 0.0017143480825552826,
        "nauc_recall_at_1_diff1": 0.4509215387905398,
        "nauc_recall_at_1_max": -0.15022388584928534,
        "nauc_recall_at_1_std": -0.3445574786977965,
        "nauc_recall_at_20_diff1": -0.03248419600678621,
        "nauc_recall_at_20_max": 0.46156621944871024,
        "nauc_recall_at_20_std": 0.26026170573969676,
        "nauc_recall_at_3_diff1": 0.2844772667134105,
        "nauc_recall_at_3_max": -0.021767372368376562,
        "nauc_recall_at_3_std": -0.3090841077776165,
        "nauc_recall_at_5_diff1": 0.18848862331603536,
        "nauc_recall_at_5_max": 0.09528427126769479,
        "nauc_recall_at_5_std": -0.23109974069280084,
        "ndcg_at_1": 0.927,
        "ndcg_at_10": 0.89465,
        "ndcg_at_100": 0.91789,
        "ndcg_at_1000": 0.92086,
        "ndcg_at_20": 0.90756,
        "ndcg_at_3": 0.88613,
        "ndcg_at_5": 0.87512,
        "precision_at_1": 0.927,
        "precision_at_10": 0.4243,
        "precision_at_100": 0.04823,
        "precision_at_1000": 0.00489,
        "precision_at_20": 0.23018,
        "precision_at_3": 0.79167,
        "precision_at_5": 0.6677,
        "recall_at_1": 0.27391,
        "recall_at_10": 0.90119,
        "recall_at_100": 0.97875,
        "recall_at_1000": 0.99436,
        "recall_at_20": 0.9448,
        "recall_at_3": 0.59388,
        "recall_at_5": 0.76504
      }
    ]
  },
  "task_name": "DuRetrieval"
}