{
  "dataset_revision": "687de13dc7294d6fd9be10c6945f9e8fec8166b9",
  "evaluation_time": 85.81322121620178,
  "kg_co2_emissions": null,
  "mteb_version": "1.14.12",
  "scores": {
    "dev": [
      {
        "hf_subset": "default",
        "languages": [
          "cmn-Hans"
        ],
        "main_score": 0.70574,
        "map_at_1": 0.551,
        "map_at_10": 0.65399,
        "map_at_100": 0.65953,
        "map_at_1000": 0.65961,
        "map_at_20": 0.65818,
        "map_at_3": 0.62783,
        "map_at_5": 0.64368,
        "mrr_at_1": 0.551,
        "mrr_at_10": 0.6539880952380959,
        "mrr_at_100": 0.659533119293377,
        "mrr_at_1000": 0.6596053174906282,
        "mrr_at_20": 0.6581824029298884,
        "mrr_at_3": 0.6278333333333335,
        "mrr_at_5": 0.6436833333333337,
        "nauc_map_at_1000_diff1": 0.7138841611436759,
        "nauc_map_at_1000_max": 0.3301255003745212,
        "nauc_map_at_1000_std": -0.15812328970444298,
        "nauc_map_at_100_diff1": 0.7138515073208616,
        "nauc_map_at_100_max": 0.3301639484180765,
        "nauc_map_at_100_std": -0.15800412575232228,
        "nauc_map_at_10_diff1": 0.711165181631394,
        "nauc_map_at_10_max": 0.33115448150915405,
        "nauc_map_at_10_std": -0.15784024456622966,
        "nauc_map_at_1_diff1": 0.7348095189229992,
        "nauc_map_at_1_max": 0.30809282763293494,
        "nauc_map_at_1_std": -0.16957953732377676,
        "nauc_map_at_20_diff1": 0.7131682517842659,
        "nauc_map_at_20_max": 0.3295115657035502,
        "nauc_map_at_20_std": -0.15905083534054934,
        "nauc_map_at_3_diff1": 0.7160260108738855,
        "nauc_map_at_3_max": 0.3238128642362694,
        "nauc_map_at_3_std": -0.17284337744150707,
        "nauc_map_at_5_diff1": 0.7109723486829633,
        "nauc_map_at_5_max": 0.3271909356207352,
        "nauc_map_at_5_std": -0.16701017722027803,
        "nauc_mrr_at_1000_diff1": 0.7138841611436759,
        "nauc_mrr_at_1000_max": 0.3301255003745212,
        "nauc_mrr_at_1000_std": -0.15812328970444298,
        "nauc_mrr_at_100_diff1": 0.7138515073208616,
        "nauc_mrr_at_100_max": 0.3301639484180765,
        "nauc_mrr_at_100_std": -0.15800412575232228,
        "nauc_mrr_at_10_diff1": 0.711165181631394,
        "nauc_mrr_at_10_max": 0.33115448150915405,
        "nauc_mrr_at_10_std": -0.15784024456622966,
        "nauc_mrr_at_1_diff1": 0.7348095189229992,
        "nauc_mrr_at_1_max": 0.30809282763293494,
        "nauc_mrr_at_1_std": -0.16957953732377676,
        "nauc_mrr_at_20_diff1": 0.7131682517842659,
        "nauc_mrr_at_20_max": 0.3295115657035502,
        "nauc_mrr_at_20_std": -0.15905083534054934,
        "nauc_mrr_at_3_diff1": 0.7160260108738855,
        "nauc_mrr_at_3_max": 0.3238128642362694,
        "nauc_mrr_at_3_std": -0.17284337744150707,
        "nauc_mrr_at_5_diff1": 0.7109723486829633,
        "nauc_mrr_at_5_max": 0.3271909356207352,
        "nauc_mrr_at_5_std": -0.16701017722027803,
        "nauc_ndcg_at_1000_diff1": 0.7094090537914839,
        "nauc_ndcg_at_1000_max": 0.34174665965872125,
        "nauc_ndcg_at_1000_std": -0.14001241285784705,
        "nauc_ndcg_at_100_diff1": 0.7079038903158779,
        "nauc_ndcg_at_100_max": 0.34411757831828493,
        "nauc_ndcg_at_100_std": -0.13363591817627402,
        "nauc_ndcg_at_10_diff1": 0.6972636063611256,
        "nauc_ndcg_at_10_max": 0.3457036056627016,
        "nauc_ndcg_at_10_std": -0.13864039923922658,
        "nauc_ndcg_at_1_diff1": 0.7348095189229992,
        "nauc_ndcg_at_1_max": 0.30809282763293494,
        "nauc_ndcg_at_1_std": -0.16957953732377676,
        "nauc_ndcg_at_20_diff1": 0.704589010092571,
        "nauc_ndcg_at_20_max": 0.3406656837123979,
        "nauc_ndcg_at_20_std": -0.14267799973702933,
        "nauc_ndcg_at_3_diff1": 0.7090186770666008,
        "nauc_ndcg_at_3_max": 0.328269110640366,
        "nauc_ndcg_at_3_std": -0.17466282165117009,
        "nauc_ndcg_at_5_diff1": 0.6983636369944722,
        "nauc_ndcg_at_5_max": 0.3348054673933039,
        "nauc_ndcg_at_5_std": -0.16299767923957018,
        "nauc_precision_at_1000_diff1": 0.673457261692553,
        "nauc_precision_at_1000_max": 1.0,
        "nauc_precision_at_1000_std": 1.0,
        "nauc_precision_at_100_diff1": 0.6027233115468466,
        "nauc_precision_at_100_max": 0.7361967009025873,
        "nauc_precision_at_100_std": 0.6821350762527267,
        "nauc_precision_at_10_diff1": 0.6054530343260195,
        "nauc_precision_at_10_max": 0.4440317443972901,
        "nauc_precision_at_10_std": 0.001886570413574347,
        "nauc_precision_at_1_diff1": 0.7348095189229992,
        "nauc_precision_at_1_max": 0.30809282763293494,
        "nauc_precision_at_1_std": -0.16957953732377676,
        "nauc_precision_at_20_diff1": 0.6254403983815728,
        "nauc_precision_at_20_max": 0.4603423591658863,
        "nauc_precision_at_20_std": 0.05211951447245364,
        "nauc_precision_at_3_diff1": 0.6846063377855286,
        "nauc_precision_at_3_max": 0.34327907160277166,
        "nauc_precision_at_3_std": -0.1812214760191632,
        "nauc_precision_at_5_diff1": 0.6427868868345051,
        "nauc_precision_at_5_max": 0.36722096245905633,
        "nauc_precision_at_5_std": -0.1435282090044017,
        "nauc_recall_at_1000_diff1": 0.6734572616925596,
        "nauc_recall_at_1000_max": 1.0,
        "nauc_recall_at_1000_std": 1.0,
        "nauc_recall_at_100_diff1": 0.6027233115468413,
        "nauc_recall_at_100_max": 0.7361967009025869,
        "nauc_recall_at_100_std": 0.6821350762527216,
        "nauc_recall_at_10_diff1": 0.6054530343260202,
        "nauc_recall_at_10_max": 0.44403174439729115,
        "nauc_recall_at_10_std": 0.0018865704135743462,
        "nauc_recall_at_1_diff1": 0.7348095189229992,
        "nauc_recall_at_1_max": 0.30809282763293494,
        "nauc_recall_at_1_std": -0.16957953732377676,
        "nauc_recall_at_20_diff1": 0.6254403983815757,
        "nauc_recall_at_20_max": 0.4603423591658892,
        "nauc_recall_at_20_std": 0.05211951447245478,
        "nauc_recall_at_3_diff1": 0.6846063377855285,
        "nauc_recall_at_3_max": 0.34327907160277105,
        "nauc_recall_at_3_std": -0.18122147601916364,
        "nauc_recall_at_5_diff1": 0.642786886834505,
        "nauc_recall_at_5_max": 0.3672209624590573,
        "nauc_recall_at_5_std": -0.1435282090044002,
        "ndcg_at_1": 0.551,
        "ndcg_at_10": 0.70574,
        "ndcg_at_100": 0.72898,
        "ndcg_at_1000": 0.73127,
        "ndcg_at_20": 0.72028,
        "ndcg_at_3": 0.65232,
        "ndcg_at_5": 0.68081,
        "precision_at_1": 0.551,
        "precision_at_10": 0.0869,
        "precision_at_100": 0.0097,
        "precision_at_1000": 0.00099,
        "precision_at_20": 0.04625,
        "precision_at_3": 0.241,
        "precision_at_5": 0.1584,
        "recall_at_1": 0.551,
        "recall_at_10": 0.869,
        "recall_at_100": 0.97,
        "recall_at_1000": 0.989,
        "recall_at_20": 0.925,
        "recall_at_3": 0.723,
        "recall_at_5": 0.792
      }
    ]
  },
  "task_name": "EcomRetrieval"
}