{
  "dataset_revision": "2039188fb5800a9803ba5048df7b76e6fb151fc6",
  "evaluation_time": 322.65245962142944,
  "kg_co2_emissions": null,
  "mteb_version": "1.14.12",
  "scores": {
    "dev": [
      {
        "hf_subset": "default",
        "languages": [
          "cmn-Hans"
        ],
        "main_score": 0.68133,
        "map_at_1": 0.576,
        "map_at_10": 0.64671,
        "map_at_100": 0.65245,
        "map_at_1000": 0.65279,
        "map_at_20": 0.65053,
        "map_at_3": 0.62733,
        "map_at_5": 0.63908,
        "mrr_at_1": 0.576,
        "mrr_at_10": 0.6467884920634924,
        "mrr_at_100": 0.6525311334495375,
        "mrr_at_1000": 0.6528737125723034,
        "mrr_at_20": 0.6506122674066565,
        "mrr_at_3": 0.6276666666666667,
        "mrr_at_5": 0.639166666666667,
        "nauc_map_at_1000_diff1": 0.775723161693105,
        "nauc_map_at_1000_max": 0.5295347607371418,
        "nauc_map_at_1000_std": 0.03400369622711314,
        "nauc_map_at_100_diff1": 0.775540905814132,
        "nauc_map_at_100_max": 0.5294870054627712,
        "nauc_map_at_100_std": 0.0342279471449183,
        "nauc_map_at_10_diff1": 0.7751667375607647,
        "nauc_map_at_10_max": 0.5283510904733202,
        "nauc_map_at_10_std": 0.033635592087609884,
        "nauc_map_at_1_diff1": 0.8096627025402771,
        "nauc_map_at_1_max": 0.5437094052654693,
        "nauc_map_at_1_std": 0.017176917920625066,
        "nauc_map_at_20_diff1": 0.7753322330231369,
        "nauc_map_at_20_max": 0.529051592555551,
        "nauc_map_at_20_std": 0.035042405749784754,
        "nauc_map_at_3_diff1": 0.7785655015909307,
        "nauc_map_at_3_max": 0.5375500407030894,
        "nauc_map_at_3_std": 0.015505676954717005,
        "nauc_map_at_5_diff1": 0.7778272714832157,
        "nauc_map_at_5_max": 0.5319525809515646,
        "nauc_map_at_5_std": 0.02811226022804765,
        "nauc_mrr_at_1000_diff1": 0.7755915986716455,
        "nauc_mrr_at_1000_max": 0.5303799470656563,
        "nauc_mrr_at_1000_std": 0.034238297301014936,
        "nauc_mrr_at_100_diff1": 0.7754094743257592,
        "nauc_mrr_at_100_max": 0.5303311448570714,
        "nauc_mrr_at_100_std": 0.03446229697623282,
        "nauc_mrr_at_10_diff1": 0.7750375189161519,
        "nauc_mrr_at_10_max": 0.5291804412013618,
        "nauc_mrr_at_10_std": 0.03386579118274852,
        "nauc_mrr_at_1_diff1": 0.8096627025402771,
        "nauc_mrr_at_1_max": 0.5455296673832144,
        "nauc_mrr_at_1_std": 0.018087048979497845,
        "nauc_mrr_at_20_diff1": 0.7752015703361553,
        "nauc_mrr_at_20_max": 0.5298905017496454,
        "nauc_mrr_at_20_std": 0.03527545762577291,
        "nauc_mrr_at_3_diff1": 0.7780739076581479,
        "nauc_mrr_at_3_max": 0.5377524100266334,
        "nauc_mrr_at_3_std": 0.014887886782345455,
        "nauc_mrr_at_5_diff1": 0.7777009384281828,
        "nauc_mrr_at_5_max": 0.5327667145323802,
        "nauc_mrr_at_5_std": 0.028337193543914896,
        "nauc_ndcg_at_1000_diff1": 0.7680063133352792,
        "nauc_ndcg_at_1000_max": 0.5234278878422599,
        "nauc_ndcg_at_1000_std": 0.04691398240362694,
        "nauc_ndcg_at_100_diff1": 0.7626402073427567,
        "nauc_ndcg_at_100_max": 0.5208105238702952,
        "nauc_ndcg_at_100_std": 0.05504286994636581,
        "nauc_ndcg_at_10_diff1": 0.7596912869336383,
        "nauc_ndcg_at_10_max": 0.5141047048363135,
        "nauc_ndcg_at_10_std": 0.05391588016223615,
        "nauc_ndcg_at_1_diff1": 0.8096627025402771,
        "nauc_ndcg_at_1_max": 0.5437094052654693,
        "nauc_ndcg_at_1_std": 0.017176917920625066,
        "nauc_ndcg_at_20_diff1": 0.759930486847496,
        "nauc_ndcg_at_20_max": 0.5162226728146974,
        "nauc_ndcg_at_20_std": 0.060220718090586794,
        "nauc_ndcg_at_3_diff1": 0.768262469637003,
        "nauc_ndcg_at_3_max": 0.5333047357703107,
        "nauc_ndcg_at_3_std": 0.01591953554529252,
        "nauc_ndcg_at_5_diff1": 0.7664198442411984,
        "nauc_ndcg_at_5_max": 0.522926003987383,
        "nauc_ndcg_at_5_std": 0.03889811817753951,
        "nauc_precision_at_1000_diff1": 0.8687623197427077,
        "nauc_precision_at_1000_max": 0.5723622782446175,
        "nauc_precision_at_1000_std": 0.3173046996576213,
        "nauc_precision_at_100_diff1": 0.6448318065965122,
        "nauc_precision_at_100_max": 0.4550558962323641,
        "nauc_precision_at_100_std": 0.298458121987531,
        "nauc_precision_at_10_diff1": 0.6918315819847547,
        "nauc_precision_at_10_max": 0.4478009955034014,
        "nauc_precision_at_10_std": 0.15243946425565605,
        "nauc_precision_at_1_diff1": 0.8096627025402771,
        "nauc_precision_at_1_max": 0.5437094052654693,
        "nauc_precision_at_1_std": 0.017176917920625066,
        "nauc_precision_at_20_diff1": 0.673115189033826,
        "nauc_precision_at_20_max": 0.4409146899971564,
        "nauc_precision_at_20_std": 0.2242443384605653,
        "nauc_precision_at_3_diff1": 0.7353588148584398,
        "nauc_precision_at_3_max": 0.5189428795280194,
        "nauc_precision_at_3_std": 0.017594135989105766,
        "nauc_precision_at_5_diff1": 0.725513747813145,
        "nauc_precision_at_5_max": 0.4882507366513938,
        "nauc_precision_at_5_std": 0.08131988647433665,
        "nauc_recall_at_1000_diff1": 0.8687623197427177,
        "nauc_recall_at_1000_max": 0.5723622782446394,
        "nauc_recall_at_1000_std": 0.31730469965765523,
        "nauc_recall_at_100_diff1": 0.6448318065965131,
        "nauc_recall_at_100_max": 0.4550558962323651,
        "nauc_recall_at_100_std": 0.2984581219875333,
        "nauc_recall_at_10_diff1": 0.6918315819847536,
        "nauc_recall_at_10_max": 0.447800995503402,
        "nauc_recall_at_10_std": 0.15243946425565597,
        "nauc_recall_at_1_diff1": 0.8096627025402771,
        "nauc_recall_at_1_max": 0.5437094052654693,
        "nauc_recall_at_1_std": 0.017176917920625066,
        "nauc_recall_at_20_diff1": 0.6731151890338269,
        "nauc_recall_at_20_max": 0.44091468999715755,
        "nauc_recall_at_20_std": 0.22424433846056666,
        "nauc_recall_at_3_diff1": 0.735358814858439,
        "nauc_recall_at_3_max": 0.5189428795280188,
        "nauc_recall_at_3_std": 0.01759413598910442,
        "nauc_recall_at_5_diff1": 0.7255137478131438,
        "nauc_recall_at_5_max": 0.48825073665139473,
        "nauc_recall_at_5_std": 0.08131988647433726,
        "ndcg_at_1": 0.576,
        "ndcg_at_10": 0.68133,
        "ndcg_at_100": 0.70997,
        "ndcg_at_1000": 0.71837,
        "ndcg_at_20": 0.69525,
        "ndcg_at_3": 0.64276,
        "ndcg_at_5": 0.66364,
        "precision_at_1": 0.576,
        "precision_at_10": 0.079,
        "precision_at_100": 0.00926,
        "precision_at_1000": 0.00099,
        "precision_at_20": 0.04225,
        "precision_at_3": 0.229,
        "precision_at_5": 0.1474,
        "recall_at_1": 0.576,
        "recall_at_10": 0.79,
        "recall_at_100": 0.926,
        "recall_at_1000": 0.991,
        "recall_at_20": 0.845,
        "recall_at_3": 0.687,
        "recall_at_5": 0.737
      }
    ]
  },
  "task_name": "MedicalRetrieval"
}