{
  "dataset_revision": "539bbde593d947e2a124ba72651aafc09eb33fc2",
  "evaluation_time": 330.817542552948,
  "kg_co2_emissions": null,
  "mteb_version": "1.14.12",
  "scores": {
    "dev": [
      {
        "hf_subset": "default",
        "languages": [
          "cmn-Hans"
        ],
        "main_score": 0.82271,
        "map_at_1": 0.68571,
        "map_at_10": 0.78358,
        "map_at_100": 0.78623,
        "map_at_1000": 0.78628,
        "map_at_20": 0.78547,
        "map_at_3": 0.76451,
        "map_at_5": 0.777,
        "mrr_at_1": 0.708595988538682,
        "mrr_at_10": 0.7891703620321081,
        "mrr_at_100": 0.7913911808859256,
        "mrr_at_1000": 0.7914358857859694,
        "mrr_at_20": 0.7907393497919424,
        "mrr_at_3": 0.7726599808978026,
        "mrr_at_5": 0.7834121298949351,
        "nauc_map_at_1000_diff1": 0.7684283238690129,
        "nauc_map_at_1000_max": 0.4119966717404697,
        "nauc_map_at_1000_std": -0.18354305380881752,
        "nauc_map_at_100_diff1": 0.7683820226773043,
        "nauc_map_at_100_max": 0.4120865283769902,
        "nauc_map_at_100_std": -0.18338241630958832,
        "nauc_map_at_10_diff1": 0.7674688269048009,
        "nauc_map_at_10_max": 0.4138349652187591,
        "nauc_map_at_10_std": -0.18438258043180525,
        "nauc_map_at_1_diff1": 0.7875877563187111,
        "nauc_map_at_1_max": 0.356041976866114,
        "nauc_map_at_1_std": -0.21356754744228387,
        "nauc_map_at_20_diff1": 0.7683565213513955,
        "nauc_map_at_20_max": 0.41290735731815514,
        "nauc_map_at_20_std": -0.18293298774254838,
        "nauc_map_at_3_diff1": 0.7665256198437911,
        "nauc_map_at_3_max": 0.40519783481585925,
        "nauc_map_at_3_std": -0.2002948971548165,
        "nauc_map_at_5_diff1": 0.7647236048736024,
        "nauc_map_at_5_max": 0.41181411974840076,
        "nauc_map_at_5_std": -0.18782273326293356,
        "nauc_mrr_at_1000_diff1": 0.7744635131140815,
        "nauc_mrr_at_1000_max": 0.41618657056514974,
        "nauc_mrr_at_1000_std": -0.1767665249142463,
        "nauc_mrr_at_100_diff1": 0.7744207185212278,
        "nauc_mrr_at_100_max": 0.4162584651888721,
        "nauc_mrr_at_100_std": -0.17661704327380032,
        "nauc_mrr_at_10_diff1": 0.7738603335859539,
        "nauc_mrr_at_10_max": 0.41827142768999276,
        "nauc_mrr_at_10_std": -0.17666609409963988,
        "nauc_mrr_at_1_diff1": 0.7973154426304233,
        "nauc_mrr_at_1_max": 0.3938967332297134,
        "nauc_mrr_at_1_std": -0.20360687486150703,
        "nauc_mrr_at_20_diff1": 0.7743923507512126,
        "nauc_mrr_at_20_max": 0.4171054647802391,
        "nauc_mrr_at_20_std": -0.17588206414170832,
        "nauc_mrr_at_3_diff1": 0.773589406657576,
        "nauc_mrr_at_3_max": 0.4142068306234315,
        "nauc_mrr_at_3_std": -0.18773153016160574,
        "nauc_mrr_at_5_diff1": 0.7712336285791321,
        "nauc_mrr_at_5_max": 0.4172118685542285,
        "nauc_mrr_at_5_std": -0.1785262809030711,
        "nauc_ndcg_at_1000_diff1": 0.7657675718732404,
        "nauc_ndcg_at_1000_max": 0.4210719743825613,
        "nauc_ndcg_at_1000_std": -0.1634701414634811,
        "nauc_ndcg_at_100_diff1": 0.7645547714403313,
        "nauc_ndcg_at_100_max": 0.42362402329102666,
        "nauc_ndcg_at_100_std": -0.15735983902876802,
        "nauc_ndcg_at_10_diff1": 0.7608581555424858,
        "nauc_ndcg_at_10_max": 0.4332293723888623,
        "nauc_ndcg_at_10_std": -0.1581139432702211,
        "nauc_ndcg_at_1_diff1": 0.7973154426304233,
        "nauc_ndcg_at_1_max": 0.3938967332297134,
        "nauc_ndcg_at_1_std": -0.20360687486150703,
        "nauc_ndcg_at_20_diff1": 0.7640544341054977,
        "nauc_ndcg_at_20_max": 0.4295896854659895,
        "nauc_ndcg_at_20_std": -0.1523493563937523,
        "nauc_ndcg_at_3_diff1": 0.7592929189147628,
        "nauc_ndcg_at_3_max": 0.416879885902514,
        "nauc_ndcg_at_3_std": -0.18955717968374558,
        "nauc_ndcg_at_5_diff1": 0.7544659368647194,
        "nauc_ndcg_at_5_max": 0.42802527586593936,
        "nauc_ndcg_at_5_std": -0.16715830370606502,
        "nauc_precision_at_1000_diff1": -0.22534717878143443,
        "nauc_precision_at_1000_max": 0.09312466590084602,
        "nauc_precision_at_1000_std": 0.2295264037851308,
        "nauc_precision_at_100_diff1": -0.15243555373567935,
        "nauc_precision_at_100_max": 0.15299670171474494,
        "nauc_precision_at_100_std": 0.26312212659541306,
        "nauc_precision_at_10_diff1": 0.1121768914195198,
        "nauc_precision_at_10_max": 0.31072372061804626,
        "nauc_precision_at_10_std": 0.15467218235146094,
        "nauc_precision_at_1_diff1": 0.7973154426304233,
        "nauc_precision_at_1_max": 0.3938967332297134,
        "nauc_precision_at_1_std": -0.20360687486150703,
        "nauc_precision_at_20_diff1": -0.00404487944616898,
        "nauc_precision_at_20_max": 0.24585581284316144,
        "nauc_precision_at_20_std": 0.23462401527810917,
        "nauc_precision_at_3_diff1": 0.4175054382954849,
        "nauc_precision_at_3_max": 0.3730032036037492,
        "nauc_precision_at_3_std": -0.052309694961209026,
        "nauc_precision_at_5_diff1": 0.2661198398531911,
        "nauc_precision_at_5_max": 0.351947021657306,
        "nauc_precision_at_5_std": 0.05676334030034469,
        "nauc_recall_at_1000_diff1": 0.6086589274885291,
        "nauc_recall_at_1000_max": 0.621884836408796,
        "nauc_recall_at_1000_std": 0.8579153310808721,
        "nauc_recall_at_100_diff1": 0.6293385046326249,
        "nauc_recall_at_100_max": 0.6635394670688735,
        "nauc_recall_at_100_std": 0.6239323421676338,
        "nauc_recall_at_10_diff1": 0.6837571369161775,
        "nauc_recall_at_10_max": 0.5904741510406017,
        "nauc_recall_at_10_std": 0.06013382244319144,
        "nauc_recall_at_1_diff1": 0.7875877563187111,
        "nauc_recall_at_1_max": 0.356041976866114,
        "nauc_recall_at_1_std": -0.21356754744228387,
        "nauc_recall_at_20_diff1": 0.6918106756505675,
        "nauc_recall_at_20_max": 0.6365984795236562,
        "nauc_recall_at_20_std": 0.27446219526129334,
        "nauc_recall_at_3_diff1": 0.7178155475779207,
        "nauc_recall_at_3_max": 0.4465174825760319,
        "nauc_recall_at_3_std": -0.16476974601182817,
        "nauc_recall_at_5_diff1": 0.6852656313617241,
        "nauc_recall_at_5_max": 0.5045087947615434,
        "nauc_recall_at_5_std": -0.06996519759412956,
        "ndcg_at_1": 0.7086,
        "ndcg_at_10": 0.82271,
        "ndcg_at_100": 0.83361,
        "ndcg_at_1000": 0.835,
        "ndcg_at_20": 0.82903,
        "ndcg_at_3": 0.78697,
        "ndcg_at_5": 0.80795,
        "precision_at_1": 0.7086,
        "precision_at_10": 0.09957,
        "precision_at_100": 0.01049,
        "precision_at_1000": 0.00106,
        "precision_at_20": 0.05116,
        "precision_at_3": 0.29713,
        "precision_at_5": 0.18954,
        "recall_at_1": 0.68571,
        "recall_at_10": 0.93714,
        "recall_at_100": 0.98448,
        "recall_at_1000": 0.99537,
        "recall_at_20": 0.96137,
        "recall_at_3": 0.84349,
        "recall_at_5": 0.89315
      }
    ]
  },
  "task_name": "MMarcoRetrieval"
}