{
  "dataset_revision": "76631901a18387f85eaa53e5450019b87ad58ef9",
  "evaluation_time": 1018.584091424942,
  "kg_co2_emissions": null,
  "mteb_version": "1.14.12",
  "scores": {
    "dev": [
      {
        "hf_subset": "default",
        "languages": [
          "cmn-Hans"
        ],
        "main_score": 0.6913022839184033,
        "map": 0.6913022839184033,
        "mrr": 0.7980656441091445,
        "nAUC_map_diff1": -0.09630927611785832,
        "nAUC_map_max": 0.39571378207291164,
        "nAUC_map_std": -0.022777902225748808,
        "nAUC_mrr_diff1": -0.08819378390235136,
        "nAUC_mrr_max": 0.3388314286390249,
        "nAUC_mrr_std": -0.029822491690333724
      }
    ]
  },
  "task_name": "T2Reranking"
}