{
  "dataset_revision": "8731a845f1bf500a4f111cf1070785c793d10e64",
  "evaluation_time": 1435.098648071289,
  "kg_co2_emissions": null,
  "mteb_version": "1.14.12",
  "scores": {
    "dev": [
      {
        "hf_subset": "default",
        "languages": [
          "cmn-Hans"
        ],
        "main_score": 0.85011,
        "map_at_1": 0.27526,
        "map_at_10": 0.77411,
        "map_at_100": 0.81097,
        "map_at_1000": 0.81158,
        "map_at_20": 0.8024,
        "map_at_3": 0.54352,
        "map_at_5": 0.66836,
        "mrr_at_1": 0.8976415921444854,
        "mrr_at_10": 0.9257734198653456,
        "mrr_at_100": 0.926614512210724,
        "mrr_at_1000": 0.926641638646097,
        "mrr_at_20": 0.9263516736661677,
        "mrr_at_3": 0.9214886901630707,
        "mrr_at_5": 0.9242854637909873,
        "nauc_map_at_1000_diff1": 0.15090748685284042,
        "nauc_map_at_1000_max": 0.40127827365995644,
        "nauc_map_at_1000_std": 0.1626619478786134,
        "nauc_map_at_100_diff1": 0.15089414014650837,
        "nauc_map_at_100_max": 0.4001787242118455,
        "nauc_map_at_100_std": 0.16237093200056876,
        "nauc_map_at_10_diff1": 0.19562299244021833,
        "nauc_map_at_10_max": 0.2667347603648735,
        "nauc_map_at_10_std": 0.008579950033732851,
        "nauc_map_at_1_diff1": 0.4994787364602937,
        "nauc_map_at_1_max": -0.28717121615886976,
        "nauc_map_at_1_std": -0.3522356292604424,
        "nauc_map_at_20_diff1": 0.15812707968799472,
        "nauc_map_at_20_max": 0.3732417001673819,
        "nauc_map_at_20_std": 0.1296380274418102,
        "nauc_map_at_3_diff1": 0.37368785351394185,
        "nauc_map_at_3_max": -0.18242982209351163,
        "nauc_map_at_3_std": -0.33540428374452375,
        "nauc_map_at_5_diff1": 0.3058415893955621,
        "nauc_map_at_5_max": -0.027136301698703093,
        "nauc_map_at_5_std": -0.24125328192316,
        "nauc_mrr_at_1000_diff1": 0.46281583682331806,
        "nauc_mrr_at_1000_max": 0.7170050521550551,
        "nauc_mrr_at_1000_std": 0.34448456766796004,
        "nauc_mrr_at_100_diff1": 0.4627871855479995,
        "nauc_mrr_at_100_max": 0.7170652047519457,
        "nauc_mrr_at_100_std": 0.34463891842845024,
        "nauc_mrr_at_10_diff1": 0.4626814466479034,
        "nauc_mrr_at_10_max": 0.7182909153541003,
        "nauc_mrr_at_10_std": 0.34597791454058785,
        "nauc_mrr_at_1_diff1": 0.4633562800307215,
        "nauc_mrr_at_1_max": 0.6827268621348356,
        "nauc_mrr_at_1_std": 0.294500822208574,
        "nauc_mrr_at_20_diff1": 0.46287059419769516,
        "nauc_mrr_at_20_max": 0.7175415162365578,
        "nauc_mrr_at_20_std": 0.3454308651921516,
        "nauc_mrr_at_3_diff1": 0.46300418171163127,
        "nauc_mrr_at_3_max": 0.7183664936642683,
        "nauc_mrr_at_3_std": 0.34090120726896567,
        "nauc_mrr_at_5_diff1": 0.4619493789544136,
        "nauc_mrr_at_5_max": 0.7183764750379145,
        "nauc_mrr_at_5_std": 0.34287123225894073,
        "nauc_ndcg_at_1000_diff1": 0.1892715918845134,
        "nauc_ndcg_at_1000_max": 0.5268217013117849,
        "nauc_ndcg_at_1000_std": 0.2773356846775635,
        "nauc_ndcg_at_100_diff1": 0.18451937749692343,
        "nauc_ndcg_at_100_max": 0.5154548624572916,
        "nauc_ndcg_at_100_std": 0.27921496269007356,
        "nauc_ndcg_at_10_diff1": 0.1889658694147388,
        "nauc_ndcg_at_10_max": 0.4110284006280868,
        "nauc_ndcg_at_10_std": 0.15974452708300166,
        "nauc_ndcg_at_1_diff1": 0.4636127253581721,
        "nauc_ndcg_at_1_max": 0.6819774518601445,
        "nauc_ndcg_at_1_std": 0.29431732265561267,
        "nauc_ndcg_at_20_diff1": 0.18854779517358627,
        "nauc_ndcg_at_20_max": 0.45671399821096076,
        "nauc_ndcg_at_20_std": 0.21712275366717582,
        "nauc_ndcg_at_3_diff1": 0.14164348271774546,
        "nauc_ndcg_at_3_max": 0.5867073097099212,
        "nauc_ndcg_at_3_std": 0.27500327705629257,
        "nauc_ndcg_at_5_diff1": 0.1481769661805829,
        "nauc_ndcg_at_5_max": 0.5043673134963036,
        "nauc_ndcg_at_5_std": 0.22375677990452555,
        "nauc_precision_at_1000_diff1": -0.33209848225548183,
        "nauc_precision_at_1000_max": 0.5176282960464456,
        "nauc_precision_at_1000_std": 0.5583807716452232,
        "nauc_precision_at_100_diff1": -0.33227275694409797,
        "nauc_precision_at_100_max": 0.5287462569007727,
        "nauc_precision_at_100_std": 0.5727956651004005,
        "nauc_precision_at_10_diff1": -0.3231315748119584,
        "nauc_precision_at_10_max": 0.5618201731578386,
        "nauc_precision_at_10_std": 0.5267838276630283,
        "nauc_precision_at_1_diff1": 0.4636127253581721,
        "nauc_precision_at_1_max": 0.6819774518601445,
        "nauc_precision_at_1_std": 0.29431732265561267,
        "nauc_precision_at_20_diff1": -0.3278271768175035,
        "nauc_precision_at_20_max": 0.5456076443015135,
        "nauc_precision_at_20_std": 0.5623861761921707,
        "nauc_precision_at_3_diff1": -0.2805668075809351,
        "nauc_precision_at_3_max": 0.6401490464477855,
        "nauc_precision_at_3_std": 0.44647296930390074,
        "nauc_precision_at_5_diff1": -0.3208143214088674,
        "nauc_precision_at_5_max": 0.599982980554483,
        "nauc_precision_at_5_std": 0.48324227977766115,
        "nauc_recall_at_1000_diff1": 0.019920569874082993,
        "nauc_recall_at_1000_max": 0.5350304309428938,
        "nauc_recall_at_1000_std": 0.6454904715680718,
        "nauc_recall_at_100_diff1": 0.05609762084254285,
        "nauc_recall_at_100_max": 0.42434756624207376,
        "nauc_recall_at_100_std": 0.4598307518315251,
        "nauc_recall_at_10_diff1": 0.18355140108242435,
        "nauc_recall_at_10_max": 0.13981176562100855,
        "nauc_recall_at_10_std": -0.052005916854089645,
        "nauc_recall_at_1_diff1": 0.4994787364602937,
        "nauc_recall_at_1_max": -0.28717121615886976,
        "nauc_recall_at_1_std": -0.3522356292604424,
        "nauc_recall_at_20_diff1": 0.12227667087718921,
        "nauc_recall_at_20_max": 0.2905166650277793,
        "nauc_recall_at_20_std": 0.1777539516154456,
        "nauc_recall_at_3_diff1": 0.3547937103794342,
        "nauc_recall_at_3_max": -0.2330702348463645,
        "nauc_recall_at_3_std": -0.3621174495260815,
        "nauc_recall_at_5_diff1": 0.29108232459102756,
        "nauc_recall_at_5_max": -0.12787100161271706,
        "nauc_recall_at_5_std": -0.30071016060337064,
        "ndcg_at_1": 0.8976,
        "ndcg_at_10": 0.85011,
        "ndcg_at_100": 0.88623,
        "ndcg_at_1000": 0.89189,
        "ndcg_at_20": 0.86847,
        "ndcg_at_3": 0.86217,
        "ndcg_at_5": 0.84926,
        "precision_at_1": 0.8976,
        "precision_at_10": 0.42212,
        "precision_at_100": 0.05031,
        "precision_at_1000": 0.00517,
        "precision_at_20": 0.23473,
        "precision_at_3": 0.75365,
        "precision_at_5": 0.63219,
        "recall_at_1": 0.27526,
        "recall_at_10": 0.84247,
        "recall_at_100": 0.95903,
        "recall_at_1000": 0.98718,
        "recall_at_20": 0.90323,
        "recall_at_3": 0.56219,
        "recall_at_5": 0.70529
      }
    ]
  },
  "task_name": "T2Retrieval"
}