{
  "dataset_revision": "58c2597a5943a2ba48f4668c3b90d796283c5639",
  "evaluation_time": 81.6538155078888,
  "kg_co2_emissions": null,
  "mteb_version": "1.14.12",
  "scores": {
    "dev": [
      {
        "hf_subset": "default",
        "languages": [
          "cmn-Hans"
        ],
        "main_score": 0.80164,
        "map_at_1": 0.65,
        "map_at_10": 0.75689,
        "map_at_100": 0.75998,
        "map_at_1000": 0.75999,
        "map_at_20": 0.75937,
        "map_at_3": 0.7405,
        "map_at_5": 0.75045,
        "mrr_at_1": 0.65,
        "mrr_at_10": 0.7568857142857152,
        "mrr_at_100": 0.7599838028348955,
        "mrr_at_1000": 0.7599855240052915,
        "mrr_at_20": 0.7593650687719581,
        "mrr_at_3": 0.7405000000000006,
        "mrr_at_5": 0.7504500000000007,
        "nauc_map_at_1000_diff1": 0.6842650985857948,
        "nauc_map_at_1000_max": 0.11279269839627268,
        "nauc_map_at_1000_std": -0.5532724626389496,
        "nauc_map_at_100_diff1": 0.6842654167914354,
        "nauc_map_at_100_max": 0.11280013611391682,
        "nauc_map_at_100_std": -0.5532594411027408,
        "nauc_map_at_10_diff1": 0.6829184926699362,
        "nauc_map_at_10_max": 0.11132409274954704,
        "nauc_map_at_10_std": -0.5588546419705182,
        "nauc_map_at_1_diff1": 0.6992953047440801,
        "nauc_map_at_1_max": 0.127059972332981,
        "nauc_map_at_1_std": -0.47917812678004734,
        "nauc_map_at_20_diff1": 0.6841326861050935,
        "nauc_map_at_20_max": 0.11324184435217076,
        "nauc_map_at_20_std": -0.5543283561557482,
        "nauc_map_at_3_diff1": 0.6817830036772475,
        "nauc_map_at_3_max": 0.11520487948849542,
        "nauc_map_at_3_std": -0.5671962837944968,
        "nauc_map_at_5_diff1": 0.6827635396416706,
        "nauc_map_at_5_max": 0.10946660965322272,
        "nauc_map_at_5_std": -0.5659027996181898,
        "nauc_mrr_at_1000_diff1": 0.6842650985857948,
        "nauc_mrr_at_1000_max": 0.11279269839627268,
        "nauc_mrr_at_1000_std": -0.5532724626389496,
        "nauc_mrr_at_100_diff1": 0.6842654167914354,
        "nauc_mrr_at_100_max": 0.11280013611391682,
        "nauc_mrr_at_100_std": -0.5532594411027408,
        "nauc_mrr_at_10_diff1": 0.6829184926699362,
        "nauc_mrr_at_10_max": 0.11132409274954704,
        "nauc_mrr_at_10_std": -0.5588546419705182,
        "nauc_mrr_at_1_diff1": 0.6992953047440801,
        "nauc_mrr_at_1_max": 0.127059972332981,
        "nauc_mrr_at_1_std": -0.47917812678004734,
        "nauc_mrr_at_20_diff1": 0.6841326861050935,
        "nauc_mrr_at_20_max": 0.11324184435217076,
        "nauc_mrr_at_20_std": -0.5543283561557482,
        "nauc_mrr_at_3_diff1": 0.6817830036772475,
        "nauc_mrr_at_3_max": 0.11520487948849542,
        "nauc_mrr_at_3_std": -0.5671962837944968,
        "nauc_mrr_at_5_diff1": 0.6827635396416706,
        "nauc_mrr_at_5_max": 0.10946660965322272,
        "nauc_mrr_at_5_std": -0.5659027996181898,
        "nauc_ndcg_at_1000_diff1": 0.6819468425914742,
        "nauc_ndcg_at_1000_max": 0.11269914663803823,
        "nauc_ndcg_at_1000_std": -0.5597877053676245,
        "nauc_ndcg_at_100_diff1": 0.681974375622167,
        "nauc_ndcg_at_100_max": 0.11330572271138638,
        "nauc_ndcg_at_100_std": -0.5587214042387642,
        "nauc_ndcg_at_10_diff1": 0.675691349036199,
        "nauc_ndcg_at_10_max": 0.10568270827403783,
        "nauc_ndcg_at_10_std": -0.5862799187511331,
        "nauc_ndcg_at_1_diff1": 0.6992953047440801,
        "nauc_ndcg_at_1_max": 0.127059972332981,
        "nauc_ndcg_at_1_std": -0.47917812678004734,
        "nauc_ndcg_at_20_diff1": 0.681017975799369,
        "nauc_ndcg_at_20_max": 0.11621270622520917,
        "nauc_ndcg_at_20_std": -0.5663138628088182,
        "nauc_ndcg_at_3_diff1": 0.6749250497753798,
        "nauc_ndcg_at_3_max": 0.11340866525881317,
        "nauc_ndcg_at_3_std": -0.60450580973787,
        "nauc_ndcg_at_5_diff1": 0.6764097055484147,
        "nauc_ndcg_at_5_max": 0.1016131597797638,
        "nauc_ndcg_at_5_std": -0.6042493393351328,
        "nauc_precision_at_1000_diff1": 0.5401493930905364,
        "nauc_precision_at_1000_max": 0.5613912231558975,
        "nauc_precision_at_1000_std": 0.5401493930905364,
        "nauc_precision_at_100_diff1": 0.600840336134406,
        "nauc_precision_at_100_max": 0.707594148770552,
        "nauc_precision_at_100_std": 0.6934329287270629,
        "nauc_precision_at_10_diff1": 0.60367972325542,
        "nauc_precision_at_10_max": 0.05236411504492137,
        "nauc_precision_at_10_std": -0.8271494390105835,
        "nauc_precision_at_1_diff1": 0.6992953047440801,
        "nauc_precision_at_1_max": 0.127059972332981,
        "nauc_precision_at_1_std": -0.47917812678004734,
        "nauc_precision_at_20_diff1": 0.6375466853408037,
        "nauc_precision_at_20_max": 0.28139589169000634,
        "nauc_precision_at_20_std": -0.651396669779017,
        "nauc_precision_at_3_diff1": 0.6447493547072422,
        "nauc_precision_at_3_max": 0.10694393230733616,
        "nauc_precision_at_3_std": -0.7701075811386882,
        "nauc_precision_at_5_diff1": 0.6409390451943635,
        "nauc_precision_at_5_max": 0.05562916201213791,
        "nauc_precision_at_5_std": -0.8223399925527594,
        "nauc_recall_at_1000_diff1": 0.5401493930905519,
        "nauc_recall_at_1000_max": 0.5613912231559195,
        "nauc_recall_at_1000_std": 0.5401493930905519,
        "nauc_recall_at_100_diff1": 0.6008403361344469,
        "nauc_recall_at_100_max": 0.707594148770613,
        "nauc_recall_at_100_std": 0.6934329287270781,
        "nauc_recall_at_10_diff1": 0.6036797232554213,
        "nauc_recall_at_10_max": 0.05236411504492607,
        "nauc_recall_at_10_std": -0.8271494390105747,
        "nauc_recall_at_1_diff1": 0.6992953047440801,
        "nauc_recall_at_1_max": 0.127059972332981,
        "nauc_recall_at_1_std": -0.47917812678004734,
        "nauc_recall_at_20_diff1": 0.6375466853408052,
        "nauc_recall_at_20_max": 0.2813958916900106,
        "nauc_recall_at_20_std": -0.6513966697790129,
        "nauc_recall_at_3_diff1": 0.6447493547072412,
        "nauc_recall_at_3_max": 0.10694393230733404,
        "nauc_recall_at_3_std": -0.7701075811386906,
        "nauc_recall_at_5_diff1": 0.6409390451943646,
        "nauc_recall_at_5_max": 0.05562916201214096,
        "nauc_recall_at_5_std": -0.8223399925527596,
        "ndcg_at_1": 0.65,
        "ndcg_at_10": 0.80164,
        "ndcg_at_100": 0.81493,
        "ndcg_at_1000": 0.81504,
        "ndcg_at_20": 0.81088,
        "ndcg_at_3": 0.76848,
        "ndcg_at_5": 0.78609,
        "precision_at_1": 0.65,
        "precision_at_10": 0.0939,
        "precision_at_100": 0.00997,
        "precision_at_1000": 0.001,
        "precision_at_20": 0.0488,
        "precision_at_3": 0.283,
        "precision_at_5": 0.1782,
        "recall_at_1": 0.65,
        "recall_at_10": 0.939,
        "recall_at_100": 0.997,
        "recall_at_1000": 0.998,
        "recall_at_20": 0.976,
        "recall_at_3": 0.849,
        "recall_at_5": 0.891
      }
    ]
  },
  "task_name": "VideoRetrieval"
}