{
  "dataset_revision": "0f319b1142f28d00e055a6770f3f726ae9b7d865",
  "evaluation_time": 20.00611448287964,
  "kg_co2_emissions": null,
  "mteb_version": "1.14.12",
  "scores": {
    "test": [
      {
        "cosine_pearson": 0.541549642261757,
        "cosine_spearman": 0.5714812321292837,
        "euclidean_pearson": 0.6012883177451991,
        "euclidean_spearman": 0.5679823039497166,
        "hf_subset": "default",
        "languages": [
          "cmn-Hans"
        ],
        "main_score": 0.5714812321292837,
        "manhattan_pearson": 0.6012467197534511,
        "manhattan_spearman": 0.5679279245167105,
        "pearson": [
          0.5415496524736794,
          0.0
        ],
        "spearman": [
          0.5714812546445047,
          0.0
        ]
      }
    ],
    "validation": [
      {
        "cosine_pearson": 0.5424370907266313,
        "cosine_spearman": 0.5779884664537865,
        "euclidean_pearson": 0.6005093414384327,
        "euclidean_spearman": 0.5747352051181076,
        "hf_subset": "default",
        "languages": [
          "cmn-Hans"
        ],
        "main_score": 0.5779884664537865,
        "manhattan_pearson": 0.6003579846842669,
        "manhattan_spearman": 0.5746213161281322,
        "pearson": [
          0.5424370903365774,
          0.0
        ],
        "spearman": [
          0.5779883547968302,
          0.0
        ]
      }
    ]
  },
  "task_name": "ATEC"
}