{
  "dataset_revision": "23d186750531a14a0357ca22cd92d712fd512ea0",
  "evaluation_time": 115.32781171798706,
  "kg_co2_emissions": null,
  "mteb_version": "1.14.12",
  "scores": {
    "test": [
      {
        "hf_subset": "default",
        "languages": [
          "cmn-Hans"
        ],
        "main_score": 0.8838113834645159,
        "map": 0.8838113834645159,
        "mrr": 0.9052234126984127,
        "nAUC_map_diff1": 0.5975581893487023,
        "nAUC_map_max": 0.6211664250496217,
        "nAUC_map_std": 0.056764115324800045,
        "nAUC_mrr_diff1": 0.6707181219755715,
        "nAUC_mrr_max": 0.7528581323486274,
        "nAUC_mrr_std": 0.1799745303764453
      }
    ]
  },
  "task_name": "CMedQAv2-reranking"
}