{
  "dataset_revision": "66e76a618a34d6d565d5538088562851e6daa7ec",
  "evaluation_time": 1.4161710739135742,
  "kg_co2_emissions": null,
  "mteb_version": "1.14.12",
  "scores": {
    "validation": [
      {
        "cosine_accuracy": 0.8321602598808879,
        "cosine_accuracy_threshold": 0.8468668460845947,
        "cosine_ap": 0.8847180019210489,
        "cosine_f1": 0.8460774577954319,
        "cosine_f1_threshold": 0.8468668460845947,
        "cosine_precision": 0.7985004686035614,
        "cosine_recall": 0.8996832101372756,
        "dot_accuracy": 0.7412019491066595,
        "dot_accuracy_threshold": 611.6334228515625,
        "dot_ap": 0.8221843913674356,
        "dot_f1": 0.7742230347349176,
        "dot_f1_threshold": 588.7674560546875,
        "dot_precision": 0.6825141015310233,
        "dot_recall": 0.8944033790918691,
        "euclidean_accuracy": 0.8164591229020033,
        "euclidean_accuracy_threshold": 14.78951644897461,
        "euclidean_ap": 0.8655778250928002,
        "euclidean_f1": 0.8337326305701964,
        "euclidean_f1_threshold": 15.585298538208008,
        "euclidean_precision": 0.7631578947368421,
        "euclidean_recall": 0.9186906019007391,
        "hf_subset": "default",
        "languages": [
          "cmn-Hans"
        ],
        "main_score": 0.8321602598808879,
        "manhattan_accuracy": 0.8148348673524635,
        "manhattan_accuracy_threshold": 513.4421997070312,
        "manhattan_ap": 0.8653822978018471,
        "manhattan_f1": 0.8326139088729017,
        "manhattan_f1_threshold": 523.663330078125,
        "manhattan_precision": 0.7627416520210897,
        "manhattan_recall": 0.9165786694825766,
        "max_accuracy": 0.8321602598808879,
        "max_ap": 0.8847180019210489,
        "max_f1": 0.8460774577954319,
        "max_precision": 0.7985004686035614,
        "max_recall": 0.9186906019007391,
        "similarity_accuracy": 0.8321602598808879,
        "similarity_accuracy_threshold": 0.84686678647995,
        "similarity_ap": 0.8847180019210489,
        "similarity_f1": 0.8460774577954319,
        "similarity_f1_threshold": 0.84686678647995,
        "similarity_precision": 0.7985004686035614,
        "similarity_recall": 0.8996832101372756
      }
    ]
  },
  "task_name": "Ocnli"
}