{
  "dataset_revision": "76631901a18387f85eaa53e5450019b87ad58ef9",
  "evaluation_time": 686.7862856388092,
  "kg_co2_emissions": null,
  "mteb_version": "1.14.12",
  "scores": {
    "dev": [
      {
        "hf_subset": "default",
        "languages": [
          "cmn-Hans"
        ],
        "main_score": 0.6838732925233572,
        "map": 0.6838732925233572,
        "mrr": 0.7911475293118828,
        "nAUC_map_diff1": -0.11253110368505122,
        "nAUC_map_max": 0.38512567765538275,
        "nAUC_map_std": -0.01966253657334838,
        "nAUC_mrr_diff1": -0.10630308274175526,
        "nAUC_mrr_max": 0.32327491874763126,
        "nAUC_mrr_std": -0.017352995694761827
      }
    ]
  },
  "task_name": "T2Reranking"
}