{
  "dataset_revision": "0f319b1142f28d00e055a6770f3f726ae9b7d865",
  "evaluation_time": 58.40152359008789,
  "kg_co2_emissions": null,
  "mteb_version": "1.14.18",
  "scores": {
    "test": [
      {
        "cosine_pearson": 0.44176301552649855,
        "cosine_spearman": 0.4567067371625695,
        "euclidean_pearson": 0.461630557435514,
        "euclidean_spearman": 0.44750378911839944,
        "hf_subset": "default",
        "languages": [
          "cmn-Hans"
        ],
        "main_score": 0.4567067371625695,
        "manhattan_pearson": 0.46154728113018995,
        "manhattan_spearman": 0.44741711978450965,
        "pearson": 0.44176300627891746,
        "spearman": 0.45670671464315027
      }
    ],
    "validation": [
      {
        "cosine_pearson": 0.44371057707297334,
        "cosine_spearman": 0.46283479507998243,
        "euclidean_pearson": 0.46227575340354715,
        "euclidean_spearman": 0.45348355991572725,
        "hf_subset": "default",
        "languages": [
          "cmn-Hans"
        ],
        "main_score": 0.46283479507998243,
        "manhattan_pearson": 0.4621576589228493,
        "manhattan_spearman": 0.4532949061543584,
        "pearson": 0.4437105888121902,
        "spearman": 0.4628348732373575
      }
    ]
  },
  "task_name": "ATEC"
}