{
  "dataset_revision": "cd540c506dae1cf9e9a59c3e06f42030d54e7301",
  "evaluation_time": 1101.6581144332886,
  "kg_co2_emissions": null,
  "mteb_version": "1.14.18",
  "scores": {
    "dev": [
      {
        "hf_subset": "default",
        "languages": [
          "cmn-Hans"
        ],
        "main_score": 0.36626,
        "map_at_1": 0.20742,
        "map_at_10": 0.30538,
        "map_at_100": 0.3226,
        "map_at_1000": 0.32414,
        "map_at_20": 0.31418,
        "map_at_3": 0.27043,
        "map_at_5": 0.28898,
        "mrr_at_1": 0.32483120780195046,
        "mrr_at_10": 0.3949750334408993,
        "mrr_at_100": 0.4047147303862863,
        "mrr_at_1000": 0.4053794943062092,
        "mrr_at_20": 0.400171378830487,
        "mrr_at_3": 0.37088438776360694,
        "mrr_at_5": 0.3832249729098942,
        "nauc_map_at_1000_diff1": 0.46845504355822465,
        "nauc_map_at_1000_max": 0.40076692322249086,
        "nauc_map_at_1000_std": -0.08461133622888582,
        "nauc_map_at_100_diff1": 0.4681439033587641,
        "nauc_map_at_100_max": 0.4004142387158676,
        "nauc_map_at_100_std": -0.08504915391537998,
        "nauc_map_at_10_diff1": 0.47103811922476324,
        "nauc_map_at_10_max": 0.391172246847706,
        "nauc_map_at_10_std": -0.09750790271232707,
        "nauc_map_at_1_diff1": 0.5188304172695986,
        "nauc_map_at_1_max": 0.33777262290258947,
        "nauc_map_at_1_std": -0.1030076951105072,
        "nauc_map_at_20_diff1": 0.4680295926000992,
        "nauc_map_at_20_max": 0.3967779567371276,
        "nauc_map_at_20_std": -0.09051330455972402,
        "nauc_map_at_3_diff1": 0.47812216703594645,
        "nauc_map_at_3_max": 0.37125829466928406,
        "nauc_map_at_3_std": -0.10689267168069176,
        "nauc_map_at_5_diff1": 0.47454130446100595,
        "nauc_map_at_5_max": 0.38194801151289154,
        "nauc_map_at_5_std": -0.10355555827361175,
        "nauc_mrr_at_1000_diff1": 0.5113824511948963,
        "nauc_mrr_at_1000_max": 0.4497886184185431,
        "nauc_mrr_at_1000_std": -0.050992035459235786,
        "nauc_mrr_at_100_diff1": 0.5110889874867847,
        "nauc_mrr_at_100_max": 0.44969087602929325,
        "nauc_mrr_at_100_std": -0.050891721187406064,
        "nauc_mrr_at_10_diff1": 0.5120519822816229,
        "nauc_mrr_at_10_max": 0.4477869168959526,
        "nauc_mrr_at_10_std": -0.05451369137386069,
        "nauc_mrr_at_1_diff1": 0.5635213205479398,
        "nauc_mrr_at_1_max": 0.4674393338205936,
        "nauc_mrr_at_1_std": -0.055589242505405805,
        "nauc_mrr_at_20_diff1": 0.5103826888023908,
        "nauc_mrr_at_20_max": 0.4489801360248921,
        "nauc_mrr_at_20_std": -0.0525082725958928,
        "nauc_mrr_at_3_diff1": 0.5243965440743968,
        "nauc_mrr_at_3_max": 0.4537744144977628,
        "nauc_mrr_at_3_std": -0.05672166225805369,
        "nauc_mrr_at_5_diff1": 0.5167054852879843,
        "nauc_mrr_at_5_max": 0.44961203956039325,
        "nauc_mrr_at_5_std": -0.056619590008396434,
        "nauc_ndcg_at_1000_diff1": 0.4588759869550543,
        "nauc_ndcg_at_1000_max": 0.42379394037129625,
        "nauc_ndcg_at_1000_std": -0.04637695270723567,
        "nauc_ndcg_at_100_diff1": 0.45011301173385354,
        "nauc_ndcg_at_100_max": 0.420450347902319,
        "nauc_ndcg_at_100_std": -0.044622405397993156,
        "nauc_ndcg_at_10_diff1": 0.4574160603712431,
        "nauc_ndcg_at_10_max": 0.3997368287845784,
        "nauc_ndcg_at_10_std": -0.08403313776937878,
        "nauc_ndcg_at_1_diff1": 0.5635213205479398,
        "nauc_ndcg_at_1_max": 0.4674393338205936,
        "nauc_ndcg_at_1_std": -0.055589242505405805,
        "nauc_ndcg_at_20_diff1": 0.4490664871265901,
        "nauc_ndcg_at_20_max": 0.408950932811782,
        "nauc_ndcg_at_20_std": -0.06905699865806743,
        "nauc_ndcg_at_3_diff1": 0.47303006369084316,
        "nauc_ndcg_at_3_max": 0.4113078427013638,
        "nauc_ndcg_at_3_std": -0.07986486693839642,
        "nauc_ndcg_at_5_diff1": 0.4662264365783148,
        "nauc_ndcg_at_5_max": 0.40072607788290565,
        "nauc_ndcg_at_5_std": -0.08675165669876929,
        "nauc_precision_at_1000_diff1": 0.03301440479480621,
        "nauc_precision_at_1000_max": 0.2504766883450109,
        "nauc_precision_at_1000_std": 0.18268553647479788,
        "nauc_precision_at_100_diff1": 0.1053931818667914,
        "nauc_precision_at_100_max": 0.33990467898270615,
        "nauc_precision_at_100_std": 0.175900904036246,
        "nauc_precision_at_10_diff1": 0.2665982201597085,
        "nauc_precision_at_10_max": 0.427716018216986,
        "nauc_precision_at_10_std": 0.030473972213388375,
        "nauc_precision_at_1_diff1": 0.5635213205479398,
        "nauc_precision_at_1_max": 0.4674393338205936,
        "nauc_precision_at_1_std": -0.055589242505405805,
        "nauc_precision_at_20_diff1": 0.1985850051976895,
        "nauc_precision_at_20_max": 0.4016153852186287,
        "nauc_precision_at_20_std": 0.08276522168663406,
        "nauc_precision_at_3_diff1": 0.3732102964003253,
        "nauc_precision_at_3_max": 0.4467616054535546,
        "nauc_precision_at_3_std": -0.025172587970017084,
        "nauc_precision_at_5_diff1": 0.3253803112088767,
        "nauc_precision_at_5_max": 0.43600833607127976,
        "nauc_precision_at_5_std": -0.006272416447131174,
        "nauc_recall_at_1000_diff1": 0.1705138218795257,
        "nauc_recall_at_1000_max": 0.4750159033832515,
        "nauc_recall_at_1000_std": 0.4470797079934594,
        "nauc_recall_at_100_diff1": 0.2531621168351366,
        "nauc_recall_at_100_max": 0.3580537796524039,
        "nauc_recall_at_100_std": 0.10325841297326836,
        "nauc_recall_at_10_diff1": 0.346079040878877,
        "nauc_recall_at_10_max": 0.3198373516166201,
        "nauc_recall_at_10_std": -0.08547446831147829,
        "nauc_recall_at_1_diff1": 0.5188304172695986,
        "nauc_recall_at_1_max": 0.33777262290258947,
        "nauc_recall_at_1_std": -0.1030076951105072,
        "nauc_recall_at_20_diff1": 0.30520023581402095,
        "nauc_recall_at_20_max": 0.3356525315514792,
        "nauc_recall_at_20_std": -0.040687471716779985,
        "nauc_recall_at_3_diff1": 0.4142945506905069,
        "nauc_recall_at_3_max": 0.33268163922029376,
        "nauc_recall_at_3_std": -0.10820516878926832,
        "nauc_recall_at_5_diff1": 0.3875681457819678,
        "nauc_recall_at_5_max": 0.3276884880529314,
        "nauc_recall_at_5_std": -0.1044049417093861,
        "ndcg_at_1": 0.32483,
        "ndcg_at_10": 0.36626,
        "ndcg_at_100": 0.43754,
        "ndcg_at_1000": 0.46719,
        "ndcg_at_20": 0.39103,
        "ndcg_at_3": 0.31939,
        "ndcg_at_5": 0.33684,
        "precision_at_1": 0.32483,
        "precision_at_10": 0.0825,
        "precision_at_100": 0.01415,
        "precision_at_1000": 0.00179,
        "precision_at_20": 0.04966,
        "precision_at_3": 0.18055,
        "precision_at_5": 0.13138,
        "recall_at_1": 0.20742,
        "recall_at_10": 0.45908,
        "recall_at_100": 0.75726,
        "recall_at_1000": 0.96046,
        "recall_at_20": 0.54271,
        "recall_at_3": 0.31535,
        "recall_at_5": 0.37206
      }
    ]
  },
  "task_name": "CmedqaRetrieval"
}