{
  "dataset_revision": "8d7f1e942507dac42dc58017c1a001c3717da7df",
  "evaluation_time": 278.1560924053192,
  "kg_co2_emissions": null,
  "mteb_version": "1.14.18",
  "scores": {
    "test": [
      {
        "hf_subset": "default",
        "languages": [
          "cmn-Hans"
        ],
        "main_score": 0.8175320428215781,
        "map": 0.8175320428215781,
        "mrr": 0.8477285714285714,
        "nAUC_map_diff1": 0.5528860948084534,
        "nAUC_map_max": 0.5778726679552042,
        "nAUC_map_std": 0.19009454442850715,
        "nAUC_mrr_diff1": 0.6282788409519328,
        "nAUC_mrr_max": 0.6438634639159561,
        "nAUC_mrr_std": 0.2298102972622058
      }
    ]
  },
  "task_name": "CMedQAv1-reranking"
}