{
  "dataset_revision": "1271c7809071a13532e05f25fb53511ffce77117",
  "evaluation_time": 1146.8808333873749,
  "kg_co2_emissions": null,
  "mteb_version": "1.14.18",
  "scores": {
    "dev": [
      {
        "hf_subset": "default",
        "languages": [
          "cmn-Hans"
        ],
        "main_score": 0.6878,
        "map_at_1": 0.55901,
        "map_at_10": 0.64643,
        "map_at_100": 0.65242,
        "map_at_1000": 0.65257,
        "map_at_20": 0.64995,
        "map_at_3": 0.62654,
        "map_at_5": 0.63851,
        "mrr_at_1": 0.5605900948366702,
        "mrr_at_10": 0.6465853780922274,
        "mrr_at_100": 0.652483420200695,
        "mrr_at_1000": 0.6526361837849185,
        "mrr_at_20": 0.6500571131587731,
        "mrr_at_3": 0.6273270108886546,
        "mrr_at_5": 0.638812785388128,
        "nauc_map_at_1000_diff1": 0.7259254211654864,
        "nauc_map_at_1000_max": 0.4650138485414431,
        "nauc_map_at_1000_std": -0.21204389310060676,
        "nauc_map_at_100_diff1": 0.7258477491744088,
        "nauc_map_at_100_max": 0.4651112529765164,
        "nauc_map_at_100_std": -0.21187815808319832,
        "nauc_map_at_10_diff1": 0.7250431495033318,
        "nauc_map_at_10_max": 0.46534984377339594,
        "nauc_map_at_10_std": -0.2145195359066835,
        "nauc_map_at_1_diff1": 0.7612045063116585,
        "nauc_map_at_1_max": 0.43232558441341135,
        "nauc_map_at_1_std": -0.2368677370771654,
        "nauc_map_at_20_diff1": 0.724958460618856,
        "nauc_map_at_20_max": 0.46636955547555076,
        "nauc_map_at_20_std": -0.2105294195444422,
        "nauc_map_at_3_diff1": 0.7291467894754973,
        "nauc_map_at_3_max": 0.457363731920127,
        "nauc_map_at_3_std": -0.22526600660855053,
        "nauc_map_at_5_diff1": 0.7271445346265578,
        "nauc_map_at_5_max": 0.46145807336280076,
        "nauc_map_at_5_std": -0.22091876018279313,
        "nauc_mrr_at_1000_diff1": 0.7258261664568955,
        "nauc_mrr_at_1000_max": 0.46599244818698193,
        "nauc_mrr_at_1000_std": -0.21002325030162008,
        "nauc_mrr_at_100_diff1": 0.7257488095706858,
        "nauc_mrr_at_100_max": 0.4660894519310026,
        "nauc_mrr_at_100_std": -0.2098586595959025,
        "nauc_mrr_at_10_diff1": 0.7248653279121384,
        "nauc_mrr_at_10_max": 0.46651645938944686,
        "nauc_mrr_at_10_std": -0.2120667918820927,
        "nauc_mrr_at_1_diff1": 0.7591360524679833,
        "nauc_mrr_at_1_max": 0.436182361723844,
        "nauc_mrr_at_1_std": -0.22986231394122178,
        "nauc_mrr_at_20_diff1": 0.724903818018602,
        "nauc_mrr_at_20_max": 0.4674905576156679,
        "nauc_mrr_at_20_std": -0.20828698481849825,
        "nauc_mrr_at_3_diff1": 0.7277159887733105,
        "nauc_mrr_at_3_max": 0.45945396883004436,
        "nauc_mrr_at_3_std": -0.22205909589212547,
        "nauc_mrr_at_5_diff1": 0.7257001780318107,
        "nauc_mrr_at_5_max": 0.46348720335241306,
        "nauc_mrr_at_5_std": -0.21758783597514747,
        "nauc_ndcg_at_1000_diff1": 0.717728522672354,
        "nauc_ndcg_at_1000_max": 0.47533615873224727,
        "nauc_ndcg_at_1000_std": -0.19408339151637358,
        "nauc_ndcg_at_100_diff1": 0.7154116672043462,
        "nauc_ndcg_at_100_max": 0.47851893830327746,
        "nauc_ndcg_at_100_std": -0.18817143679958184,
        "nauc_ndcg_at_10_diff1": 0.7080689080365702,
        "nauc_ndcg_at_10_max": 0.4826225904010355,
        "nauc_ndcg_at_10_std": -0.19558980583857788,
        "nauc_ndcg_at_1_diff1": 0.7591360524679833,
        "nauc_ndcg_at_1_max": 0.436182361723844,
        "nauc_ndcg_at_1_std": -0.22986231394122178,
        "nauc_ndcg_at_20_diff1": 0.7077010715053937,
        "nauc_ndcg_at_20_max": 0.48790257169495765,
        "nauc_ndcg_at_20_std": -0.17669041464665505,
        "nauc_ndcg_at_3_diff1": 0.7175777480252684,
        "nauc_ndcg_at_3_max": 0.4652592187254591,
        "nauc_ndcg_at_3_std": -0.22055953139369047,
        "nauc_ndcg_at_5_diff1": 0.7133137661519837,
        "nauc_ndcg_at_5_max": 0.4732239088240639,
        "nauc_ndcg_at_5_std": -0.21139061700602615,
        "nauc_precision_at_1000_diff1": -0.08762964241730428,
        "nauc_precision_at_1000_max": 0.41561674871693427,
        "nauc_precision_at_1000_std": 0.6167576736254278,
        "nauc_precision_at_100_diff1": 0.2612986824711005,
        "nauc_precision_at_100_max": 0.54995056696704,
        "nauc_precision_at_100_std": 0.38637048125150963,
        "nauc_precision_at_10_diff1": 0.5308374409830883,
        "nauc_precision_at_10_max": 0.5403925193729068,
        "nauc_precision_at_10_std": -0.043736802244145424,
        "nauc_precision_at_1_diff1": 0.7591360524679833,
        "nauc_precision_at_1_max": 0.436182361723844,
        "nauc_precision_at_1_std": -0.22986231394122178,
        "nauc_precision_at_20_diff1": 0.47789097137172754,
        "nauc_precision_at_20_max": 0.5962895472618813,
        "nauc_precision_at_20_std": 0.13654303635514667,
        "nauc_precision_at_3_diff1": 0.6495680909578196,
        "nauc_precision_at_3_max": 0.4854588585135298,
        "nauc_precision_at_3_std": -0.182358037038021,
        "nauc_precision_at_5_diff1": 0.6061669457444113,
        "nauc_precision_at_5_max": 0.5051238648455818,
        "nauc_precision_at_5_std": -0.14021037161048264,
        "nauc_recall_at_1000_diff1": 0.6836091986247985,
        "nauc_recall_at_1000_max": 0.737238727465883,
        "nauc_recall_at_1000_std": 0.7216409382912226,
        "nauc_recall_at_100_diff1": 0.6011420673042314,
        "nauc_recall_at_100_max": 0.686276321784814,
        "nauc_recall_at_100_std": 0.2984506473419137,
        "nauc_recall_at_10_diff1": 0.6263857911649134,
        "nauc_recall_at_10_max": 0.5670628240200221,
        "nauc_recall_at_10_std": -0.0976643899407243,
        "nauc_recall_at_1_diff1": 0.7612045063116585,
        "nauc_recall_at_1_max": 0.43232558441341135,
        "nauc_recall_at_1_std": -0.2368677370771654,
        "nauc_recall_at_20_diff1": 0.5986734607654037,
        "nauc_recall_at_20_max": 0.6346855313716112,
        "nauc_recall_at_20_std": 0.07987761794421283,
        "nauc_recall_at_3_diff1": 0.679758598370314,
        "nauc_recall_at_3_max": 0.49016001075645355,
        "nauc_recall_at_3_std": -0.20554002663685864,
        "nauc_recall_at_5_diff1": 0.6613989591083819,
        "nauc_recall_at_5_max": 0.5151119866332365,
        "nauc_recall_at_5_std": -0.17641263745519142,
        "ndcg_at_1": 0.56059,
        "ndcg_at_10": 0.6878,
        "ndcg_at_100": 0.71826,
        "ndcg_at_1000": 0.72206,
        "ndcg_at_20": 0.70054,
        "ndcg_at_3": 0.64782,
        "ndcg_at_5": 0.6694,
        "precision_at_1": 0.56059,
        "precision_at_10": 0.08261,
        "precision_at_100": 0.00973,
        "precision_at_1000": 0.001,
        "precision_at_20": 0.04384,
        "precision_at_3": 0.23779,
        "precision_at_5": 0.15364,
        "recall_at_1": 0.55901,
        "recall_at_10": 0.81665,
        "recall_at_100": 0.96207,
        "recall_at_1000": 0.99157,
        "recall_at_20": 0.8667,
        "recall_at_3": 0.70864,
        "recall_at_5": 0.7608
      }
    ]
  },
  "task_name": "CovidRetrieval"
}