{
  "dataset_revision": "a1a333e290fe30b10f3f56498e3a0d911a693ced",
  "evaluation_time": 1148.7537240982056,
  "kg_co2_emissions": null,
  "mteb_version": "1.14.18",
  "scores": {
    "dev": [
      {
        "hf_subset": "default",
        "languages": [
          "cmn-Hans"
        ],
        "main_score": 0.7389,
        "map_at_1": 0.21327,
        "map_at_10": 0.63639,
        "map_at_100": 0.67064,
        "map_at_1000": 0.67166,
        "map_at_20": 0.66017,
        "map_at_3": 0.43993,
        "map_at_5": 0.55306,
        "mrr_at_1": 0.7875,
        "mrr_at_10": 0.8487499999999999,
        "mrr_at_100": 0.8499753284116234,
        "mrr_at_1000": 0.8500461564404204,
        "mrr_at_20": 0.8495060443426541,
        "mrr_at_3": 0.8399999999999996,
        "mrr_at_5": 0.8463999999999999,
        "nauc_map_at_1000_diff1": 0.12620607489992786,
        "nauc_map_at_1000_max": 0.5205283135598849,
        "nauc_map_at_1000_std": 0.3245068882538426,
        "nauc_map_at_100_diff1": 0.12597594445145094,
        "nauc_map_at_100_max": 0.5204283132213401,
        "nauc_map_at_100_std": 0.324678508309008,
        "nauc_map_at_10_diff1": 0.13123100149494366,
        "nauc_map_at_10_max": 0.48913955806183457,
        "nauc_map_at_10_std": 0.26064856675840714,
        "nauc_map_at_1_diff1": 0.378551532977868,
        "nauc_map_at_1_max": 0.05139416880710875,
        "nauc_map_at_1_std": -0.12493797133370638,
        "nauc_map_at_20_diff1": 0.12524682975095514,
        "nauc_map_at_20_max": 0.5143928103178591,
        "nauc_map_at_20_std": 0.30749246880556647,
        "nauc_map_at_3_diff1": 0.22813694448151559,
        "nauc_map_at_3_max": 0.24290906892553238,
        "nauc_map_at_3_std": 0.0032536486198530504,
        "nauc_map_at_5_diff1": 0.17758104322664345,
        "nauc_map_at_5_max": 0.3749808341389076,
        "nauc_map_at_5_std": 0.11745934240350236,
        "nauc_mrr_at_1000_diff1": 0.38837148299123675,
        "nauc_mrr_at_1000_max": 0.677652943247225,
        "nauc_mrr_at_1000_std": 0.3784931817639476,
        "nauc_mrr_at_100_diff1": 0.38837396634034893,
        "nauc_mrr_at_100_max": 0.6777687182993808,
        "nauc_mrr_at_100_std": 0.3787252319767625,
        "nauc_mrr_at_10_diff1": 0.3875125608920129,
        "nauc_mrr_at_10_max": 0.6793398831629882,
        "nauc_mrr_at_10_std": 0.3813165914134295,
        "nauc_mrr_at_1_diff1": 0.3956675303016772,
        "nauc_mrr_at_1_max": 0.6244164507579145,
        "nauc_mrr_at_1_std": 0.3046332529259363,
        "nauc_mrr_at_20_diff1": 0.38825386804209566,
        "nauc_mrr_at_20_max": 0.6783823849439983,
        "nauc_mrr_at_20_std": 0.3796171559496445,
        "nauc_mrr_at_3_diff1": 0.38907886088827565,
        "nauc_mrr_at_3_max": 0.6776577751539267,
        "nauc_mrr_at_3_std": 0.37336533403302735,
        "nauc_mrr_at_5_diff1": 0.3895334632346632,
        "nauc_mrr_at_5_max": 0.6808399351470861,
        "nauc_mrr_at_5_std": 0.37993558320546617,
        "nauc_ndcg_at_1000_diff1": 0.1674072534081469,
        "nauc_ndcg_at_1000_max": 0.5940431275001277,
        "nauc_ndcg_at_1000_std": 0.41165147550256664,
        "nauc_ndcg_at_100_diff1": 0.16019230995567912,
        "nauc_ndcg_at_100_max": 0.5946315866944738,
        "nauc_ndcg_at_100_std": 0.42005828009852947,
        "nauc_ndcg_at_10_diff1": 0.15056965778706982,
        "nauc_ndcg_at_10_max": 0.5504198912470654,
        "nauc_ndcg_at_10_std": 0.34056801141559495,
        "nauc_ndcg_at_1_diff1": 0.3956675303016772,
        "nauc_ndcg_at_1_max": 0.6244164507579145,
        "nauc_ndcg_at_1_std": 0.3046332529259363,
        "nauc_ndcg_at_20_diff1": 0.1517089870625398,
        "nauc_ndcg_at_20_max": 0.5790394978149096,
        "nauc_ndcg_at_20_std": 0.3842315991272772,
        "nauc_ndcg_at_3_diff1": 0.16504016013245776,
        "nauc_ndcg_at_3_max": 0.5503931877758191,
        "nauc_ndcg_at_3_std": 0.31212027006872983,
        "nauc_ndcg_at_5_diff1": 0.16550833131548856,
        "nauc_ndcg_at_5_max": 0.5251932154509766,
        "nauc_ndcg_at_5_std": 0.2958181998168576,
        "nauc_precision_at_1000_diff1": -0.14043882192806978,
        "nauc_precision_at_1000_max": 0.21412904690429047,
        "nauc_precision_at_1000_std": 0.36452364372012025,
        "nauc_precision_at_100_diff1": -0.1447429133895572,
        "nauc_precision_at_100_max": 0.2744848158532524,
        "nauc_precision_at_100_std": 0.4250070401965486,
        "nauc_precision_at_10_diff1": -0.13118736702532713,
        "nauc_precision_at_10_max": 0.42663589775360317,
        "nauc_precision_at_10_std": 0.45005345014689313,
        "nauc_precision_at_1_diff1": 0.3956675303016772,
        "nauc_precision_at_1_max": 0.6244164507579145,
        "nauc_precision_at_1_std": 0.3046332529259363,
        "nauc_precision_at_20_diff1": -0.14143723513366185,
        "nauc_precision_at_20_max": 0.3633245626986235,
        "nauc_precision_at_20_std": 0.4571909754716021,
        "nauc_precision_at_3_diff1": -0.025434484544572793,
        "nauc_precision_at_3_max": 0.5447676285697988,
        "nauc_precision_at_3_std": 0.37472653418090374,
        "nauc_precision_at_5_diff1": -0.08599424782234634,
        "nauc_precision_at_5_max": 0.5052142097412979,
        "nauc_precision_at_5_std": 0.41311875930284275,
        "nauc_recall_at_1000_diff1": 0.009591241381825065,
        "nauc_recall_at_1000_max": 0.5910823754890697,
        "nauc_recall_at_1000_std": 0.7160922729998133,
        "nauc_recall_at_100_diff1": 0.03507202608495939,
        "nauc_recall_at_100_max": 0.5759979698505571,
        "nauc_recall_at_100_std": 0.6192142159713256,
        "nauc_recall_at_10_diff1": 0.07485085719920172,
        "nauc_recall_at_10_max": 0.4568520385464401,
        "nauc_recall_at_10_std": 0.2874551917440038,
        "nauc_recall_at_1_diff1": 0.378551532977868,
        "nauc_recall_at_1_max": 0.05139416880710875,
        "nauc_recall_at_1_std": -0.12493797133370638,
        "nauc_recall_at_20_diff1": 0.046614997647106825,
        "nauc_recall_at_20_max": 0.5163352798660256,
        "nauc_recall_at_20_std": 0.4135424978348295,
        "nauc_recall_at_3_diff1": 0.20063391967522673,
        "nauc_recall_at_3_max": 0.19445755586694105,
        "nauc_recall_at_3_std": -0.018285750579795985,
        "nauc_recall_at_5_diff1": 0.14997400292132523,
        "nauc_recall_at_5_max": 0.3116049737059042,
        "nauc_recall_at_5_std": 0.08714828163016121,
        "ndcg_at_1": 0.7875,
        "ndcg_at_10": 0.7389,
        "ndcg_at_100": 0.78922,
        "ndcg_at_1000": 0.79983,
        "ndcg_at_20": 0.76316,
        "ndcg_at_3": 0.72731,
        "ndcg_at_5": 0.71302,
        "precision_at_1": 0.7875,
        "precision_at_10": 0.3583,
        "precision_at_100": 0.04495,
        "precision_at_1000": 0.00476,
        "precision_at_20": 0.20095,
        "precision_at_3": 0.65333,
        "precision_at_5": 0.5487,
        "recall_at_1": 0.21327,
        "recall_at_10": 0.75592,
        "recall_at_100": 0.91221,
        "recall_at_1000": 0.96552,
        "recall_at_20": 0.8262,
        "recall_at_3": 0.47048,
        "recall_at_5": 0.61783
      }
    ]
  },
  "task_name": "DuRetrieval"
}