{
  "dataset_revision": "687de13dc7294d6fd9be10c6945f9e8fec8166b9",
  "evaluation_time": 144.59494185447693,
  "kg_co2_emissions": null,
  "mteb_version": "1.14.18",
  "scores": {
    "dev": [
      {
        "hf_subset": "default",
        "languages": [
          "cmn-Hans"
        ],
        "main_score": 0.53741,
        "map_at_1": 0.388,
        "map_at_10": 0.48411,
        "map_at_100": 0.49194,
        "map_at_1000": 0.49216,
        "map_at_20": 0.48896,
        "map_at_3": 0.45433,
        "map_at_5": 0.47053,
        "mrr_at_1": 0.388,
        "mrr_at_10": 0.48411269841269805,
        "mrr_at_100": 0.49193628971342157,
        "mrr_at_1000": 0.49216343404506097,
        "mrr_at_20": 0.48896184380634783,
        "mrr_at_3": 0.454333333333333,
        "mrr_at_5": 0.4705333333333327,
        "nauc_map_at_1000_diff1": 0.5130826206812166,
        "nauc_map_at_1000_max": 0.29320650487329997,
        "nauc_map_at_1000_std": -0.0016184924023976525,
        "nauc_map_at_100_diff1": 0.5130156155207716,
        "nauc_map_at_100_max": 0.2933276722582019,
        "nauc_map_at_100_std": -0.0014290816805996702,
        "nauc_map_at_10_diff1": 0.5114774461289244,
        "nauc_map_at_10_max": 0.2918377033325379,
        "nauc_map_at_10_std": -0.005968353072835357,
        "nauc_map_at_1_diff1": 0.5559026716865444,
        "nauc_map_at_1_max": 0.24970610930144652,
        "nauc_map_at_1_std": -0.020706994857559963,
        "nauc_map_at_20_diff1": 0.5124910846755976,
        "nauc_map_at_20_max": 0.2933619898192697,
        "nauc_map_at_20_std": -0.0027822589702630866,
        "nauc_map_at_3_diff1": 0.5160880656536776,
        "nauc_map_at_3_max": 0.2817946324831908,
        "nauc_map_at_3_std": -0.019372609956930926,
        "nauc_map_at_5_diff1": 0.5144883306519373,
        "nauc_map_at_5_max": 0.2837476738039716,
        "nauc_map_at_5_std": -0.01645722260985882,
        "nauc_mrr_at_1000_diff1": 0.5130826206812166,
        "nauc_mrr_at_1000_max": 0.29320650487329997,
        "nauc_mrr_at_1000_std": -0.0016184924023976525,
        "nauc_mrr_at_100_diff1": 0.5130156155207716,
        "nauc_mrr_at_100_max": 0.2933276722582019,
        "nauc_mrr_at_100_std": -0.0014290816805996702,
        "nauc_mrr_at_10_diff1": 0.5114774461289244,
        "nauc_mrr_at_10_max": 0.2918377033325379,
        "nauc_mrr_at_10_std": -0.005968353072835357,
        "nauc_mrr_at_1_diff1": 0.5559026716865444,
        "nauc_mrr_at_1_max": 0.24970610930144652,
        "nauc_mrr_at_1_std": -0.020706994857559963,
        "nauc_mrr_at_20_diff1": 0.5124910846755976,
        "nauc_mrr_at_20_max": 0.2933619898192697,
        "nauc_mrr_at_20_std": -0.0027822589702630866,
        "nauc_mrr_at_3_diff1": 0.5160880656536776,
        "nauc_mrr_at_3_max": 0.2817946324831908,
        "nauc_mrr_at_3_std": -0.019372609956930926,
        "nauc_mrr_at_5_diff1": 0.5144883306519373,
        "nauc_mrr_at_5_max": 0.2837476738039716,
        "nauc_mrr_at_5_std": -0.01645722260985882,
        "nauc_ndcg_at_1000_diff1": 0.500771574946,
        "nauc_ndcg_at_1000_max": 0.3219467168412102,
        "nauc_ndcg_at_1000_std": 0.03299616606969328,
        "nauc_ndcg_at_100_diff1": 0.49841339997918926,
        "nauc_ndcg_at_100_max": 0.3258885529950552,
        "nauc_ndcg_at_100_std": 0.04064598275754873,
        "nauc_ndcg_at_10_diff1": 0.49217399842097104,
        "nauc_ndcg_at_10_max": 0.31756277980197634,
        "nauc_ndcg_at_10_std": 0.01412573429026993,
        "nauc_ndcg_at_1_diff1": 0.5559026716865444,
        "nauc_ndcg_at_1_max": 0.24970610930144652,
        "nauc_ndcg_at_1_std": -0.020706994857559963,
        "nauc_ndcg_at_20_diff1": 0.49504119729628343,
        "nauc_ndcg_at_20_max": 0.32455067759298306,
        "nauc_ndcg_at_20_std": 0.027853912951524333,
        "nauc_ndcg_at_3_diff1": 0.5032912883484165,
        "nauc_ndcg_at_3_max": 0.29257700319070007,
        "nauc_ndcg_at_3_std": -0.0177800000380793,
        "nauc_ndcg_at_5_diff1": 0.5003113116967177,
        "nauc_ndcg_at_5_max": 0.2973349849428924,
        "nauc_ndcg_at_5_std": -0.011251368539209031,
        "nauc_precision_at_1000_diff1": 0.3561410675381264,
        "nauc_precision_at_1000_max": 0.8893168378462503,
        "nauc_precision_at_1000_std": 0.8043300653594754,
        "nauc_precision_at_100_diff1": 0.38626503520120486,
        "nauc_precision_at_100_max": 0.6651685587855799,
        "nauc_precision_at_100_std": 0.5553953532676926,
        "nauc_precision_at_10_diff1": 0.41401338433531526,
        "nauc_precision_at_10_max": 0.4273811366366694,
        "nauc_precision_at_10_std": 0.10555825797274454,
        "nauc_precision_at_1_diff1": 0.5559026716865444,
        "nauc_precision_at_1_max": 0.24970610930144652,
        "nauc_precision_at_1_std": -0.020706994857559963,
        "nauc_precision_at_20_diff1": 0.41035882343429086,
        "nauc_precision_at_20_max": 0.4964367144312478,
        "nauc_precision_at_20_std": 0.21125836534707634,
        "nauc_precision_at_3_diff1": 0.46490546598146304,
        "nauc_precision_at_3_max": 0.3250757144578265,
        "nauc_precision_at_3_std": -0.012616999090180095,
        "nauc_precision_at_5_diff1": 0.4546226382372942,
        "nauc_precision_at_5_max": 0.34250366074161853,
        "nauc_precision_at_5_std": 0.007787464353952328,
        "nauc_recall_at_1000_diff1": 0.35614106753812697,
        "nauc_recall_at_1000_max": 0.8893168378462508,
        "nauc_recall_at_1000_std": 0.8043300653594772,
        "nauc_recall_at_100_diff1": 0.3862650352012049,
        "nauc_recall_at_100_max": 0.6651685587855796,
        "nauc_recall_at_100_std": 0.5553953532676941,
        "nauc_recall_at_10_diff1": 0.414013384335316,
        "nauc_recall_at_10_max": 0.42738113663667,
        "nauc_recall_at_10_std": 0.10555825797274535,
        "nauc_recall_at_1_diff1": 0.5559026716865444,
        "nauc_recall_at_1_max": 0.24970610930144652,
        "nauc_recall_at_1_std": -0.020706994857559963,
        "nauc_recall_at_20_diff1": 0.41035882343429103,
        "nauc_recall_at_20_max": 0.4964367144312487,
        "nauc_recall_at_20_std": 0.2112583653470766,
        "nauc_recall_at_3_diff1": 0.46490546598146276,
        "nauc_recall_at_3_max": 0.3250757144578261,
        "nauc_recall_at_3_std": -0.012616999090180395,
        "nauc_recall_at_5_diff1": 0.45462263823729426,
        "nauc_recall_at_5_max": 0.3425036607416184,
        "nauc_recall_at_5_std": 0.007787464353952646,
        "ndcg_at_1": 0.388,
        "ndcg_at_10": 0.53741,
        "ndcg_at_100": 0.57626,
        "ndcg_at_1000": 0.58361,
        "ndcg_at_20": 0.55526,
        "ndcg_at_3": 0.47559,
        "ndcg_at_5": 0.50502,
        "precision_at_1": 0.388,
        "precision_at_10": 0.0708,
        "precision_at_100": 0.00891,
        "precision_at_1000": 0.00095,
        "precision_at_20": 0.03895,
        "precision_at_3": 0.179,
        "precision_at_5": 0.1218,
        "recall_at_1": 0.388,
        "recall_at_10": 0.708,
        "recall_at_100": 0.891,
        "recall_at_1000": 0.952,
        "recall_at_20": 0.779,
        "recall_at_3": 0.537,
        "recall_at_5": 0.609
      }
    ]
  },
  "task_name": "EcomRetrieval"
}