{
  "dataset_revision": "2039188fb5800a9803ba5048df7b76e6fb151fc6",
  "evaluation_time": 502.3538782596588,
  "kg_co2_emissions": null,
  "mteb_version": "1.14.18",
  "scores": {
    "dev": [
      {
        "hf_subset": "default",
        "languages": [
          "cmn-Hans"
        ],
        "main_score": 0.49927,
        "map_at_1": 0.413,
        "map_at_10": 0.46971,
        "map_at_100": 0.4758,
        "map_at_1000": 0.47641,
        "map_at_20": 0.47332,
        "map_at_3": 0.45383,
        "map_at_5": 0.46298,
        "mrr_at_1": 0.413,
        "mrr_at_10": 0.4699289682539681,
        "mrr_at_100": 0.47601702025820736,
        "mrr_at_1000": 0.47662225001475417,
        "mrr_at_20": 0.47353292313981143,
        "mrr_at_3": 0.4539999999999999,
        "mrr_at_5": 0.4631999999999998,
        "nauc_map_at_1000_diff1": 0.7653544047814215,
        "nauc_map_at_1000_max": 0.5655355158509354,
        "nauc_map_at_1000_std": 0.07281827942603843,
        "nauc_map_at_100_diff1": 0.7652462504098986,
        "nauc_map_at_100_max": 0.5653201888517626,
        "nauc_map_at_100_std": 0.07262195988300245,
        "nauc_map_at_10_diff1": 0.7662484313247274,
        "nauc_map_at_10_max": 0.5678671831406277,
        "nauc_map_at_10_std": 0.0712916609171563,
        "nauc_map_at_1_diff1": 0.8112857698857356,
        "nauc_map_at_1_max": 0.5831446596179631,
        "nauc_map_at_1_std": 0.05554442118438408,
        "nauc_map_at_20_diff1": 0.7659019083439071,
        "nauc_map_at_20_max": 0.5659272553424882,
        "nauc_map_at_20_std": 0.07237857833174673,
        "nauc_map_at_3_diff1": 0.7763500698518468,
        "nauc_map_at_3_max": 0.5790940105021655,
        "nauc_map_at_3_std": 0.0692323996203698,
        "nauc_map_at_5_diff1": 0.7716999895821165,
        "nauc_map_at_5_max": 0.5724058492300624,
        "nauc_map_at_5_std": 0.07254065916395064,
        "nauc_mrr_at_1000_diff1": 0.7653271788384547,
        "nauc_mrr_at_1000_max": 0.5660713086801055,
        "nauc_mrr_at_1000_std": 0.07252408932899236,
        "nauc_mrr_at_100_diff1": 0.7652190475982773,
        "nauc_mrr_at_100_max": 0.5658552151905819,
        "nauc_mrr_at_100_std": 0.0723281605721942,
        "nauc_mrr_at_10_diff1": 0.7662228073874721,
        "nauc_mrr_at_10_max": 0.5683987042512738,
        "nauc_mrr_at_10_std": 0.07100478361437691,
        "nauc_mrr_at_1_diff1": 0.8112857698857356,
        "nauc_mrr_at_1_max": 0.5831446596179631,
        "nauc_mrr_at_1_std": 0.05554442118438408,
        "nauc_mrr_at_20_diff1": 0.7658761084019453,
        "nauc_mrr_at_20_max": 0.566461421358647,
        "nauc_mrr_at_20_std": 0.07209027789246204,
        "nauc_mrr_at_3_diff1": 0.7763372033504564,
        "nauc_mrr_at_3_max": 0.5796669667833008,
        "nauc_mrr_at_3_std": 0.06906860596260875,
        "nauc_mrr_at_5_diff1": 0.7716751343543312,
        "nauc_mrr_at_5_max": 0.5729342304065943,
        "nauc_mrr_at_5_std": 0.07225587924943143,
        "nauc_ndcg_at_1000_diff1": 0.7397186682931227,
        "nauc_ndcg_at_1000_max": 0.5496134969001611,
        "nauc_ndcg_at_1000_std": 0.0858240274675582,
        "nauc_ndcg_at_100_diff1": 0.7351332860769518,
        "nauc_ndcg_at_100_max": 0.5417119413426542,
        "nauc_ndcg_at_100_std": 0.08035851716491611,
        "nauc_ndcg_at_10_diff1": 0.7424747602624905,
        "nauc_ndcg_at_10_max": 0.5541408023512894,
        "nauc_ndcg_at_10_std": 0.07429495301654794,
        "nauc_ndcg_at_1_diff1": 0.8112857698857356,
        "nauc_ndcg_at_1_max": 0.5831446596179631,
        "nauc_ndcg_at_1_std": 0.05554442118438408,
        "nauc_ndcg_at_20_diff1": 0.7410769377427194,
        "nauc_ndcg_at_20_max": 0.5472589055861502,
        "nauc_ndcg_at_20_std": 0.07882189724857029,
        "nauc_ndcg_at_3_diff1": 0.7647639922851746,
        "nauc_ndcg_at_3_max": 0.5774541144671479,
        "nauc_ndcg_at_3_std": 0.07221729107310136,
        "nauc_ndcg_at_5_diff1": 0.7560558712677421,
        "nauc_ndcg_at_5_max": 0.5651566244697014,
        "nauc_ndcg_at_5_std": 0.07755500666569815,
        "nauc_precision_at_1000_diff1": 0.4568847146701793,
        "nauc_precision_at_1000_max": 0.4232547921129226,
        "nauc_precision_at_1000_std": 0.3415169989564436,
        "nauc_precision_at_100_diff1": 0.5688903545631527,
        "nauc_precision_at_100_max": 0.400463814984628,
        "nauc_precision_at_100_std": 0.12432794698041573,
        "nauc_precision_at_10_diff1": 0.6594603110565999,
        "nauc_precision_at_10_max": 0.5038112752496058,
        "nauc_precision_at_10_std": 0.08193542402553694,
        "nauc_precision_at_1_diff1": 0.8112857698857356,
        "nauc_precision_at_1_max": 0.5831446596179631,
        "nauc_precision_at_1_std": 0.05554442118438408,
        "nauc_precision_at_20_diff1": 0.646129419634581,
        "nauc_precision_at_20_max": 0.46918606994043877,
        "nauc_precision_at_20_std": 0.10436583734293975,
        "nauc_precision_at_3_diff1": 0.7305948902375063,
        "nauc_precision_at_3_max": 0.5725256611972727,
        "nauc_precision_at_3_std": 0.08053709233749667,
        "nauc_precision_at_5_diff1": 0.7070758086479003,
        "nauc_precision_at_5_max": 0.5410992923633274,
        "nauc_precision_at_5_std": 0.09258153447775486,
        "nauc_recall_at_1000_diff1": 0.45688471467018243,
        "nauc_recall_at_1000_max": 0.42325479211292194,
        "nauc_recall_at_1000_std": 0.34151699895644605,
        "nauc_recall_at_100_diff1": 0.5688903545631523,
        "nauc_recall_at_100_max": 0.40046381498462785,
        "nauc_recall_at_100_std": 0.12432794698041566,
        "nauc_recall_at_10_diff1": 0.6594603110566,
        "nauc_recall_at_10_max": 0.5038112752496063,
        "nauc_recall_at_10_std": 0.08193542402553715,
        "nauc_recall_at_1_diff1": 0.8112857698857356,
        "nauc_recall_at_1_max": 0.5831446596179631,
        "nauc_recall_at_1_std": 0.05554442118438408,
        "nauc_recall_at_20_diff1": 0.646129419634582,
        "nauc_recall_at_20_max": 0.4691860699404405,
        "nauc_recall_at_20_std": 0.10436583734294064,
        "nauc_recall_at_3_diff1": 0.7305948902375069,
        "nauc_recall_at_3_max": 0.5725256611972729,
        "nauc_recall_at_3_std": 0.08053709233749705,
        "nauc_recall_at_5_diff1": 0.7070758086479003,
        "nauc_recall_at_5_max": 0.541099292363328,
        "nauc_recall_at_5_std": 0.0925815344777552,
        "ndcg_at_1": 0.413,
        "ndcg_at_10": 0.49927,
        "ndcg_at_100": 0.53214,
        "ndcg_at_1000": 0.5515,
        "ndcg_at_20": 0.5124,
        "ndcg_at_3": 0.46675,
        "ndcg_at_5": 0.48323,
        "precision_at_1": 0.413,
        "precision_at_10": 0.0593,
        "precision_at_100": 0.00755,
        "precision_at_1000": 0.00092,
        "precision_at_20": 0.03225,
        "precision_at_3": 0.168,
        "precision_at_5": 0.1088,
        "recall_at_1": 0.413,
        "recall_at_10": 0.593,
        "recall_at_100": 0.755,
        "recall_at_1000": 0.915,
        "recall_at_20": 0.645,
        "recall_at_3": 0.504,
        "recall_at_5": 0.544
      }
    ]
  },
  "task_name": "MedicalRetrieval"
}