{
  "dataset_revision": "539bbde593d947e2a124ba72651aafc09eb33fc2",
  "evaluation_time": 512.4156777858734,
  "kg_co2_emissions": null,
  "mteb_version": "1.14.18",
  "scores": {
    "dev": [
      {
        "hf_subset": "default",
        "languages": [
          "cmn-Hans"
        ],
        "main_score": 0.59518,
        "map_at_1": 0.45646,
        "map_at_10": 0.55031,
        "map_at_100": 0.5567,
        "map_at_1000": 0.55705,
        "map_at_20": 0.55418,
        "map_at_3": 0.52675,
        "map_at_5": 0.54114,
        "mrr_at_1": 0.47421203438395415,
        "mrr_at_10": 0.5581161026970498,
        "mrr_at_100": 0.5640033848351427,
        "mrr_at_1000": 0.5643264379415358,
        "mrr_at_20": 0.5617317912691149,
        "mrr_at_3": 0.5362702960840517,
        "mrr_at_5": 0.5496442215854831,
        "nauc_map_at_1000_diff1": 0.6587736126361283,
        "nauc_map_at_1000_max": 0.4815093438148003,
        "nauc_map_at_1000_std": 0.09482823772859104,
        "nauc_map_at_100_diff1": 0.6587025453020149,
        "nauc_map_at_100_max": 0.48164959587067735,
        "nauc_map_at_100_std": 0.09507983563349741,
        "nauc_map_at_10_diff1": 0.6583963117626653,
        "nauc_map_at_10_max": 0.48086049320603236,
        "nauc_map_at_10_std": 0.09140698160082635,
        "nauc_map_at_1_diff1": 0.6860549798929165,
        "nauc_map_at_1_max": 0.4219786230061652,
        "nauc_map_at_1_std": 0.03142062505686816,
        "nauc_map_at_20_diff1": 0.6584674663327601,
        "nauc_map_at_20_max": 0.4817376461951206,
        "nauc_map_at_20_std": 0.09440351973376651,
        "nauc_map_at_3_diff1": 0.6611055312007215,
        "nauc_map_at_3_max": 0.46634852994413195,
        "nauc_map_at_3_std": 0.07155941275595992,
        "nauc_map_at_5_diff1": 0.6594790755835586,
        "nauc_map_at_5_max": 0.47601514418489965,
        "nauc_map_at_5_std": 0.08359878044529169,
        "nauc_mrr_at_1000_diff1": 0.6617238969419169,
        "nauc_mrr_at_1000_max": 0.4883649469603514,
        "nauc_mrr_at_1000_std": 0.10383557156972792,
        "nauc_mrr_at_100_diff1": 0.6616519605200877,
        "nauc_mrr_at_100_max": 0.4885009278166709,
        "nauc_mrr_at_100_std": 0.10410070841638629,
        "nauc_mrr_at_10_diff1": 0.661421946278188,
        "nauc_mrr_at_10_max": 0.48840400303295417,
        "nauc_mrr_at_10_std": 0.1015039829615226,
        "nauc_mrr_at_1_diff1": 0.6956687975209187,
        "nauc_mrr_at_1_max": 0.4489480365429839,
        "nauc_mrr_at_1_std": 0.04932413641755406,
        "nauc_mrr_at_20_diff1": 0.6614052029816276,
        "nauc_mrr_at_20_max": 0.48888710311541833,
        "nauc_mrr_at_20_std": 0.10397670039116275,
        "nauc_mrr_at_3_diff1": 0.6643867995587445,
        "nauc_mrr_at_3_max": 0.4758559257657006,
        "nauc_mrr_at_3_std": 0.08410175575604953,
        "nauc_mrr_at_5_diff1": 0.6627331050367353,
        "nauc_mrr_at_5_max": 0.48490120579812057,
        "nauc_mrr_at_5_std": 0.09524775834610495,
        "nauc_ndcg_at_1000_diff1": 0.6489691813392343,
        "nauc_ndcg_at_1000_max": 0.5039886097988486,
        "nauc_ndcg_at_1000_std": 0.13445204677275058,
        "nauc_ndcg_at_100_diff1": 0.6463265187475449,
        "nauc_ndcg_at_100_max": 0.5086089975365727,
        "nauc_ndcg_at_100_std": 0.14321832971736345,
        "nauc_ndcg_at_10_diff1": 0.6449918244743157,
        "nauc_ndcg_at_10_max": 0.50645115943064,
        "nauc_ndcg_at_10_std": 0.12644016775834874,
        "nauc_ndcg_at_1_diff1": 0.6956687975209187,
        "nauc_ndcg_at_1_max": 0.4489480365429839,
        "nauc_ndcg_at_1_std": 0.04932413641755406,
        "nauc_ndcg_at_20_diff1": 0.6446230846949068,
        "nauc_ndcg_at_20_max": 0.5101046910185261,
        "nauc_ndcg_at_20_std": 0.138203826547849,
        "nauc_ndcg_at_3_diff1": 0.6512392749593756,
        "nauc_ndcg_at_3_max": 0.4770969396883707,
        "nauc_ndcg_at_3_std": 0.08547349284790418,
        "nauc_ndcg_at_5_diff1": 0.6479059774534376,
        "nauc_ndcg_at_5_max": 0.494613429765289,
        "nauc_ndcg_at_5_std": 0.10708265714604503,
        "nauc_precision_at_1000_diff1": 0.12548006592461347,
        "nauc_precision_at_1000_max": 0.36294231511778924,
        "nauc_precision_at_1000_std": 0.3825353063350308,
        "nauc_precision_at_100_diff1": 0.2926821968435897,
        "nauc_precision_at_100_max": 0.4935696502177296,
        "nauc_precision_at_100_std": 0.4195091637999743,
        "nauc_precision_at_10_diff1": 0.46176387574134675,
        "nauc_precision_at_10_max": 0.548953297106312,
        "nauc_precision_at_10_std": 0.2748363697653154,
        "nauc_precision_at_1_diff1": 0.6956687975209187,
        "nauc_precision_at_1_max": 0.4489480365429839,
        "nauc_precision_at_1_std": 0.04932413641755406,
        "nauc_precision_at_20_diff1": 0.4146564335556925,
        "nauc_precision_at_20_max": 0.5498316974194908,
        "nauc_precision_at_20_std": 0.3383995869851232,
        "nauc_precision_at_3_diff1": 0.5545118439001291,
        "nauc_precision_at_3_max": 0.49411542906824335,
        "nauc_precision_at_3_std": 0.13866620492066972,
        "nauc_precision_at_5_diff1": 0.5133030485116016,
        "nauc_precision_at_5_max": 0.5232488222002755,
        "nauc_precision_at_5_std": 0.19911454426116096,
        "nauc_recall_at_1000_diff1": 0.5359762684856761,
        "nauc_recall_at_1000_max": 0.753888822148658,
        "nauc_recall_at_1000_std": 0.696031822618901,
        "nauc_recall_at_100_diff1": 0.5509628371223007,
        "nauc_recall_at_100_max": 0.6894114893019329,
        "nauc_recall_at_100_std": 0.5255286608299388,
        "nauc_recall_at_10_diff1": 0.581431164472795,
        "nauc_recall_at_10_max": 0.5957546679042904,
        "nauc_recall_at_10_std": 0.25622029840975374,
        "nauc_recall_at_1_diff1": 0.6860549798929165,
        "nauc_recall_at_1_max": 0.4219786230061652,
        "nauc_recall_at_1_std": 0.03142062505686816,
        "nauc_recall_at_20_diff1": 0.5689219644476559,
        "nauc_recall_at_20_max": 0.6340456057441942,
        "nauc_recall_at_20_std": 0.3454213522766618,
        "nauc_recall_at_3_diff1": 0.6126338069918319,
        "nauc_recall_at_3_max": 0.4955065138263267,
        "nauc_recall_at_3_std": 0.11358388442260998,
        "nauc_recall_at_5_diff1": 0.599796285376194,
        "nauc_recall_at_5_max": 0.5441336265149174,
        "nauc_recall_at_5_std": 0.17323727059910357,
        "ndcg_at_1": 0.47421,
        "ndcg_at_10": 0.59518,
        "ndcg_at_100": 0.62609,
        "ndcg_at_1000": 0.6359,
        "ndcg_at_20": 0.60873,
        "ndcg_at_3": 0.54916,
        "ndcg_at_5": 0.57401,
        "precision_at_1": 0.47421,
        "precision_at_10": 0.07734,
        "precision_at_100": 0.0093,
        "precision_at_1000": 0.00101,
        "precision_at_20": 0.04152,
        "precision_at_3": 0.21309,
        "precision_at_5": 0.1408,
        "recall_at_1": 0.45646,
        "recall_at_10": 0.72718,
        "recall_at_100": 0.87124,
        "recall_at_1000": 0.94906,
        "recall_at_20": 0.77956,
        "recall_at_3": 0.60448,
        "recall_at_5": 0.66349
      }
    ]
  },
  "task_name": "MMarcoRetrieval"
}