{
  "dataset_revision": "8e0c766dbe9e16e1d221116a3f36795fbade07f6",
  "evaluation_time": 494.0235993862152,
  "kg_co2_emissions": null,
  "mteb_version": "1.14.18",
  "scores": {
    "dev": [
      {
        "hf_subset": "default",
        "languages": [
          "cmn-Hans"
        ],
        "main_score": 0.20563960787118912,
        "map": 0.20563960787118912,
        "mrr": 0.1923174603174603,
        "nAUC_map_diff1": 0.14159951625064168,
        "nAUC_map_max": 0.32934811717896506,
        "nAUC_map_std": 0.04974101220490087,
        "nAUC_mrr_diff1": 0.15122524872719792,
        "nAUC_mrr_max": 0.3167040952303084,
        "nAUC_mrr_std": 0.04515733556276792
      }
    ]
  },
  "task_name": "MMarcoReranking"
}