{
  "dataset_revision": "8731a845f1bf500a4f111cf1070785c793d10e64",
  "evaluation_time": 1988.6489593982697,
  "kg_co2_emissions": null,
  "mteb_version": "1.14.18",
  "scores": {
    "dev": [
      {
        "hf_subset": "default",
        "languages": [
          "cmn-Hans"
        ],
        "main_score": 0.72342,
        "map_at_1": 0.22409,
        "map_at_10": 0.62441,
        "map_at_100": 0.66427,
        "map_at_1000": 0.6656,
        "map_at_20": 0.6521,
        "map_at_3": 0.43703,
        "map_at_5": 0.53724,
        "mrr_at_1": 0.7931351920042083,
        "mrr_at_10": 0.8405295423739695,
        "mrr_at_100": 0.8424267595830359,
        "mrr_at_1000": 0.8425152122146764,
        "mrr_at_20": 0.8417724905035023,
        "mrr_at_3": 0.8316017885323523,
        "mrr_at_5": 0.836989303875157,
        "nauc_map_at_1000_diff1": 0.16596152896921143,
        "nauc_map_at_1000_max": 0.5297050276966289,
        "nauc_map_at_1000_std": 0.2751285317199033,
        "nauc_map_at_100_diff1": 0.165942866018773,
        "nauc_map_at_100_max": 0.5285570064272703,
        "nauc_map_at_100_std": 0.27441486324631226,
        "nauc_map_at_10_diff1": 0.18683962128854717,
        "nauc_map_at_10_max": 0.45343794029053264,
        "nauc_map_at_10_std": 0.1824193984237838,
        "nauc_map_at_1_diff1": 0.41597968193201257,
        "nauc_map_at_1_max": -0.07268488433013605,
        "nauc_map_at_1_std": -0.20558291084371086,
        "nauc_map_at_20_diff1": 0.16931304976118833,
        "nauc_map_at_20_max": 0.5105940106397404,
        "nauc_map_at_20_std": 0.2501852324582286,
        "nauc_map_at_3_diff1": 0.308153628097568,
        "nauc_map_at_3_max": 0.10736655861496591,
        "nauc_map_at_3_std": -0.11010818890597444,
        "nauc_map_at_5_diff1": 0.2511165675062452,
        "nauc_map_at_5_max": 0.26341087998209817,
        "nauc_map_at_5_std": 0.007138062564164323,
        "nauc_mrr_at_1000_diff1": 0.4047377154231863,
        "nauc_mrr_at_1000_max": 0.7363766588785146,
        "nauc_mrr_at_1000_std": 0.4039334366239597,
        "nauc_mrr_at_100_diff1": 0.40475763435593,
        "nauc_mrr_at_100_max": 0.7364481574714538,
        "nauc_mrr_at_100_std": 0.404095951100474,
        "nauc_mrr_at_10_diff1": 0.4043742724606688,
        "nauc_mrr_at_10_max": 0.7369600871904745,
        "nauc_mrr_at_10_std": 0.4048167218165277,
        "nauc_mrr_at_1_diff1": 0.40980036720086127,
        "nauc_mrr_at_1_max": 0.7123495120755782,
        "nauc_mrr_at_1_std": 0.35828714354878266,
        "nauc_mrr_at_20_diff1": 0.4045953062101776,
        "nauc_mrr_at_20_max": 0.7367333013254354,
        "nauc_mrr_at_20_std": 0.40452289920976525,
        "nauc_mrr_at_3_diff1": 0.4041563453695053,
        "nauc_mrr_at_3_max": 0.7368106930983054,
        "nauc_mrr_at_3_std": 0.4003403558057967,
        "nauc_mrr_at_5_diff1": 0.40375923161248295,
        "nauc_mrr_at_5_max": 0.7363703294473583,
        "nauc_mrr_at_5_std": 0.4033298243263243,
        "nauc_ndcg_at_1000_diff1": 0.2069530982113804,
        "nauc_ndcg_at_1000_max": 0.6217196434790975,
        "nauc_ndcg_at_1000_std": 0.3741056666784171,
        "nauc_ndcg_at_100_diff1": 0.2024706378959959,
        "nauc_ndcg_at_100_max": 0.6115819027420083,
        "nauc_ndcg_at_100_std": 0.37323868566896334,
        "nauc_ndcg_at_10_diff1": 0.19823019166683423,
        "nauc_ndcg_at_10_max": 0.5483207299017978,
        "nauc_ndcg_at_10_std": 0.28521068249159554,
        "nauc_ndcg_at_1_diff1": 0.40980036720086127,
        "nauc_ndcg_at_1_max": 0.7123495120755782,
        "nauc_ndcg_at_1_std": 0.35828714354878266,
        "nauc_ndcg_at_20_diff1": 0.20008232493043485,
        "nauc_ndcg_at_20_max": 0.5749364199351314,
        "nauc_ndcg_at_20_std": 0.3233171202169028,
        "nauc_ndcg_at_3_diff1": 0.18626156179649075,
        "nauc_ndcg_at_3_max": 0.6450734347360967,
        "nauc_ndcg_at_3_std": 0.3442615682688351,
        "nauc_ndcg_at_5_diff1": 0.17220358125424035,
        "nauc_ndcg_at_5_max": 0.5974490919351412,
        "nauc_ndcg_at_5_std": 0.3190183472132166,
        "nauc_precision_at_1000_diff1": -0.20273860028761234,
        "nauc_precision_at_1000_max": 0.45884377185390396,
        "nauc_precision_at_1000_std": 0.48626020256397307,
        "nauc_precision_at_100_diff1": -0.19764995404337796,
        "nauc_precision_at_100_max": 0.49681984867675233,
        "nauc_precision_at_100_std": 0.5200865876077887,
        "nauc_precision_at_10_diff1": -0.16999826381271615,
        "nauc_precision_at_10_max": 0.5764584293303688,
        "nauc_precision_at_10_std": 0.4965037517402277,
        "nauc_precision_at_1_diff1": 0.40980036720086127,
        "nauc_precision_at_1_max": 0.7123495120755782,
        "nauc_precision_at_1_std": 0.35828714354878266,
        "nauc_precision_at_20_diff1": -0.18581057352550787,
        "nauc_precision_at_20_max": 0.545078856986541,
        "nauc_precision_at_20_std": 0.5182992112032694,
        "nauc_precision_at_3_diff1": -0.03871676820171494,
        "nauc_precision_at_3_max": 0.6485440101337977,
        "nauc_precision_at_3_std": 0.42251184748134957,
        "nauc_precision_at_5_diff1": -0.12232947479460964,
        "nauc_precision_at_5_max": 0.6133626177467836,
        "nauc_precision_at_5_std": 0.4548700954281446,
        "nauc_recall_at_1000_diff1": 0.11445616830499847,
        "nauc_recall_at_1000_max": 0.553854457025732,
        "nauc_recall_at_1000_std": 0.6196545961007242,
        "nauc_recall_at_100_diff1": 0.11692639017880384,
        "nauc_recall_at_100_max": 0.5037037984599967,
        "nauc_recall_at_100_std": 0.4767159223301301,
        "nauc_recall_at_10_diff1": 0.15827326881917864,
        "nauc_recall_at_10_max": 0.3632524644144401,
        "nauc_recall_at_10_std": 0.1617682246473015,
        "nauc_recall_at_1_diff1": 0.41597968193201257,
        "nauc_recall_at_1_max": -0.07268488433013605,
        "nauc_recall_at_1_std": -0.20558291084371086,
        "nauc_recall_at_20_diff1": 0.12805284455371777,
        "nauc_recall_at_20_max": 0.4430230316000053,
        "nauc_recall_at_20_std": 0.29401784497597505,
        "nauc_recall_at_3_diff1": 0.2807033976295329,
        "nauc_recall_at_3_max": 0.05297738398957181,
        "nauc_recall_at_3_std": -0.1318627995485434,
        "nauc_recall_at_5_diff1": 0.22392368493011147,
        "nauc_recall_at_5_max": 0.1778667364291348,
        "nauc_recall_at_5_std": -0.029294700630812166,
        "ndcg_at_1": 0.79314,
        "ndcg_at_10": 0.72342,
        "ndcg_at_100": 0.77712,
        "ndcg_at_1000": 0.79104,
        "ndcg_at_20": 0.74721,
        "ndcg_at_3": 0.74117,
        "ndcg_at_5": 0.72315,
        "precision_at_1": 0.79314,
        "precision_at_10": 0.36655,
        "precision_at_100": 0.04715,
        "precision_at_1000": 0.00505,
        "precision_at_20": 0.20853,
        "precision_at_3": 0.65302,
        "precision_at_5": 0.54599,
        "recall_at_1": 0.22409,
        "recall_at_10": 0.71972,
        "recall_at_100": 0.88934,
        "recall_at_1000": 0.95982,
        "recall_at_20": 0.79367,
        "recall_at_3": 0.46253,
        "recall_at_5": 0.5875
      }
    ]
  },
  "task_name": "T2Retrieval"
}