{
  "dataset_revision": "58c2597a5943a2ba48f4668c3b90d796283c5639",
  "evaluation_time": 138.86862659454346,
  "kg_co2_emissions": null,
  "mteb_version": "1.14.18",
  "scores": {
    "dev": [
      {
        "hf_subset": "default",
        "languages": [
          "cmn-Hans"
        ],
        "main_score": 0.60987,
        "map_at_1": 0.459,
        "map_at_10": 0.5603,
        "map_at_100": 0.56645,
        "map_at_1000": 0.56667,
        "map_at_20": 0.56398,
        "map_at_3": 0.53783,
        "map_at_5": 0.54868,
        "mrr_at_1": 0.458,
        "mrr_at_10": 0.5597964285714283,
        "mrr_at_100": 0.5659494967938806,
        "mrr_at_1000": 0.5661678196006227,
        "mrr_at_20": 0.5634751781242491,
        "mrr_at_3": 0.5373333333333331,
        "mrr_at_5": 0.5481833333333329,
        "nauc_map_at_1000_diff1": 0.549507843814772,
        "nauc_map_at_1000_max": 0.2562524665229977,
        "nauc_map_at_1000_std": -0.19985715918618352,
        "nauc_map_at_100_diff1": 0.5493948467743733,
        "nauc_map_at_100_max": 0.25621699825055316,
        "nauc_map_at_100_std": -0.19991723883533918,
        "nauc_map_at_10_diff1": 0.5500502151564146,
        "nauc_map_at_10_max": 0.25370985846231886,
        "nauc_map_at_10_std": -0.20531215752779466,
        "nauc_map_at_1_diff1": 0.5898936400786565,
        "nauc_map_at_1_max": 0.25586936789603854,
        "nauc_map_at_1_std": -0.18199276747280593,
        "nauc_map_at_20_diff1": 0.5490486296507088,
        "nauc_map_at_20_max": 0.2556806521643758,
        "nauc_map_at_20_std": -0.20105878044673817,
        "nauc_map_at_3_diff1": 0.5506054396709,
        "nauc_map_at_3_max": 0.2519958116804274,
        "nauc_map_at_3_std": -0.2027559180544941,
        "nauc_map_at_5_diff1": 0.5492256152569427,
        "nauc_map_at_5_max": 0.2521977836152287,
        "nauc_map_at_5_std": -0.2065428283415323,
        "nauc_mrr_at_1000_diff1": 0.5510085992746969,
        "nauc_mrr_at_1000_max": 0.2534016446295396,
        "nauc_mrr_at_1000_std": -0.20167118555074362,
        "nauc_mrr_at_100_diff1": 0.5508945706912171,
        "nauc_mrr_at_100_max": 0.253368185255174,
        "nauc_mrr_at_100_std": -0.2017299794971244,
        "nauc_mrr_at_10_diff1": 0.5515261882806564,
        "nauc_mrr_at_10_max": 0.2509064067952063,
        "nauc_mrr_at_10_std": -0.20709529567688087,
        "nauc_mrr_at_1_diff1": 0.5925026196710375,
        "nauc_mrr_at_1_max": 0.2508870114215031,
        "nauc_mrr_at_1_std": -0.1851693791313985,
        "nauc_mrr_at_20_diff1": 0.5505380472892477,
        "nauc_mrr_at_20_max": 0.2528516506823724,
        "nauc_mrr_at_20_std": -0.20285875783242122,
        "nauc_mrr_at_3_diff1": 0.5520191171529635,
        "nauc_mrr_at_3_max": 0.24931080662758148,
        "nauc_mrr_at_3_std": -0.20446439694518187,
        "nauc_mrr_at_5_diff1": 0.5506658076133021,
        "nauc_mrr_at_5_max": 0.2494628773566104,
        "nauc_mrr_at_5_std": -0.20828231712637924,
        "nauc_ndcg_at_1000_diff1": 0.5395711892277091,
        "nauc_ndcg_at_1000_max": 0.26927269887052085,
        "nauc_ndcg_at_1000_std": -0.185689159609173,
        "nauc_ndcg_at_100_diff1": 0.5343152686433196,
        "nauc_ndcg_at_100_max": 0.2694338503701488,
        "nauc_ndcg_at_100_std": -0.18644240193301007,
        "nauc_ndcg_at_10_diff1": 0.5371827533269327,
        "nauc_ndcg_at_10_max": 0.25622740287063167,
        "nauc_ndcg_at_10_std": -0.2137501509934503,
        "nauc_ndcg_at_1_diff1": 0.5898936400786565,
        "nauc_ndcg_at_1_max": 0.25586936789603854,
        "nauc_ndcg_at_1_std": -0.18199276747280593,
        "nauc_ndcg_at_20_diff1": 0.5335906846371615,
        "nauc_ndcg_at_20_max": 0.26452220532441295,
        "nauc_ndcg_at_20_std": -0.19668690369689676,
        "nauc_ndcg_at_3_diff1": 0.5389406415835695,
        "nauc_ndcg_at_3_max": 0.25236088485821173,
        "nauc_ndcg_at_3_std": -0.20933371946271373,
        "nauc_ndcg_at_5_diff1": 0.5358212153551764,
        "nauc_ndcg_at_5_max": 0.25211870621532323,
        "nauc_ndcg_at_5_std": -0.2169403780627271,
        "nauc_precision_at_1000_diff1": 0.46522649463825544,
        "nauc_precision_at_1000_max": 0.7574908751379337,
        "nauc_precision_at_1000_std": 0.5122372181195669,
        "nauc_precision_at_100_diff1": 0.37943770100632557,
        "nauc_precision_at_100_max": 0.46393816785973363,
        "nauc_precision_at_100_std": 0.06628280942005971,
        "nauc_precision_at_10_diff1": 0.48279021099430847,
        "nauc_precision_at_10_max": 0.2696546121616421,
        "nauc_precision_at_10_std": -0.24915562541115063,
        "nauc_precision_at_1_diff1": 0.5898936400786565,
        "nauc_precision_at_1_max": 0.25586936789603854,
        "nauc_precision_at_1_std": -0.18199276747280593,
        "nauc_precision_at_20_diff1": 0.4493783936310676,
        "nauc_precision_at_20_max": 0.32782955547884723,
        "nauc_precision_at_20_std": -0.14591175326418712,
        "nauc_precision_at_3_diff1": 0.5020679947173218,
        "nauc_precision_at_3_max": 0.254126895002808,
        "nauc_precision_at_3_std": -0.23029315703315856,
        "nauc_precision_at_5_diff1": 0.48946512023258953,
        "nauc_precision_at_5_max": 0.2519385358373254,
        "nauc_precision_at_5_std": -0.2542717176728557,
        "nauc_recall_at_1000_diff1": 0.46522649463825955,
        "nauc_recall_at_1000_max": 0.7574908751379352,
        "nauc_recall_at_1000_std": 0.5122372181195709,
        "nauc_recall_at_100_diff1": 0.3794377010063298,
        "nauc_recall_at_100_max": 0.46393816785973474,
        "nauc_recall_at_100_std": 0.06628280942006502,
        "nauc_recall_at_10_diff1": 0.4827902109943083,
        "nauc_recall_at_10_max": 0.26965461216164277,
        "nauc_recall_at_10_std": -0.24915562541114933,
        "nauc_recall_at_1_diff1": 0.5898936400786565,
        "nauc_recall_at_1_max": 0.25586936789603854,
        "nauc_recall_at_1_std": -0.18199276747280593,
        "nauc_recall_at_20_diff1": 0.44937839363106935,
        "nauc_recall_at_20_max": 0.32782955547884784,
        "nauc_recall_at_20_std": -0.145911753264187,
        "nauc_recall_at_3_diff1": 0.5020679947173216,
        "nauc_recall_at_3_max": 0.254126895002807,
        "nauc_recall_at_3_std": -0.23029315703315914,
        "nauc_recall_at_5_diff1": 0.48946512023258965,
        "nauc_recall_at_5_max": 0.2519385358373261,
        "nauc_recall_at_5_std": -0.25427171767285495,
        "ndcg_at_1": 0.459,
        "ndcg_at_10": 0.60987,
        "ndcg_at_100": 0.64041,
        "ndcg_at_1000": 0.64735,
        "ndcg_at_20": 0.62327,
        "ndcg_at_3": 0.56284,
        "ndcg_at_5": 0.5823,
        "precision_at_1": 0.459,
        "precision_at_10": 0.0766,
        "precision_at_100": 0.0091,
        "precision_at_1000": 0.00097,
        "precision_at_20": 0.04095,
        "precision_at_3": 0.21167,
        "precision_at_5": 0.1364,
        "recall_at_1": 0.459,
        "recall_at_10": 0.766,
        "recall_at_100": 0.91,
        "recall_at_1000": 0.967,
        "recall_at_20": 0.819,
        "recall_at_3": 0.635,
        "recall_at_5": 0.682
      }
    ]
  },
  "task_name": "VideoRetrieval"
}