{
  "dataset_revision": "e3dda5e115e487b39ec7e618c0c6a29137052a55",
  "evaluation_time": 28.766085624694824,
  "kg_co2_emissions": null,
  "mteb_version": "1.14.18",
  "scores": {
    "test": [
      {
        "cosine_pearson": 0.6833091696789969,
        "cosine_spearman": 0.7038239760746844,
        "euclidean_pearson": 0.6756682152463739,
        "euclidean_spearman": 0.6927314030069037,
        "hf_subset": "default",
        "languages": [
          "cmn-Hans"
        ],
        "main_score": 0.7038239760746844,
        "manhattan_pearson": 0.6755018141375455,
        "manhattan_spearman": 0.692613485003957,
        "pearson": 0.6833091657083041,
        "spearman": 0.7038239414315565
      }
    ],
    "validation": [
      {
        "cosine_pearson": 0.7152378003310721,
        "cosine_spearman": 0.7355069613778317,
        "euclidean_pearson": 0.7068420591696102,
        "euclidean_spearman": 0.7237015454749436,
        "hf_subset": "default",
        "languages": [
          "cmn-Hans"
        ],
        "main_score": 0.7355069613778317,
        "manhattan_pearson": 0.706651008234245,
        "manhattan_spearman": 0.7235537668927897,
        "pearson": 0.7152377840835819,
        "spearman": 0.735507065298674
      }
    ]
  },
  "task_name": "BQ"
}