{
  "dataset_revision": "cd540c506dae1cf9e9a59c3e06f42030d54e7301",
  "evaluation_time": 1122.0638937950134,
  "kg_co2_emissions": null,
  "mteb_version": "1.14.18",
  "scores": {
    "dev": [
      {
        "hf_subset": "default",
        "languages": [
          "cmn-Hans"
        ],
        "main_score": 0.44365,
        "map_at_1": 0.25608,
        "map_at_10": 0.37839,
        "map_at_100": 0.3969,
        "map_at_1000": 0.39806,
        "map_at_20": 0.3884,
        "map_at_3": 0.33712,
        "map_at_5": 0.35993,
        "mrr_at_1": 0.3905976494123531,
        "mrr_at_10": 0.4689427317146742,
        "mrr_at_100": 0.47896242750060447,
        "mrr_at_1000": 0.47939932138231306,
        "mrr_at_20": 0.4748732643559183,
        "mrr_at_3": 0.44498624656163965,
        "mrr_at_5": 0.45845211302825706,
        "nauc_map_at_1000_diff1": 0.46204210803468715,
        "nauc_map_at_1000_max": 0.45070161794478636,
        "nauc_map_at_1000_std": -0.12771185478412908,
        "nauc_map_at_100_diff1": 0.46167028111313924,
        "nauc_map_at_100_max": 0.4504429535033144,
        "nauc_map_at_100_std": -0.1279137194336292,
        "nauc_map_at_10_diff1": 0.46059660339070474,
        "nauc_map_at_10_max": 0.44164654069304576,
        "nauc_map_at_10_std": -0.138112129060249,
        "nauc_map_at_1_diff1": 0.5124957197289677,
        "nauc_map_at_1_max": 0.3590591851957395,
        "nauc_map_at_1_std": -0.1410514923261009,
        "nauc_map_at_20_diff1": 0.46031967081665115,
        "nauc_map_at_20_max": 0.4465481042327229,
        "nauc_map_at_20_std": -0.13435524013862143,
        "nauc_map_at_3_diff1": 0.4657774581690984,
        "nauc_map_at_3_max": 0.41289920460342644,
        "nauc_map_at_3_std": -0.15025109144435767,
        "nauc_map_at_5_diff1": 0.46030474936559396,
        "nauc_map_at_5_max": 0.42744287427472394,
        "nauc_map_at_5_std": -0.14837328500507083,
        "nauc_mrr_at_1000_diff1": 0.5294107804468224,
        "nauc_mrr_at_1000_max": 0.5285325922188348,
        "nauc_mrr_at_1000_std": -0.0798601057195653,
        "nauc_mrr_at_100_diff1": 0.5291883969540511,
        "nauc_mrr_at_100_max": 0.5285006119597869,
        "nauc_mrr_at_100_std": -0.07960770316744795,
        "nauc_mrr_at_10_diff1": 0.5290174909588446,
        "nauc_mrr_at_10_max": 0.5273772504305321,
        "nauc_mrr_at_10_std": -0.08233464350744589,
        "nauc_mrr_at_1_diff1": 0.5758106291235477,
        "nauc_mrr_at_1_max": 0.543133827796938,
        "nauc_mrr_at_1_std": -0.08232409185225564,
        "nauc_mrr_at_20_diff1": 0.5283980123866624,
        "nauc_mrr_at_20_max": 0.5278518568758488,
        "nauc_mrr_at_20_std": -0.08137211837138573,
        "nauc_mrr_at_3_diff1": 0.5350057019836961,
        "nauc_mrr_at_3_max": 0.5316992923945525,
        "nauc_mrr_at_3_std": -0.08396057358687462,
        "nauc_mrr_at_5_diff1": 0.5313538330921279,
        "nauc_mrr_at_5_max": 0.5274518576274132,
        "nauc_mrr_at_5_std": -0.08617059936214165,
        "nauc_ndcg_at_1000_diff1": 0.4688344443400224,
        "nauc_ndcg_at_1000_max": 0.4818363384588698,
        "nauc_ndcg_at_1000_std": -0.09009016093408623,
        "nauc_ndcg_at_100_diff1": 0.4607603125941959,
        "nauc_ndcg_at_100_max": 0.480110633103605,
        "nauc_ndcg_at_100_std": -0.0845874004355667,
        "nauc_ndcg_at_10_diff1": 0.45789486866004986,
        "nauc_ndcg_at_10_max": 0.45993812795556266,
        "nauc_ndcg_at_10_std": -0.12038285246151363,
        "nauc_ndcg_at_1_diff1": 0.5758106291235477,
        "nauc_ndcg_at_1_max": 0.543133827796938,
        "nauc_ndcg_at_1_std": -0.08232409185225564,
        "nauc_ndcg_at_20_diff1": 0.45507990428813844,
        "nauc_ndcg_at_20_max": 0.4662302845391953,
        "nauc_ndcg_at_20_std": -0.11416695671061214,
        "nauc_ndcg_at_3_diff1": 0.4697341140892589,
        "nauc_ndcg_at_3_max": 0.46646495044982195,
        "nauc_ndcg_at_3_std": -0.1168817594174623,
        "nauc_ndcg_at_5_diff1": 0.4607684914219604,
        "nauc_ndcg_at_5_max": 0.45423674703382144,
        "nauc_ndcg_at_5_std": -0.12893183947286022,
        "nauc_precision_at_1000_diff1": 0.01937760310217963,
        "nauc_precision_at_1000_max": 0.251220403114556,
        "nauc_precision_at_1000_std": 0.20367175556202508,
        "nauc_precision_at_100_diff1": 0.07009351828660469,
        "nauc_precision_at_100_max": 0.33047072795535004,
        "nauc_precision_at_100_std": 0.1994992196223142,
        "nauc_precision_at_10_diff1": 0.2113821259177771,
        "nauc_precision_at_10_max": 0.45423993664678364,
        "nauc_precision_at_10_std": 0.040710196489245565,
        "nauc_precision_at_1_diff1": 0.5758106291235477,
        "nauc_precision_at_1_max": 0.543133827796938,
        "nauc_precision_at_1_std": -0.08232409185225564,
        "nauc_precision_at_20_diff1": 0.15784445434732153,
        "nauc_precision_at_20_max": 0.4138256147680679,
        "nauc_precision_at_20_std": 0.07989053261332613,
        "nauc_precision_at_3_diff1": 0.32423869429310376,
        "nauc_precision_at_3_max": 0.500998584382463,
        "nauc_precision_at_3_std": -0.03972264641788023,
        "nauc_precision_at_5_diff1": 0.26599597163544014,
        "nauc_precision_at_5_max": 0.48452319291235835,
        "nauc_precision_at_5_std": -0.01502667369084318,
        "nauc_recall_at_1000_diff1": 0.24500439553123962,
        "nauc_recall_at_1000_max": 0.5485239902934997,
        "nauc_recall_at_1000_std": 0.58492216441474,
        "nauc_recall_at_100_diff1": 0.2602802583679955,
        "nauc_recall_at_100_max": 0.41735586742003145,
        "nauc_recall_at_100_std": 0.13365778537753645,
        "nauc_recall_at_10_diff1": 0.34813091996801426,
        "nauc_recall_at_10_max": 0.37278009788154826,
        "nauc_recall_at_10_std": -0.11852842576086718,
        "nauc_recall_at_1_diff1": 0.5124957197289677,
        "nauc_recall_at_1_max": 0.3590591851957395,
        "nauc_recall_at_1_std": -0.1410514923261009,
        "nauc_recall_at_20_diff1": 0.3164873294712317,
        "nauc_recall_at_20_max": 0.37515123031970815,
        "nauc_recall_at_20_std": -0.10029211028325716,
        "nauc_recall_at_3_diff1": 0.4014823141663836,
        "nauc_recall_at_3_max": 0.36862239720630413,
        "nauc_recall_at_3_std": -0.15186481398479465,
        "nauc_recall_at_5_diff1": 0.37212188844374067,
        "nauc_recall_at_5_max": 0.3617891501501114,
        "nauc_recall_at_5_std": -0.15519074864810636,
        "ndcg_at_1": 0.3906,
        "ndcg_at_10": 0.44365,
        "ndcg_at_100": 0.51613,
        "ndcg_at_1000": 0.53607,
        "ndcg_at_20": 0.47128,
        "ndcg_at_3": 0.39234,
        "ndcg_at_5": 0.4136,
        "precision_at_1": 0.3906,
        "precision_at_10": 0.09827,
        "precision_at_100": 0.01568,
        "precision_at_1000": 0.00182,
        "precision_at_20": 0.05841,
        "precision_at_3": 0.22081,
        "precision_at_5": 0.15984,
        "recall_at_1": 0.25608,
        "recall_at_10": 0.54585,
        "recall_at_100": 0.84652,
        "recall_at_1000": 0.97957,
        "recall_at_20": 0.63937,
        "recall_at_3": 0.39025,
        "recall_at_5": 0.45793
      }
    ]
  },
  "task_name": "CmedqaRetrieval"
}