{
  "dataset_revision": "23d186750531a14a0357ca22cd92d712fd512ea0",
  "evaluation_time": 311.5426228046417,
  "kg_co2_emissions": null,
  "mteb_version": "1.14.18",
  "scores": {
    "test": [
      {
        "hf_subset": "default",
        "languages": [
          "cmn-Hans"
        ],
        "main_score": 0.8751920474715944,
        "map": 0.8751920474715944,
        "mrr": 0.8999206349206349,
        "nAUC_map_diff1": 0.6024146691455288,
        "nAUC_map_max": 0.6387583600831367,
        "nAUC_map_std": 0.17564319102675593,
        "nAUC_mrr_diff1": 0.6708842098139067,
        "nAUC_mrr_max": 0.7657024630515344,
        "nAUC_mrr_std": 0.32362085726129575
      }
    ]
  },
  "task_name": "CMedQAv2-reranking"
}