{
  "dataset_revision": "8d7f1e942507dac42dc58017c1a001c3717da7df",
  "evaluation_time": 281.74104166030884,
  "kg_co2_emissions": null,
  "mteb_version": "1.14.18",
  "scores": {
    "test": [
      {
        "hf_subset": "default",
        "languages": [
          "cmn-Hans"
        ],
        "main_score": 0.8793972729744276,
        "map": 0.8793972729744276,
        "mrr": 0.9001337301587302,
        "nAUC_map_diff1": 0.5979186405977074,
        "nAUC_map_max": 0.571139712759184,
        "nAUC_map_std": 0.1573087509111625,
        "nAUC_mrr_diff1": 0.6552693298079639,
        "nAUC_mrr_max": 0.6726693151909089,
        "nAUC_mrr_std": 0.25501018660352426
      }
    ]
  },
  "task_name": "CMedQAv1-reranking"
}