{
  "dataset_revision": "1271c7809071a13532e05f25fb53511ffce77117",
  "evaluation_time": 1169.9385154247284,
  "kg_co2_emissions": null,
  "mteb_version": "1.14.18",
  "scores": {
    "dev": [
      {
        "hf_subset": "default",
        "languages": [
          "cmn-Hans"
        ],
        "main_score": 0.8407,
        "map_at_1": 0.7197,
        "map_at_10": 0.80361,
        "map_at_100": 0.80552,
        "map_at_1000": 0.80555,
        "map_at_20": 0.80511,
        "map_at_3": 0.7875,
        "map_at_5": 0.79707,
        "mrr_at_1": 0.7197049525816649,
        "mrr_at_10": 0.8028956963888474,
        "mrr_at_100": 0.8047070847799144,
        "mrr_at_1000": 0.80473804428027,
        "mrr_at_20": 0.8043052732422268,
        "mrr_at_3": 0.7873199859501234,
        "mrr_at_5": 0.7964875307341066,
        "nauc_map_at_1000_diff1": 0.7986889389692009,
        "nauc_map_at_1000_max": 0.44124607470345206,
        "nauc_map_at_1000_std": -0.37501533187630387,
        "nauc_map_at_100_diff1": 0.798703001372624,
        "nauc_map_at_100_max": 0.4413234811360797,
        "nauc_map_at_100_std": -0.3748647466756075,
        "nauc_map_at_10_diff1": 0.7983378614317326,
        "nauc_map_at_10_max": 0.4426861888852198,
        "nauc_map_at_10_std": -0.37551855113756927,
        "nauc_map_at_1_diff1": 0.8204896774837552,
        "nauc_map_at_1_max": 0.4099652187501373,
        "nauc_map_at_1_std": -0.37083224359327976,
        "nauc_map_at_20_diff1": 0.7985048013770965,
        "nauc_map_at_20_max": 0.441349592371088,
        "nauc_map_at_20_std": -0.37596906486385223,
        "nauc_map_at_3_diff1": 0.796937327578876,
        "nauc_map_at_3_max": 0.43900290928383506,
        "nauc_map_at_3_std": -0.39086364555453706,
        "nauc_map_at_5_diff1": 0.7957879326178983,
        "nauc_map_at_5_max": 0.4417022702101837,
        "nauc_map_at_5_std": -0.37839230158533627,
        "nauc_mrr_at_1000_diff1": 0.8011824229285067,
        "nauc_mrr_at_1000_max": 0.4430574612651865,
        "nauc_mrr_at_1000_std": -0.3675763611950525,
        "nauc_mrr_at_100_diff1": 0.8011959965748877,
        "nauc_mrr_at_100_max": 0.4431342959607518,
        "nauc_mrr_at_100_std": -0.3674275979861327,
        "nauc_mrr_at_10_diff1": 0.8006988433038987,
        "nauc_mrr_at_10_max": 0.4446472631943017,
        "nauc_mrr_at_10_std": -0.36742691482689893,
        "nauc_mrr_at_1_diff1": 0.8217300990376581,
        "nauc_mrr_at_1_max": 0.41798863539273035,
        "nauc_mrr_at_1_std": -0.3571301353410525,
        "nauc_mrr_at_20_diff1": 0.8009938462612081,
        "nauc_mrr_at_20_max": 0.4431567881154052,
        "nauc_mrr_at_20_std": -0.36855245305583395,
        "nauc_mrr_at_3_diff1": 0.7987896018946133,
        "nauc_mrr_at_3_max": 0.4406551842083698,
        "nauc_mrr_at_3_std": -0.38277209876941154,
        "nauc_mrr_at_5_diff1": 0.7979630739166332,
        "nauc_mrr_at_5_max": 0.4449048522075794,
        "nauc_mrr_at_5_std": -0.36967855665795546,
        "nauc_ndcg_at_1000_diff1": 0.7956073051095524,
        "nauc_ndcg_at_1000_max": 0.4486836363084007,
        "nauc_ndcg_at_1000_std": -0.3659104065029792,
        "nauc_ndcg_at_100_diff1": 0.7958468256328339,
        "nauc_ndcg_at_100_max": 0.4513944111982103,
        "nauc_ndcg_at_100_std": -0.36094939077949595,
        "nauc_ndcg_at_10_diff1": 0.7928113547741883,
        "nauc_ndcg_at_10_max": 0.4572287702925683,
        "nauc_ndcg_at_10_std": -0.3657573436784905,
        "nauc_ndcg_at_1_diff1": 0.8182103044825687,
        "nauc_ndcg_at_1_max": 0.41307645497492734,
        "nauc_ndcg_at_1_std": -0.3648870561707033,
        "nauc_ndcg_at_20_diff1": 0.7932994133800967,
        "nauc_ndcg_at_20_max": 0.45179272790981606,
        "nauc_ndcg_at_20_std": -0.3675911266325884,
        "nauc_ndcg_at_3_diff1": 0.7884461851723363,
        "nauc_ndcg_at_3_max": 0.4492763724336922,
        "nauc_ndcg_at_3_std": -0.3946967386340298,
        "nauc_ndcg_at_5_diff1": 0.7849792966575825,
        "nauc_ndcg_at_5_max": 0.4554361182162117,
        "nauc_ndcg_at_5_std": -0.3693313182646699,
        "nauc_precision_at_1000_diff1": -0.37628862837609467,
        "nauc_precision_at_1000_max": 0.12698839202724732,
        "nauc_precision_at_1000_std": 0.6970119800070388,
        "nauc_precision_at_100_diff1": -0.05897083714986364,
        "nauc_precision_at_100_max": 0.3188110474300062,
        "nauc_precision_at_100_std": 0.6052849100995463,
        "nauc_precision_at_10_diff1": 0.40296218366419817,
        "nauc_precision_at_10_max": 0.4665874408292272,
        "nauc_precision_at_10_std": -0.002039149735532584,
        "nauc_precision_at_1_diff1": 0.8182103044825687,
        "nauc_precision_at_1_max": 0.41307645497492734,
        "nauc_precision_at_1_std": -0.3648870561707033,
        "nauc_precision_at_20_diff1": 0.18551720243782385,
        "nauc_precision_at_20_max": 0.3752146018795228,
        "nauc_precision_at_20_std": 0.17508943950945038,
        "nauc_precision_at_3_diff1": 0.6855670703068097,
        "nauc_precision_at_3_max": 0.46813319973981443,
        "nauc_precision_at_3_std": -0.35874277311866526,
        "nauc_precision_at_5_diff1": 0.6069206569033989,
        "nauc_precision_at_5_max": 0.49868566777468837,
        "nauc_precision_at_5_std": -0.20917205687560722,
        "nauc_recall_at_1000_diff1": 0.8692657390825488,
        "nauc_recall_at_1000_max": 1.0,
        "nauc_recall_at_1000_std": 1.0,
        "nauc_recall_at_100_diff1": 0.8306026988973493,
        "nauc_recall_at_100_max": 0.8832491817617912,
        "nauc_recall_at_100_std": 0.4954781729170675,
        "nauc_recall_at_10_diff1": 0.7472638591863973,
        "nauc_recall_at_10_max": 0.6205336844793816,
        "nauc_recall_at_10_std": -0.2531006053456978,
        "nauc_recall_at_1_diff1": 0.8204896774837552,
        "nauc_recall_at_1_max": 0.4099652187501373,
        "nauc_recall_at_1_std": -0.37083224359327976,
        "nauc_recall_at_20_diff1": 0.7183614542762542,
        "nauc_recall_at_20_max": 0.6387037064970074,
        "nauc_recall_at_20_std": -0.19296067565582276,
        "nauc_recall_at_3_diff1": 0.7527224527889407,
        "nauc_recall_at_3_max": 0.49274416047560077,
        "nauc_recall_at_3_std": -0.4105040677934393,
        "nauc_recall_at_5_diff1": 0.7235797979579524,
        "nauc_recall_at_5_max": 0.5302283392304812,
        "nauc_recall_at_5_std": -0.3209311404753911,
        "ndcg_at_1": 0.72181,
        "ndcg_at_10": 0.8407,
        "ndcg_at_100": 0.84875,
        "ndcg_at_1000": 0.84966,
        "ndcg_at_20": 0.84597,
        "ndcg_at_3": 0.80809,
        "ndcg_at_5": 0.82547,
        "precision_at_1": 0.72181,
        "precision_at_10": 0.09652,
        "precision_at_100": 0.01001,
        "precision_at_1000": 0.00101,
        "precision_at_20": 0.04932,
        "precision_at_3": 0.29048,
        "precision_at_5": 0.18314,
        "recall_at_1": 0.7197,
        "recall_at_10": 0.95522,
        "recall_at_100": 0.99052,
        "recall_at_1000": 0.99789,
        "recall_at_20": 0.97576,
        "recall_at_3": 0.86723,
        "recall_at_5": 0.90885
      }
    ]
  },
  "task_name": "CovidRetrieval"
}