{
  "dataset_revision": "a1a333e290fe30b10f3f56498e3a0d911a693ced",
  "evaluation_time": 1214.9347577095032,
  "kg_co2_emissions": null,
  "mteb_version": "1.14.18",
  "scores": {
    "dev": [
      {
        "hf_subset": "default",
        "languages": [
          "cmn-Hans"
        ],
        "main_score": 0.87114,
        "map_at_1": 0.26213,
        "map_at_10": 0.79893,
        "map_at_100": 0.82697,
        "map_at_1000": 0.8274,
        "map_at_20": 0.82051,
        "map_at_3": 0.55715,
        "map_at_5": 0.70243,
        "mrr_at_1": 0.904,
        "mrr_at_10": 0.9332878968253966,
        "mrr_at_100": 0.9338304152376123,
        "mrr_at_1000": 0.933860915553205,
        "mrr_at_20": 0.9336113779194659,
        "mrr_at_3": 0.9301666666666664,
        "mrr_at_5": 0.9319666666666665,
        "nauc_map_at_1000_diff1": 0.04656310005126464,
        "nauc_map_at_1000_max": 0.49562123559815663,
        "nauc_map_at_1000_std": 0.2676874368699047,
        "nauc_map_at_100_diff1": 0.046603411163144134,
        "nauc_map_at_100_max": 0.49573084409255164,
        "nauc_map_at_100_std": 0.2675913454562231,
        "nauc_map_at_10_diff1": 0.07172780179817893,
        "nauc_map_at_10_max": 0.4500438446493747,
        "nauc_map_at_10_std": 0.13922916192657275,
        "nauc_map_at_1_diff1": 0.4272388790475989,
        "nauc_map_at_1_max": -0.09961507909986976,
        "nauc_map_at_1_std": -0.3144865059169896,
        "nauc_map_at_20_diff1": 0.051365000098675215,
        "nauc_map_at_20_max": 0.49056415713391444,
        "nauc_map_at_20_std": 0.23877132431513026,
        "nauc_map_at_3_diff1": 0.26300242019180237,
        "nauc_map_at_3_max": 0.07266531365502998,
        "nauc_map_at_3_std": -0.2235202422656318,
        "nauc_map_at_5_diff1": 0.16244708629386312,
        "nauc_map_at_5_max": 0.26285457605009094,
        "nauc_map_at_5_std": -0.08228841328033809,
        "nauc_mrr_at_1000_diff1": 0.39977945130970766,
        "nauc_mrr_at_1000_max": 0.7779021829002886,
        "nauc_mrr_at_1000_std": 0.4331246264163371,
        "nauc_mrr_at_100_diff1": 0.3997644659690614,
        "nauc_mrr_at_100_max": 0.7779901205779768,
        "nauc_mrr_at_100_std": 0.4333421346189377,
        "nauc_mrr_at_10_diff1": 0.4004866128501931,
        "nauc_mrr_at_10_max": 0.7780904731577187,
        "nauc_mrr_at_10_std": 0.4340237630216108,
        "nauc_mrr_at_1_diff1": 0.4075387099284156,
        "nauc_mrr_at_1_max": 0.7279533341114233,
        "nauc_mrr_at_1_std": 0.3524378501400562,
        "nauc_mrr_at_20_diff1": 0.39936530033582096,
        "nauc_mrr_at_20_max": 0.7783344294058416,
        "nauc_mrr_at_20_std": 0.434125945653565,
        "nauc_mrr_at_3_diff1": 0.4066259757681922,
        "nauc_mrr_at_3_max": 0.7859410271666352,
        "nauc_mrr_at_3_std": 0.4360277125965748,
        "nauc_mrr_at_5_diff1": 0.40124066121630614,
        "nauc_mrr_at_5_max": 0.780998059847816,
        "nauc_mrr_at_5_std": 0.4361500193740731,
        "nauc_ndcg_at_1000_diff1": 0.09691130209608803,
        "nauc_ndcg_at_1000_max": 0.5942342711390396,
        "nauc_ndcg_at_1000_std": 0.385671940097862,
        "nauc_ndcg_at_100_diff1": 0.09500372324208745,
        "nauc_ndcg_at_100_max": 0.5942895929826285,
        "nauc_ndcg_at_100_std": 0.3918263565617058,
        "nauc_ndcg_at_10_diff1": 0.08595537913270285,
        "nauc_ndcg_at_10_max": 0.5350516698729479,
        "nauc_ndcg_at_10_std": 0.2957689875821222,
        "nauc_ndcg_at_1_diff1": 0.4075387099284156,
        "nauc_ndcg_at_1_max": 0.7279533341114233,
        "nauc_ndcg_at_1_std": 0.3524378501400562,
        "nauc_ndcg_at_20_diff1": 0.09189210418397999,
        "nauc_ndcg_at_20_max": 0.5793244652761174,
        "nauc_ndcg_at_20_std": 0.34611556562950946,
        "nauc_ndcg_at_3_diff1": 0.046515565264989754,
        "nauc_ndcg_at_3_max": 0.5388346385066937,
        "nauc_ndcg_at_3_std": 0.34503720766348844,
        "nauc_ndcg_at_5_diff1": 0.06616820234042525,
        "nauc_ndcg_at_5_max": 0.5002744046498795,
        "nauc_ndcg_at_5_std": 0.26644873374171973,
        "nauc_precision_at_1000_diff1": -0.26563708117991186,
        "nauc_precision_at_1000_max": 0.18392831815698799,
        "nauc_precision_at_1000_std": 0.5045925042444308,
        "nauc_precision_at_100_diff1": -0.26735345049094805,
        "nauc_precision_at_100_max": 0.20608457175177963,
        "nauc_precision_at_100_std": 0.524806741268352,
        "nauc_precision_at_10_diff1": -0.2902355382908263,
        "nauc_precision_at_10_max": 0.32889478684984536,
        "nauc_precision_at_10_std": 0.5068653295500226,
        "nauc_precision_at_1_diff1": 0.4075387099284156,
        "nauc_precision_at_1_max": 0.7279533341114233,
        "nauc_precision_at_1_std": 0.3524378501400562,
        "nauc_precision_at_20_diff1": -0.27378250541973054,
        "nauc_precision_at_20_max": 0.2614789382513721,
        "nauc_precision_at_20_std": 0.5254483595589537,
        "nauc_precision_at_3_diff1": -0.26914239780566906,
        "nauc_precision_at_3_max": 0.5063155828562836,
        "nauc_precision_at_3_std": 0.48166038011608964,
        "nauc_precision_at_5_diff1": -0.30169640514003204,
        "nauc_precision_at_5_max": 0.4330188070513096,
        "nauc_precision_at_5_std": 0.48443293840772683,
        "nauc_recall_at_1000_diff1": -0.015230603962531342,
        "nauc_recall_at_1000_max": 0.7458310307875355,
        "nauc_recall_at_1000_std": 0.779476451768766,
        "nauc_recall_at_100_diff1": 0.03308753067444576,
        "nauc_recall_at_100_max": 0.6494254486557219,
        "nauc_recall_at_100_std": 0.6590685899538846,
        "nauc_recall_at_10_diff1": 0.06378013047656934,
        "nauc_recall_at_10_max": 0.4124855545751109,
        "nauc_recall_at_10_std": 0.10580871463755932,
        "nauc_recall_at_1_diff1": 0.4272388790475989,
        "nauc_recall_at_1_max": -0.09961507909986976,
        "nauc_recall_at_1_std": -0.3144865059169896,
        "nauc_recall_at_20_diff1": 0.03349682949120328,
        "nauc_recall_at_20_max": 0.5438526589748839,
        "nauc_recall_at_20_std": 0.3565753614891761,
        "nauc_recall_at_3_diff1": 0.2464306204385103,
        "nauc_recall_at_3_max": 0.02065605009576044,
        "nauc_recall_at_3_std": -0.25654876802521054,
        "nauc_recall_at_5_diff1": 0.15596765161230272,
        "nauc_recall_at_5_max": 0.1916544494697009,
        "nauc_recall_at_5_std": -0.14752891590348494,
        "ndcg_at_1": 0.904,
        "ndcg_at_10": 0.87114,
        "ndcg_at_100": 0.89843,
        "ndcg_at_1000": 0.90258,
        "ndcg_at_20": 0.88602,
        "ndcg_at_3": 0.86496,
        "ndcg_at_5": 0.85222,
        "precision_at_1": 0.904,
        "precision_at_10": 0.4153,
        "precision_at_100": 0.04777,
        "precision_at_1000": 0.00488,
        "precision_at_20": 0.22613,
        "precision_at_3": 0.77567,
        "precision_at_5": 0.654,
        "recall_at_1": 0.26213,
        "recall_at_10": 0.87864,
        "recall_at_100": 0.9677,
        "recall_at_1000": 0.98927,
        "recall_at_20": 0.92659,
        "recall_at_3": 0.5774,
        "recall_at_5": 0.744
      }
    ]
  },
  "task_name": "DuRetrieval"
}