{
  "dataset_revision": "687de13dc7294d6fd9be10c6945f9e8fec8166b9",
  "evaluation_time": 146.90438795089722,
  "kg_co2_emissions": null,
  "mteb_version": "1.14.18",
  "scores": {
    "dev": [
      {
        "hf_subset": "default",
        "languages": [
          "cmn-Hans"
        ],
        "main_score": 0.65639,
        "map_at_1": 0.507,
        "map_at_10": 0.60558,
        "map_at_100": 0.61153,
        "map_at_1000": 0.61166,
        "map_at_20": 0.60934,
        "map_at_3": 0.5795,
        "map_at_5": 0.595,
        "mrr_at_1": 0.507,
        "mrr_at_10": 0.6055773809523806,
        "mrr_at_100": 0.6115275049173152,
        "mrr_at_1000": 0.6116649512825956,
        "mrr_at_20": 0.6093442987696851,
        "mrr_at_3": 0.5794999999999999,
        "mrr_at_5": 0.5949999999999998,
        "nauc_map_at_1000_diff1": 0.6048012009844389,
        "nauc_map_at_1000_max": 0.34831700852123254,
        "nauc_map_at_1000_std": -0.08520155408847813,
        "nauc_map_at_100_diff1": 0.6047627709672715,
        "nauc_map_at_100_max": 0.3483556441625055,
        "nauc_map_at_100_std": -0.08517722111442512,
        "nauc_map_at_10_diff1": 0.6021292367477364,
        "nauc_map_at_10_max": 0.34923235236995126,
        "nauc_map_at_10_std": -0.08556738927253094,
        "nauc_map_at_1_diff1": 0.6339234309134901,
        "nauc_map_at_1_max": 0.31299731188207175,
        "nauc_map_at_1_std": -0.11245136761186973,
        "nauc_map_at_20_diff1": 0.6041253261426238,
        "nauc_map_at_20_max": 0.34882875361014476,
        "nauc_map_at_20_std": -0.08469501901011367,
        "nauc_map_at_3_diff1": 0.6065417188878827,
        "nauc_map_at_3_max": 0.3371657136064478,
        "nauc_map_at_3_std": -0.10467550884524887,
        "nauc_map_at_5_diff1": 0.6065344714346216,
        "nauc_map_at_5_max": 0.34554722942833754,
        "nauc_map_at_5_std": -0.09985289381525154,
        "nauc_mrr_at_1000_diff1": 0.6048012009844389,
        "nauc_mrr_at_1000_max": 0.34831700852123254,
        "nauc_mrr_at_1000_std": -0.08520155408847813,
        "nauc_mrr_at_100_diff1": 0.6047627709672715,
        "nauc_mrr_at_100_max": 0.3483556441625055,
        "nauc_mrr_at_100_std": -0.08517722111442512,
        "nauc_mrr_at_10_diff1": 0.6021292367477364,
        "nauc_mrr_at_10_max": 0.34923235236995126,
        "nauc_mrr_at_10_std": -0.08556738927253094,
        "nauc_mrr_at_1_diff1": 0.6339234309134901,
        "nauc_mrr_at_1_max": 0.31299731188207175,
        "nauc_mrr_at_1_std": -0.11245136761186973,
        "nauc_mrr_at_20_diff1": 0.6041253261426238,
        "nauc_mrr_at_20_max": 0.34882875361014476,
        "nauc_mrr_at_20_std": -0.08469501901011367,
        "nauc_mrr_at_3_diff1": 0.6065417188878827,
        "nauc_mrr_at_3_max": 0.3371657136064478,
        "nauc_mrr_at_3_std": -0.10467550884524887,
        "nauc_mrr_at_5_diff1": 0.6065344714346216,
        "nauc_mrr_at_5_max": 0.34554722942833754,
        "nauc_mrr_at_5_std": -0.09985289381525154,
        "nauc_ndcg_at_1000_diff1": 0.5975090466702191,
        "nauc_ndcg_at_1000_max": 0.3666170866043208,
        "nauc_ndcg_at_1000_std": -0.05803092440680525,
        "nauc_ndcg_at_100_diff1": 0.5959945424489557,
        "nauc_ndcg_at_100_max": 0.3685440690387242,
        "nauc_ndcg_at_100_std": -0.05477597453104175,
        "nauc_ndcg_at_10_diff1": 0.585038866144057,
        "nauc_ndcg_at_10_max": 0.37348879456094397,
        "nauc_ndcg_at_10_std": -0.05546262564861978,
        "nauc_ndcg_at_1_diff1": 0.6339234309134901,
        "nauc_ndcg_at_1_max": 0.31299731188207175,
        "nauc_ndcg_at_1_std": -0.11245136761186973,
        "nauc_ndcg_at_20_diff1": 0.5925821978400577,
        "nauc_ndcg_at_20_max": 0.3730014123560785,
        "nauc_ndcg_at_20_std": -0.05057389609462311,
        "nauc_ndcg_at_3_diff1": 0.5966914767055316,
        "nauc_ndcg_at_3_max": 0.3461296756039526,
        "nauc_ndcg_at_3_std": -0.10112644771014788,
        "nauc_ndcg_at_5_diff1": 0.5970902351232138,
        "nauc_ndcg_at_5_max": 0.3636337534218584,
        "nauc_ndcg_at_5_std": -0.09265297754954885,
        "nauc_precision_at_1000_diff1": 0.4652427637721737,
        "nauc_precision_at_1000_max": 0.9599673202614396,
        "nauc_precision_at_1000_std": 0.9803921568627467,
        "nauc_precision_at_100_diff1": 0.48369747899159365,
        "nauc_precision_at_100_max": 0.6851260504201692,
        "nauc_precision_at_100_std": 0.509449112978524,
        "nauc_precision_at_10_diff1": 0.49327179142282135,
        "nauc_precision_at_10_max": 0.5054888730996395,
        "nauc_precision_at_10_std": 0.11965417929957012,
        "nauc_precision_at_1_diff1": 0.6339234309134901,
        "nauc_precision_at_1_max": 0.31299731188207175,
        "nauc_precision_at_1_std": -0.11245136761186973,
        "nauc_precision_at_20_diff1": 0.519828634068858,
        "nauc_precision_at_20_max": 0.5513165646276252,
        "nauc_precision_at_20_std": 0.22432680333186558,
        "nauc_precision_at_3_diff1": 0.5639746031961436,
        "nauc_precision_at_3_max": 0.37599720451958607,
        "nauc_precision_at_3_std": -0.0890754050308471,
        "nauc_precision_at_5_diff1": 0.5617513482827136,
        "nauc_precision_at_5_max": 0.4374031872186851,
        "nauc_precision_at_5_std": -0.06390251814605985,
        "nauc_recall_at_1000_diff1": 0.4652427637721722,
        "nauc_recall_at_1000_max": 0.9599673202614369,
        "nauc_recall_at_1000_std": 0.9803921568627407,
        "nauc_recall_at_100_diff1": 0.48369747899159493,
        "nauc_recall_at_100_max": 0.6851260504201678,
        "nauc_recall_at_100_std": 0.5094491129785271,
        "nauc_recall_at_10_diff1": 0.4932717914228227,
        "nauc_recall_at_10_max": 0.5054888730996403,
        "nauc_recall_at_10_std": 0.11965417929957246,
        "nauc_recall_at_1_diff1": 0.6339234309134901,
        "nauc_recall_at_1_max": 0.31299731188207175,
        "nauc_recall_at_1_std": -0.11245136761186973,
        "nauc_recall_at_20_diff1": 0.5198286340688598,
        "nauc_recall_at_20_max": 0.5513165646276261,
        "nauc_recall_at_20_std": 0.22432680333186736,
        "nauc_recall_at_3_diff1": 0.5639746031961431,
        "nauc_recall_at_3_max": 0.3759972045195859,
        "nauc_recall_at_3_std": -0.08907540503084738,
        "nauc_recall_at_5_diff1": 0.5617513482827134,
        "nauc_recall_at_5_max": 0.4374031872186853,
        "nauc_recall_at_5_std": -0.06390251814606099,
        "ndcg_at_1": 0.507,
        "ndcg_at_10": 0.65639,
        "ndcg_at_100": 0.68502,
        "ndcg_at_1000": 0.68879,
        "ndcg_at_20": 0.67007,
        "ndcg_at_3": 0.60301,
        "ndcg_at_5": 0.63119,
        "precision_at_1": 0.507,
        "precision_at_10": 0.0817,
        "precision_at_100": 0.0095,
        "precision_at_1000": 0.00098,
        "precision_at_20": 0.04355,
        "precision_at_3": 0.22367,
        "precision_at_5": 0.148,
        "recall_at_1": 0.507,
        "recall_at_10": 0.817,
        "recall_at_100": 0.95,
        "recall_at_1000": 0.98,
        "recall_at_20": 0.871,
        "recall_at_3": 0.671,
        "recall_at_5": 0.74
      }
    ]
  },
  "task_name": "EcomRetrieval"
}