{
  "dataset_revision": "17f9b096f80380fce5ed12a9be8be7784b337daf",
  "evaluation_time": 14.24738359451294,
  "kg_co2_emissions": null,
  "mteb_version": "1.14.18",
  "scores": {
    "test": [
      {
        "cosine_pearson": 0.7219340964984904,
        "cosine_spearman": 0.7853160510774416,
        "euclidean_pearson": 0.7673937895756611,
        "euclidean_spearman": 0.7785288727250943,
        "hf_subset": "default",
        "languages": [
          "cmn-Hans"
        ],
        "main_score": 0.7853160510774416,
        "manhattan_pearson": 0.7672827656994023,
        "manhattan_spearman": 0.7784162921959143,
        "pearson": 0.7219340936903311,
        "spearman": 0.7853160288999537
      }
    ]
  },
  "task_name": "LCQMC"
}