{
  "dataset_revision": "2039188fb5800a9803ba5048df7b76e6fb151fc6",
  "evaluation_time": 509.9847593307495,
  "kg_co2_emissions": null,
  "mteb_version": "1.14.18",
  "scores": {
    "dev": [
      {
        "hf_subset": "default",
        "languages": [
          "cmn-Hans"
        ],
        "main_score": 0.62018,
        "map_at_1": 0.52,
        "map_at_10": 0.58649,
        "map_at_100": 0.59214,
        "map_at_1000": 0.5926,
        "map_at_20": 0.58969,
        "map_at_3": 0.5705,
        "map_at_5": 0.57825,
        "mrr_at_1": 0.522,
        "mrr_at_10": 0.5874944444444449,
        "mrr_at_100": 0.5931399806299932,
        "mrr_at_1000": 0.5935956158914667,
        "mrr_at_20": 0.5906871587734599,
        "mrr_at_3": 0.5715000000000001,
        "mrr_at_5": 0.5792500000000002,
        "nauc_map_at_1000_diff1": 0.7685541933365688,
        "nauc_map_at_1000_max": 0.590009477014632,
        "nauc_map_at_1000_std": 0.15647016217202595,
        "nauc_map_at_100_diff1": 0.7684168613085618,
        "nauc_map_at_100_max": 0.5899636576415274,
        "nauc_map_at_100_std": 0.15641531313457857,
        "nauc_map_at_10_diff1": 0.7698468577844187,
        "nauc_map_at_10_max": 0.5899727720498856,
        "nauc_map_at_10_std": 0.15290171870397995,
        "nauc_map_at_1_diff1": 0.8090347679416727,
        "nauc_map_at_1_max": 0.6069998367702267,
        "nauc_map_at_1_std": 0.14255400184993736,
        "nauc_map_at_20_diff1": 0.7678583895836208,
        "nauc_map_at_20_max": 0.5894577700757377,
        "nauc_map_at_20_std": 0.15722416657529092,
        "nauc_map_at_3_diff1": 0.7753053644079899,
        "nauc_map_at_3_max": 0.5985086997332888,
        "nauc_map_at_3_std": 0.15155579224694388,
        "nauc_map_at_5_diff1": 0.7726242519956444,
        "nauc_map_at_5_max": 0.5928910002933004,
        "nauc_map_at_5_std": 0.1521650215361543,
        "nauc_mrr_at_1000_diff1": 0.7662054109479652,
        "nauc_mrr_at_1000_max": 0.5953793181206366,
        "nauc_mrr_at_1000_std": 0.16229052497360777,
        "nauc_mrr_at_100_diff1": 0.7660712575387256,
        "nauc_mrr_at_100_max": 0.5953260146143934,
        "nauc_mrr_at_100_std": 0.16222706605047105,
        "nauc_mrr_at_10_diff1": 0.7675348929368028,
        "nauc_mrr_at_10_max": 0.5952619728626377,
        "nauc_mrr_at_10_std": 0.15863015749904694,
        "nauc_mrr_at_1_diff1": 0.8048869587500986,
        "nauc_mrr_at_1_max": 0.6167120576424495,
        "nauc_mrr_at_1_std": 0.15301257043779795,
        "nauc_mrr_at_20_diff1": 0.7655269932162904,
        "nauc_mrr_at_20_max": 0.594785594556087,
        "nauc_mrr_at_20_std": 0.16300005558438216,
        "nauc_mrr_at_3_diff1": 0.7730666684028297,
        "nauc_mrr_at_3_max": 0.603653609518223,
        "nauc_mrr_at_3_std": 0.15711620498003828,
        "nauc_mrr_at_5_diff1": 0.7703523428036706,
        "nauc_mrr_at_5_max": 0.5980989918696322,
        "nauc_mrr_at_5_std": 0.15780112400615656,
        "nauc_ndcg_at_1000_diff1": 0.75466407743934,
        "nauc_ndcg_at_1000_max": 0.5808511025440254,
        "nauc_ndcg_at_1000_std": 0.16677350316909934,
        "nauc_ndcg_at_100_diff1": 0.7489246073113893,
        "nauc_ndcg_at_100_max": 0.577740860771653,
        "nauc_ndcg_at_100_std": 0.1698349345786908,
        "nauc_ndcg_at_10_diff1": 0.7517846344664961,
        "nauc_ndcg_at_10_max": 0.5757497912687731,
        "nauc_ndcg_at_10_std": 0.15788222171087757,
        "nauc_ndcg_at_1_diff1": 0.8090347679416727,
        "nauc_ndcg_at_1_max": 0.6069998367702267,
        "nauc_ndcg_at_1_std": 0.14255400184993736,
        "nauc_ndcg_at_20_diff1": 0.7439353876123541,
        "nauc_ndcg_at_20_max": 0.5736198469402761,
        "nauc_ndcg_at_20_std": 0.17454163560556715,
        "nauc_ndcg_at_3_diff1": 0.7642736483443325,
        "nauc_ndcg_at_3_max": 0.594485714603021,
        "nauc_ndcg_at_3_std": 0.15529562788528284,
        "nauc_ndcg_at_5_diff1": 0.7589325403764131,
        "nauc_ndcg_at_5_max": 0.5837536552524176,
        "nauc_ndcg_at_5_std": 0.15627882250645364,
        "nauc_precision_at_1000_diff1": 0.5824503714529238,
        "nauc_precision_at_1000_max": 0.4533146591970054,
        "nauc_precision_at_1000_std": 0.3778467908902646,
        "nauc_precision_at_100_diff1": 0.6124472605973832,
        "nauc_precision_at_100_max": 0.49264694682649834,
        "nauc_precision_at_100_std": 0.2823899897948318,
        "nauc_precision_at_10_diff1": 0.6796745180010552,
        "nauc_precision_at_10_max": 0.5150283150637694,
        "nauc_precision_at_10_std": 0.17718002614297534,
        "nauc_precision_at_1_diff1": 0.8090347679416727,
        "nauc_precision_at_1_max": 0.6069998367702267,
        "nauc_precision_at_1_std": 0.14255400184993736,
        "nauc_precision_at_20_diff1": 0.6270923027514078,
        "nauc_precision_at_20_max": 0.49495466724160697,
        "nauc_precision_at_20_std": 0.2698472588110835,
        "nauc_precision_at_3_diff1": 0.7298243516992337,
        "nauc_precision_at_3_max": 0.5814842658882443,
        "nauc_precision_at_3_std": 0.1672543628974422,
        "nauc_precision_at_5_diff1": 0.7128162067474261,
        "nauc_precision_at_5_max": 0.5511727814414632,
        "nauc_precision_at_5_std": 0.17011767358662896,
        "nauc_recall_at_1000_diff1": 0.5824503714529257,
        "nauc_recall_at_1000_max": 0.4533146591970119,
        "nauc_recall_at_1000_std": 0.37784679089027207,
        "nauc_recall_at_100_diff1": 0.6124472605973839,
        "nauc_recall_at_100_max": 0.49264694682649657,
        "nauc_recall_at_100_std": 0.2823899897948324,
        "nauc_recall_at_10_diff1": 0.679674518001056,
        "nauc_recall_at_10_max": 0.51502831506377,
        "nauc_recall_at_10_std": 0.1771800261429766,
        "nauc_recall_at_1_diff1": 0.8090347679416727,
        "nauc_recall_at_1_max": 0.6069998367702267,
        "nauc_recall_at_1_std": 0.14255400184993736,
        "nauc_recall_at_20_diff1": 0.6270923027514071,
        "nauc_recall_at_20_max": 0.49495466724160786,
        "nauc_recall_at_20_std": 0.2698472588110844,
        "nauc_recall_at_3_diff1": 0.729824351699234,
        "nauc_recall_at_3_max": 0.5814842658882446,
        "nauc_recall_at_3_std": 0.16725436289744192,
        "nauc_recall_at_5_diff1": 0.7128162067474265,
        "nauc_recall_at_5_max": 0.5511727814414634,
        "nauc_recall_at_5_std": 0.17011767358662924,
        "ndcg_at_1": 0.52,
        "ndcg_at_10": 0.62018,
        "ndcg_at_100": 0.65021,
        "ndcg_at_1000": 0.66311,
        "ndcg_at_20": 0.63148,
        "ndcg_at_3": 0.58634,
        "ndcg_at_5": 0.60054,
        "precision_at_1": 0.52,
        "precision_at_10": 0.0727,
        "precision_at_100": 0.00874,
        "precision_at_1000": 0.00098,
        "precision_at_20": 0.03855,
        "precision_at_3": 0.21067,
        "precision_at_5": 0.1334,
        "recall_at_1": 0.52,
        "recall_at_10": 0.727,
        "recall_at_100": 0.874,
        "recall_at_1000": 0.977,
        "recall_at_20": 0.771,
        "recall_at_3": 0.632,
        "recall_at_5": 0.667
      }
    ]
  },
  "task_name": "MedicalRetrieval"
}