{
  "dataset_revision": "539bbde593d947e2a124ba72651aafc09eb33fc2",
  "evaluation_time": 515.5006387233734,
  "kg_co2_emissions": null,
  "mteb_version": "1.14.18",
  "scores": {
    "dev": [
      {
        "hf_subset": "default",
        "languages": [
          "cmn-Hans"
        ],
        "main_score": 0.76585,
        "map_at_1": 0.63005,
        "map_at_10": 0.72557,
        "map_at_100": 0.7298,
        "map_at_1000": 0.72991,
        "map_at_20": 0.72845,
        "map_at_3": 0.70562,
        "map_at_5": 0.7182,
        "mrr_at_1": 0.651432664756447,
        "mrr_at_10": 0.7316650748169361,
        "mrr_at_100": 0.7354313849944781,
        "mrr_at_1000": 0.7355318045558332,
        "mrr_at_20": 0.7342418694855756,
        "mrr_at_3": 0.7140639923591222,
        "mrr_at_5": 0.7251170009551082,
        "nauc_map_at_1000_diff1": 0.7439079080645801,
        "nauc_map_at_1000_max": 0.4593713432097387,
        "nauc_map_at_1000_std": -0.08455968228842388,
        "nauc_map_at_100_diff1": 0.7438792222475137,
        "nauc_map_at_100_max": 0.45949251879023933,
        "nauc_map_at_100_std": -0.08432694012556947,
        "nauc_map_at_10_diff1": 0.7423485745765251,
        "nauc_map_at_10_max": 0.4612556682106579,
        "nauc_map_at_10_std": -0.08507113027719938,
        "nauc_map_at_1_diff1": 0.7656149528990838,
        "nauc_map_at_1_max": 0.3927629563652884,
        "nauc_map_at_1_std": -0.13895684828359303,
        "nauc_map_at_20_diff1": 0.7434984979263044,
        "nauc_map_at_20_max": 0.46035392524899066,
        "nauc_map_at_20_std": -0.08380426420866954,
        "nauc_map_at_3_diff1": 0.7426726204505876,
        "nauc_map_at_3_max": 0.44956376605661014,
        "nauc_map_at_3_std": -0.10184718709247952,
        "nauc_map_at_5_diff1": 0.741883263204178,
        "nauc_map_at_5_max": 0.45878280581632525,
        "nauc_map_at_5_std": -0.09056576940125244,
        "nauc_mrr_at_1000_diff1": 0.7505668653586678,
        "nauc_mrr_at_1000_max": 0.46629907916447244,
        "nauc_mrr_at_1000_std": -0.07799133215196609,
        "nauc_mrr_at_100_diff1": 0.7505370600842362,
        "nauc_mrr_at_100_max": 0.46641947519510285,
        "nauc_mrr_at_100_std": -0.07773709425844501,
        "nauc_mrr_at_10_diff1": 0.7492066475099236,
        "nauc_mrr_at_10_max": 0.4685151749819419,
        "nauc_mrr_at_10_std": -0.07770798862678448,
        "nauc_mrr_at_1_diff1": 0.7768363318978226,
        "nauc_mrr_at_1_max": 0.4316731085008126,
        "nauc_mrr_at_1_std": -0.12492006646728997,
        "nauc_mrr_at_20_diff1": 0.7500973524038811,
        "nauc_mrr_at_20_max": 0.46716966440171726,
        "nauc_mrr_at_20_std": -0.07711991236282034,
        "nauc_mrr_at_3_diff1": 0.7497254132115262,
        "nauc_mrr_at_3_max": 0.46107062334421184,
        "nauc_mrr_at_3_std": -0.09063778644655726,
        "nauc_mrr_at_5_diff1": 0.7495675785466336,
        "nauc_mrr_at_5_max": 0.46703156404473783,
        "nauc_mrr_at_5_std": -0.08222605132835567,
        "nauc_ndcg_at_1000_diff1": 0.7403082171167101,
        "nauc_ndcg_at_1000_max": 0.47216630811509935,
        "nauc_ndcg_at_1000_std": -0.059256381176490146,
        "nauc_ndcg_at_100_diff1": 0.7393773671150097,
        "nauc_ndcg_at_100_max": 0.4757732607888396,
        "nauc_ndcg_at_100_std": -0.050520805289562126,
        "nauc_ndcg_at_10_diff1": 0.7317447398445789,
        "nauc_ndcg_at_10_max": 0.48575834720269634,
        "nauc_ndcg_at_10_std": -0.04976043995998353,
        "nauc_ndcg_at_1_diff1": 0.7768363318978226,
        "nauc_ndcg_at_1_max": 0.4316731085008126,
        "nauc_ndcg_at_1_std": -0.12492006646728997,
        "nauc_ndcg_at_20_diff1": 0.7358541755964998,
        "nauc_ndcg_at_20_max": 0.48195096438236246,
        "nauc_ndcg_at_20_std": -0.04493805077107339,
        "nauc_ndcg_at_3_diff1": 0.7340762820202579,
        "nauc_ndcg_at_3_max": 0.4636917084034179,
        "nauc_ndcg_at_3_std": -0.0855112023984239,
        "nauc_ndcg_at_5_diff1": 0.7323268997205715,
        "nauc_ndcg_at_5_max": 0.47972141363118287,
        "nauc_ndcg_at_5_std": -0.0655950472732587,
        "nauc_precision_at_1000_diff1": -0.16850811705461746,
        "nauc_precision_at_1000_max": 0.12416749568616454,
        "nauc_precision_at_1000_std": 0.22411313254921356,
        "nauc_precision_at_100_diff1": -0.0328139787695095,
        "nauc_precision_at_100_max": 0.22851131887018433,
        "nauc_precision_at_100_std": 0.2839518809159893,
        "nauc_precision_at_10_diff1": 0.26988940057760114,
        "nauc_precision_at_10_max": 0.4228712410958816,
        "nauc_precision_at_10_std": 0.18451981389161368,
        "nauc_precision_at_1_diff1": 0.7768363318978226,
        "nauc_precision_at_1_max": 0.4316731085008126,
        "nauc_precision_at_1_std": -0.12492006646728997,
        "nauc_precision_at_20_diff1": 0.1651779836953776,
        "nauc_precision_at_20_max": 0.36094213144190385,
        "nauc_precision_at_20_std": 0.2509482466492959,
        "nauc_precision_at_3_diff1": 0.4823517104853718,
        "nauc_precision_at_3_max": 0.444710571441813,
        "nauc_precision_at_3_std": 0.021446646230444035,
        "nauc_precision_at_5_diff1": 0.3827799211369885,
        "nauc_precision_at_5_max": 0.4471253179578831,
        "nauc_precision_at_5_std": 0.09870464667668974,
        "nauc_recall_at_1000_diff1": 0.6492027113875752,
        "nauc_recall_at_1000_max": 0.6479173487576687,
        "nauc_recall_at_1000_std": 0.6723792547321995,
        "nauc_recall_at_100_diff1": 0.6648728069940565,
        "nauc_recall_at_100_max": 0.6870559313591633,
        "nauc_recall_at_100_std": 0.5796346581972541,
        "nauc_recall_at_10_diff1": 0.6513837492636821,
        "nauc_recall_at_10_max": 0.616698448980039,
        "nauc_recall_at_10_std": 0.1560026580859304,
        "nauc_recall_at_1_diff1": 0.7656149528990838,
        "nauc_recall_at_1_max": 0.3927629563652884,
        "nauc_recall_at_1_std": -0.13895684828359303,
        "nauc_recall_at_20_diff1": 0.6544959384897747,
        "nauc_recall_at_20_max": 0.6368723653677171,
        "nauc_recall_at_20_std": 0.28895372487230186,
        "nauc_recall_at_3_diff1": 0.6934918436645311,
        "nauc_recall_at_3_max": 0.49705652242735904,
        "nauc_recall_at_3_std": -0.041998550372534436,
        "nauc_recall_at_5_diff1": 0.674450874575026,
        "nauc_recall_at_5_max": 0.5568645135121706,
        "nauc_recall_at_5_std": 0.03301238680903818,
        "ndcg_at_1": 0.65143,
        "ndcg_at_10": 0.76585,
        "ndcg_at_100": 0.78468,
        "ndcg_at_1000": 0.78751,
        "ndcg_at_20": 0.77574,
        "ndcg_at_3": 0.72789,
        "ndcg_at_5": 0.74918,
        "precision_at_1": 0.65143,
        "precision_at_10": 0.09397,
        "precision_at_100": 0.01032,
        "precision_at_1000": 0.00106,
        "precision_at_20": 0.04907,
        "precision_at_3": 0.27627,
        "precision_at_5": 0.17708,
        "recall_at_1": 0.63005,
        "recall_at_10": 0.88403,
        "recall_at_100": 0.96878,
        "recall_at_1000": 0.99081,
        "recall_at_20": 0.92206,
        "recall_at_3": 0.7837,
        "recall_at_5": 0.83413
      }
    ]
  },
  "task_name": "MMarcoRetrieval"
}