{
  "dataset_revision": "8731a845f1bf500a4f111cf1070785c793d10e64",
  "evaluation_time": 2025.3414413928986,
  "kg_co2_emissions": null,
  "mteb_version": "1.14.18",
  "scores": {
    "dev": [
      {
        "hf_subset": "default",
        "languages": [
          "cmn-Hans"
        ],
        "main_score": 0.81869,
        "map_at_1": 0.2608,
        "map_at_10": 0.73579,
        "map_at_100": 0.7737,
        "map_at_1000": 0.77446,
        "map_at_20": 0.76399,
        "map_at_3": 0.51499,
        "map_at_5": 0.6341,
        "mrr_at_1": 0.8704190776784149,
        "mrr_at_10": 0.9041082526879498,
        "mrr_at_100": 0.9051914926046382,
        "mrr_at_1000": 0.9052307955653445,
        "mrr_at_20": 0.9048178104064568,
        "mrr_at_3": 0.8983064468992926,
        "mrr_at_5": 0.902258314337485,
        "nauc_map_at_1000_diff1": 0.1541460156709694,
        "nauc_map_at_1000_max": 0.4514043321691738,
        "nauc_map_at_1000_std": 0.20857840325018276,
        "nauc_map_at_100_diff1": 0.15414244492316032,
        "nauc_map_at_100_max": 0.45023267594795097,
        "nauc_map_at_100_std": 0.20816073351451378,
        "nauc_map_at_10_diff1": 0.19136144946302547,
        "nauc_map_at_10_max": 0.34318933782162303,
        "nauc_map_at_10_std": 0.07604465412459005,
        "nauc_map_at_1_diff1": 0.47642447342318167,
        "nauc_map_at_1_max": -0.20994931679974552,
        "nauc_map_at_1_std": -0.30919004654038257,
        "nauc_map_at_20_diff1": 0.15906028205243508,
        "nauc_map_at_20_max": 0.4276428997441061,
        "nauc_map_at_20_std": 0.17811213395756256,
        "nauc_map_at_3_diff1": 0.354103096782879,
        "nauc_map_at_3_max": -0.07415495665267395,
        "nauc_map_at_3_std": -0.2631831833782548,
        "nauc_map_at_5_diff1": 0.2897893626491249,
        "nauc_map_at_5_max": 0.08822835471061331,
        "nauc_map_at_5_std": -0.1576282103609441,
        "nauc_mrr_at_1000_diff1": 0.45383244206618534,
        "nauc_mrr_at_1000_max": 0.7427173308915286,
        "nauc_mrr_at_1000_std": 0.3883490116319009,
        "nauc_mrr_at_100_diff1": 0.4538431392251975,
        "nauc_mrr_at_100_max": 0.7427726225925824,
        "nauc_mrr_at_100_std": 0.3885065158402236,
        "nauc_mrr_at_10_diff1": 0.453896665126375,
        "nauc_mrr_at_10_max": 0.743652718725029,
        "nauc_mrr_at_10_std": 0.38927608062621794,
        "nauc_mrr_at_1_diff1": 0.4559334322605181,
        "nauc_mrr_at_1_max": 0.7145962574510923,
        "nauc_mrr_at_1_std": 0.33692966778081745,
        "nauc_mrr_at_20_diff1": 0.45357580411511034,
        "nauc_mrr_at_20_max": 0.7432045663754503,
        "nauc_mrr_at_20_std": 0.38924409572517454,
        "nauc_mrr_at_3_diff1": 0.45393773059405157,
        "nauc_mrr_at_3_max": 0.7437877864022847,
        "nauc_mrr_at_3_std": 0.3850133907683351,
        "nauc_mrr_at_5_diff1": 0.4534451954009239,
        "nauc_mrr_at_5_max": 0.7443402771163948,
        "nauc_mrr_at_5_std": 0.3898619296693546,
        "nauc_ndcg_at_1000_diff1": 0.19710812066611202,
        "nauc_ndcg_at_1000_max": 0.5638901394423464,
        "nauc_ndcg_at_1000_std": 0.31959743018373354,
        "nauc_ndcg_at_100_diff1": 0.19343708586564934,
        "nauc_ndcg_at_100_max": 0.5519240514431915,
        "nauc_ndcg_at_100_std": 0.3205098297992042,
        "nauc_ndcg_at_10_diff1": 0.19223729612982032,
        "nauc_ndcg_at_10_max": 0.4673792654164843,
        "nauc_ndcg_at_10_std": 0.21285362222013277,
        "nauc_ndcg_at_1_diff1": 0.4559334322605181,
        "nauc_ndcg_at_1_max": 0.7145962574510923,
        "nauc_ndcg_at_1_std": 0.33692966778081745,
        "nauc_ndcg_at_20_diff1": 0.1915908984003282,
        "nauc_ndcg_at_20_max": 0.5028800553449925,
        "nauc_ndcg_at_20_std": 0.2609884207717958,
        "nauc_ndcg_at_3_diff1": 0.15746569825399906,
        "nauc_ndcg_at_3_max": 0.6135701371350841,
        "nauc_ndcg_at_3_std": 0.3119166002791212,
        "nauc_ndcg_at_5_diff1": 0.15556285091339572,
        "nauc_ndcg_at_5_max": 0.5468053610972353,
        "nauc_ndcg_at_5_std": 0.2693669669366188,
        "nauc_precision_at_1000_diff1": -0.2985599023915988,
        "nauc_precision_at_1000_max": 0.47618109395403146,
        "nauc_precision_at_1000_std": 0.5395535523413658,
        "nauc_precision_at_100_diff1": -0.296707195141792,
        "nauc_precision_at_100_max": 0.4910188625386006,
        "nauc_precision_at_100_std": 0.5573012943702166,
        "nauc_precision_at_10_diff1": -0.28282195177316566,
        "nauc_precision_at_10_max": 0.5407921396680825,
        "nauc_precision_at_10_std": 0.5182913026547692,
        "nauc_precision_at_1_diff1": 0.4559334322605181,
        "nauc_precision_at_1_max": 0.7145962574510923,
        "nauc_precision_at_1_std": 0.33692966778081745,
        "nauc_precision_at_20_diff1": -0.2931436189030397,
        "nauc_precision_at_20_max": 0.5186507840411679,
        "nauc_precision_at_20_std": 0.5496954139266943,
        "nauc_precision_at_3_diff1": -0.19891000574351345,
        "nauc_precision_at_3_max": 0.6328433081330563,
        "nauc_precision_at_3_std": 0.44191384906668224,
        "nauc_precision_at_5_diff1": -0.26194460646981194,
        "nauc_precision_at_5_max": 0.5896496941175959,
        "nauc_precision_at_5_std": 0.47583872040583247,
        "nauc_recall_at_1000_diff1": 0.0410447508215323,
        "nauc_recall_at_1000_max": 0.5079327006972467,
        "nauc_recall_at_1000_std": 0.644622707904448,
        "nauc_recall_at_100_diff1": 0.09265939281356646,
        "nauc_recall_at_100_max": 0.4328116052283129,
        "nauc_recall_at_100_std": 0.4681211829078329,
        "nauc_recall_at_10_diff1": 0.17338701361498515,
        "nauc_recall_at_10_max": 0.22346230449025645,
        "nauc_recall_at_10_std": 0.024904736347964695,
        "nauc_recall_at_1_diff1": 0.47642447342318167,
        "nauc_recall_at_1_max": -0.20994931679974552,
        "nauc_recall_at_1_std": -0.30919004654038257,
        "nauc_recall_at_20_diff1": 0.11843620604351733,
        "nauc_recall_at_20_max": 0.34414158424160424,
        "nauc_recall_at_20_std": 0.21748034273598227,
        "nauc_recall_at_3_diff1": 0.3327862790478151,
        "nauc_recall_at_3_max": -0.12676404864924362,
        "nauc_recall_at_3_std": -0.2892917628519482,
        "nauc_recall_at_5_diff1": 0.2718065204032627,
        "nauc_recall_at_5_max": -0.009916785548999538,
        "nauc_recall_at_5_std": -0.21242926819508132,
        "ndcg_at_1": 0.87042,
        "ndcg_at_10": 0.81869,
        "ndcg_at_100": 0.85955,
        "ndcg_at_1000": 0.86699,
        "ndcg_at_20": 0.8382,
        "ndcg_at_3": 0.83109,
        "ndcg_at_5": 0.81744,
        "precision_at_1": 0.87042,
        "precision_at_10": 0.4095,
        "precision_at_100": 0.04971,
        "precision_at_1000": 0.00515,
        "precision_at_20": 0.22885,
        "precision_at_3": 0.7288,
        "precision_at_5": 0.61183,
        "recall_at_1": 0.2608,
        "recall_at_10": 0.81358,
        "recall_at_100": 0.94489,
        "recall_at_1000": 0.98276,
        "recall_at_20": 0.87683,
        "recall_at_3": 0.5361,
        "recall_at_5": 0.67584
      }
    ]
  },
  "task_name": "T2Retrieval"
}