{
  "dataset_revision": "76631901a18387f85eaa53e5450019b87ad58ef9",
  "evaluation_time": 1533.7259511947632,
  "kg_co2_emissions": null,
  "mteb_version": "1.14.18",
  "scores": {
    "dev": [
      {
        "hf_subset": "default",
        "languages": [
          "cmn-Hans"
        ],
        "main_score": 0.678448660137356,
        "map": 0.678448660137356,
        "mrr": 0.7827293634673459,
        "nAUC_map_diff1": -0.13570429643368656,
        "nAUC_map_max": 0.3121810080655914,
        "nAUC_map_std": -0.03217255076987196,
        "nAUC_mrr_diff1": -0.11421871557580231,
        "nAUC_mrr_max": 0.2505170514527406,
        "nAUC_mrr_std": -0.04174926534915096
      }
    ]
  },
  "task_name": "T2Reranking"
}