{
  "dataset_revision": "58c2597a5943a2ba48f4668c3b90d796283c5639",
  "evaluation_time": 141.38051533699036,
  "kg_co2_emissions": null,
  "mteb_version": "1.14.18",
  "scores": {
    "dev": [
      {
        "hf_subset": "default",
        "languages": [
          "cmn-Hans"
        ],
        "main_score": 0.73362,
        "map_at_1": 0.584,
        "map_at_10": 0.68572,
        "map_at_100": 0.69035,
        "map_at_1000": 0.69042,
        "map_at_20": 0.68872,
        "map_at_3": 0.664,
        "map_at_5": 0.67765,
        "mrr_at_1": 0.583,
        "mrr_at_10": 0.6852178571428571,
        "mrr_at_100": 0.6898519354792763,
        "mrr_at_1000": 0.6899156685296663,
        "mrr_at_20": 0.688221805254429,
        "mrr_at_3": 0.6635000000000001,
        "mrr_at_5": 0.6771500000000003,
        "nauc_map_at_1000_diff1": 0.6382737004457952,
        "nauc_map_at_1000_max": 0.23630498381036238,
        "nauc_map_at_1000_std": -0.36351815802878346,
        "nauc_map_at_100_diff1": 0.638235387214568,
        "nauc_map_at_100_max": 0.23629680903371214,
        "nauc_map_at_100_std": -0.363532235365263,
        "nauc_map_at_10_diff1": 0.6373594800323837,
        "nauc_map_at_10_max": 0.23351529829429812,
        "nauc_map_at_10_std": -0.3698620561956159,
        "nauc_map_at_1_diff1": 0.6685624832379105,
        "nauc_map_at_1_max": 0.2284556139880362,
        "nauc_map_at_1_std": -0.31366824473233107,
        "nauc_map_at_20_diff1": 0.6378848492259861,
        "nauc_map_at_20_max": 0.23702666853008628,
        "nauc_map_at_20_std": -0.3653689059477424,
        "nauc_map_at_3_diff1": 0.6343106266224758,
        "nauc_map_at_3_max": 0.2347754333801608,
        "nauc_map_at_3_std": -0.36346081279522796,
        "nauc_map_at_5_diff1": 0.6347989650289748,
        "nauc_map_at_5_max": 0.23405435778844538,
        "nauc_map_at_5_std": -0.37083161707987083,
        "nauc_mrr_at_1000_diff1": 0.63980466792113,
        "nauc_mrr_at_1000_max": 0.23268404589461364,
        "nauc_mrr_at_1000_std": -0.3667128524376394,
        "nauc_mrr_at_100_diff1": 0.6397659947320478,
        "nauc_mrr_at_100_max": 0.23267679264961225,
        "nauc_mrr_at_100_std": -0.36672611184474574,
        "nauc_mrr_at_10_diff1": 0.6388641672982094,
        "nauc_mrr_at_10_max": 0.22995997355407805,
        "nauc_mrr_at_10_std": -0.3729961506440782,
        "nauc_mrr_at_1_diff1": 0.6709345275967149,
        "nauc_mrr_at_1_max": 0.2227741872549464,
        "nauc_mrr_at_1_std": -0.3187442763151188,
        "nauc_mrr_at_20_diff1": 0.6394058671297984,
        "nauc_mrr_at_20_max": 0.23342940241131818,
        "nauc_mrr_at_20_std": -0.3685409592808224,
        "nauc_mrr_at_3_diff1": 0.6357209040289207,
        "nauc_mrr_at_3_max": 0.23144706701162238,
        "nauc_mrr_at_3_std": -0.3663982953266013,
        "nauc_mrr_at_5_diff1": 0.6362653395095961,
        "nauc_mrr_at_5_max": 0.23059330470119663,
        "nauc_mrr_at_5_std": -0.37388162729482066,
        "nauc_ndcg_at_1000_diff1": 0.6340501314447143,
        "nauc_ndcg_at_1000_max": 0.2416735771066553,
        "nauc_ndcg_at_1000_std": -0.36387772591449086,
        "nauc_ndcg_at_100_diff1": 0.6333797586224944,
        "nauc_ndcg_at_100_max": 0.24296991503452825,
        "nauc_ndcg_at_100_std": -0.3623755109283498,
        "nauc_ndcg_at_10_diff1": 0.6290904299712924,
        "nauc_ndcg_at_10_max": 0.23347427714506433,
        "nauc_ndcg_at_10_std": -0.3957128693357446,
        "nauc_ndcg_at_1_diff1": 0.6685624832379105,
        "nauc_ndcg_at_1_max": 0.2284556139880362,
        "nauc_ndcg_at_1_std": -0.31366824473233107,
        "nauc_ndcg_at_20_diff1": 0.6307490055860009,
        "nauc_ndcg_at_20_max": 0.24859934443254353,
        "nauc_ndcg_at_20_std": -0.3760550480800269,
        "nauc_ndcg_at_3_diff1": 0.6217877763255708,
        "nauc_ndcg_at_3_max": 0.23533326268710306,
        "nauc_ndcg_at_3_std": -0.3801346382110615,
        "nauc_ndcg_at_5_diff1": 0.6225546588833867,
        "nauc_ndcg_at_5_max": 0.23532127123085814,
        "nauc_ndcg_at_5_std": -0.39515820522028205,
        "nauc_precision_at_1000_diff1": 0.5499533146591812,
        "nauc_precision_at_1000_max": 0.6958450046685185,
        "nauc_precision_at_1000_std": 0.717631497043245,
        "nauc_precision_at_100_diff1": 0.5701169356631564,
        "nauc_precision_at_100_max": 0.49837712862923006,
        "nauc_precision_at_100_std": 0.09637188208617171,
        "nauc_precision_at_10_diff1": 0.5838627803493126,
        "nauc_precision_at_10_max": 0.23122666297883993,
        "nauc_precision_at_10_std": -0.5668730222001687,
        "nauc_precision_at_1_diff1": 0.6685624832379105,
        "nauc_precision_at_1_max": 0.2284556139880362,
        "nauc_precision_at_1_std": -0.31366824473233107,
        "nauc_precision_at_20_diff1": 0.5771739807033903,
        "nauc_precision_at_20_max": 0.3982757547463422,
        "nauc_precision_at_20_std": -0.4300342359165956,
        "nauc_precision_at_3_diff1": 0.5756689439849865,
        "nauc_precision_at_3_max": 0.23666935618252463,
        "nauc_precision_at_3_std": -0.44091323680310096,
        "nauc_precision_at_5_diff1": 0.5682432167886924,
        "nauc_precision_at_5_max": 0.24152203459982952,
        "nauc_precision_at_5_std": -0.5069132543193875,
        "nauc_recall_at_1000_diff1": 0.5499533146591901,
        "nauc_recall_at_1000_max": 0.6958450046685376,
        "nauc_recall_at_1000_std": 0.7176314970432339,
        "nauc_recall_at_100_diff1": 0.5701169356631545,
        "nauc_recall_at_100_max": 0.4983771286292264,
        "nauc_recall_at_100_std": 0.0963718820861699,
        "nauc_recall_at_10_diff1": 0.5838627803493137,
        "nauc_recall_at_10_max": 0.23122666297884065,
        "nauc_recall_at_10_std": -0.5668730222001683,
        "nauc_recall_at_1_diff1": 0.6685624832379105,
        "nauc_recall_at_1_max": 0.2284556139880362,
        "nauc_recall_at_1_std": -0.31366824473233107,
        "nauc_recall_at_20_diff1": 0.5771739807033938,
        "nauc_recall_at_20_max": 0.3982757547463423,
        "nauc_recall_at_20_std": -0.43003423591658996,
        "nauc_recall_at_3_diff1": 0.5756689439849857,
        "nauc_recall_at_3_max": 0.23666935618252438,
        "nauc_recall_at_3_std": -0.44091323680310107,
        "nauc_recall_at_5_diff1": 0.5682432167886934,
        "nauc_recall_at_5_max": 0.24152203459983151,
        "nauc_recall_at_5_std": -0.5069132543193847,
        "ndcg_at_1": 0.584,
        "ndcg_at_10": 0.73362,
        "ndcg_at_100": 0.75487,
        "ndcg_at_1000": 0.75675,
        "ndcg_at_20": 0.74435,
        "ndcg_at_3": 0.68971,
        "ndcg_at_5": 0.71416,
        "precision_at_1": 0.584,
        "precision_at_10": 0.0883,
        "precision_at_100": 0.00979,
        "precision_at_1000": 0.00099,
        "precision_at_20": 0.04625,
        "precision_at_3": 0.25467,
        "precision_at_5": 0.1646,
        "recall_at_1": 0.584,
        "recall_at_10": 0.883,
        "recall_at_100": 0.979,
        "recall_at_1000": 0.994,
        "recall_at_20": 0.925,
        "recall_at_3": 0.764,
        "recall_at_5": 0.823
      }
    ]
  },
  "task_name": "VideoRetrieval"
}