{
  "dataset_revision": "e3dda5e115e487b39ec7e618c0c6a29137052a55",
  "evaluation_time": 6.569103956222534,
  "kg_co2_emissions": null,
  "mteb_version": "1.14.17",
  "scores": {
    "test": [
      {
        "cosine_pearson": 0.6196475288273542,
        "cosine_spearman": 0.6480517319339449,
        "euclidean_pearson": 0.633330162764529,
        "euclidean_spearman": 0.6487762487826079,
        "hf_subset": "default",
        "languages": [
          "cmn-Hans"
        ],
        "main_score": 0.6480517319339449,
        "manhattan_pearson": 0.6332504352329338,
        "manhattan_spearman": 0.648734229233698,
        "pearson": 0.6196475236658455,
        "spearman": 0.6480517665866263
      }
    ],
    "validation": [
      {
        "cosine_pearson": 0.6802319565122348,
        "cosine_spearman": 0.7114211319912239,
        "euclidean_pearson": 0.6968109851535753,
        "euclidean_spearman": 0.7127732054887256,
        "hf_subset": "default",
        "languages": [
          "cmn-Hans"
        ],
        "main_score": 0.7114211319912239,
        "manhattan_pearson": 0.6964093348088617,
        "manhattan_spearman": 0.712166537376239,
        "pearson": 0.6802319570123481,
        "spearman": 0.7114212359100044
      }
    ]
  },
  "task_name": "BQ"
}