{
  "dataset_revision": "cd540c506dae1cf9e9a59c3e06f42030d54e7301",
  "evaluation_time": 362.5688292980194,
  "kg_co2_emissions": null,
  "mteb_version": "1.14.17",
  "scores": {
    "dev": [
      {
        "hf_subset": "default",
        "languages": [
          "cmn-Hans"
        ],
        "main_score": 0.42049,
        "map_at_1": 0.24206,
        "map_at_10": 0.35645,
        "map_at_100": 0.37475,
        "map_at_1000": 0.37604,
        "map_at_20": 0.36618,
        "map_at_3": 0.3172,
        "map_at_5": 0.33877,
        "mrr_at_1": 0.37134283570892723,
        "mrr_at_10": 0.44679999364920514,
        "mrr_at_100": 0.4567079288581924,
        "mrr_at_1000": 0.4572523072176295,
        "mrr_at_20": 0.4525507348206137,
        "mrr_at_3": 0.4228973910144192,
        "mrr_at_5": 0.43521296990914377,
        "nauc_map_at_1000_diff1": 0.5017582229865574,
        "nauc_map_at_1000_max": 0.3207295426016946,
        "nauc_map_at_1000_std": -0.10640249690664218,
        "nauc_map_at_100_diff1": 0.5012823527416204,
        "nauc_map_at_100_max": 0.32022881765501887,
        "nauc_map_at_100_std": -0.10645613605837842,
        "nauc_map_at_10_diff1": 0.50107569231552,
        "nauc_map_at_10_max": 0.3126543600380895,
        "nauc_map_at_10_std": -0.11692834545645256,
        "nauc_map_at_1_diff1": 0.5401744743167902,
        "nauc_map_at_1_max": 0.2559267352061067,
        "nauc_map_at_1_std": -0.12421898369382088,
        "nauc_map_at_20_diff1": 0.5006753179887508,
        "nauc_map_at_20_max": 0.3163437745655728,
        "nauc_map_at_20_std": -0.11241394430655618,
        "nauc_map_at_3_diff1": 0.5105636181334137,
        "nauc_map_at_3_max": 0.29475733985909414,
        "nauc_map_at_3_std": -0.12841182281745953,
        "nauc_map_at_5_diff1": 0.504947846408533,
        "nauc_map_at_5_max": 0.30656039801483503,
        "nauc_map_at_5_std": -0.12460097733037241,
        "nauc_mrr_at_1000_diff1": 0.5668694709473748,
        "nauc_mrr_at_1000_max": 0.3919015393933551,
        "nauc_mrr_at_1000_std": -0.06696739109981296,
        "nauc_mrr_at_100_diff1": 0.5665691984828765,
        "nauc_mrr_at_100_max": 0.39178436847756276,
        "nauc_mrr_at_100_std": -0.0667712064837791,
        "nauc_mrr_at_10_diff1": 0.5668067169689228,
        "nauc_mrr_at_10_max": 0.3905862938490031,
        "nauc_mrr_at_10_std": -0.06880743248052572,
        "nauc_mrr_at_1_diff1": 0.6163544779708855,
        "nauc_mrr_at_1_max": 0.4113235278472942,
        "nauc_mrr_at_1_std": -0.06903939456747556,
        "nauc_mrr_at_20_diff1": 0.5659020718876292,
        "nauc_mrr_at_20_max": 0.3911410228375395,
        "nauc_mrr_at_20_std": -0.06795908009470764,
        "nauc_mrr_at_3_diff1": 0.5783525854210557,
        "nauc_mrr_at_3_max": 0.3950148780382356,
        "nauc_mrr_at_3_std": -0.07434052201048649,
        "nauc_mrr_at_5_diff1": 0.5703978306953155,
        "nauc_mrr_at_5_max": 0.39316410351181685,
        "nauc_mrr_at_5_std": -0.07363865956698881,
        "nauc_ndcg_at_1000_diff1": 0.5042850009175551,
        "nauc_ndcg_at_1000_max": 0.34784692512895243,
        "nauc_ndcg_at_1000_std": -0.07446017053392627,
        "nauc_ndcg_at_100_diff1": 0.4938282600493459,
        "nauc_ndcg_at_100_max": 0.34310862442599704,
        "nauc_ndcg_at_100_std": -0.06742016016442925,
        "nauc_ndcg_at_10_diff1": 0.49371230699021507,
        "nauc_ndcg_at_10_max": 0.32411680556678296,
        "nauc_ndcg_at_10_std": -0.10172843378111206,
        "nauc_ndcg_at_1_diff1": 0.6163544779708855,
        "nauc_ndcg_at_1_max": 0.4113235278472942,
        "nauc_ndcg_at_1_std": -0.06903939456747556,
        "nauc_ndcg_at_20_diff1": 0.4905720127639539,
        "nauc_ndcg_at_20_max": 0.32818673536112974,
        "nauc_ndcg_at_20_std": -0.09351757026849623,
        "nauc_ndcg_at_3_diff1": 0.5180311139966091,
        "nauc_ndcg_at_3_max": 0.3412491585278378,
        "nauc_ndcg_at_3_std": -0.10405282892710636,
        "nauc_ndcg_at_5_diff1": 0.5024192495775442,
        "nauc_ndcg_at_5_max": 0.32895300694186785,
        "nauc_ndcg_at_5_std": -0.10939661935120373,
        "nauc_precision_at_1000_diff1": 0.04061284600733975,
        "nauc_precision_at_1000_max": 0.24586857986217467,
        "nauc_precision_at_1000_std": 0.17231082028930594,
        "nauc_precision_at_100_diff1": 0.09932479262874797,
        "nauc_precision_at_100_max": 0.29169771523415966,
        "nauc_precision_at_100_std": 0.17623687266562418,
        "nauc_precision_at_10_diff1": 0.26155396326866887,
        "nauc_precision_at_10_max": 0.3541013425846481,
        "nauc_precision_at_10_std": 0.03086652159280735,
        "nauc_precision_at_1_diff1": 0.6163544779708855,
        "nauc_precision_at_1_max": 0.4113235278472942,
        "nauc_precision_at_1_std": -0.06903939456747556,
        "nauc_precision_at_20_diff1": 0.20421022169468855,
        "nauc_precision_at_20_max": 0.33245069280752854,
        "nauc_precision_at_20_std": 0.07587010182415525,
        "nauc_precision_at_3_diff1": 0.3975529786174553,
        "nauc_precision_at_3_max": 0.3869649951646796,
        "nauc_precision_at_3_std": -0.03803692315524924,
        "nauc_precision_at_5_diff1": 0.32809026321971985,
        "nauc_precision_at_5_max": 0.37459175806913736,
        "nauc_precision_at_5_std": -0.012691101757776142,
        "nauc_recall_at_1000_diff1": 0.21047934191652418,
        "nauc_recall_at_1000_max": 0.41821893820225803,
        "nauc_recall_at_1000_std": 0.418872269709605,
        "nauc_recall_at_100_diff1": 0.27192397529402773,
        "nauc_recall_at_100_max": 0.27469336204709693,
        "nauc_recall_at_100_std": 0.11132505136068593,
        "nauc_recall_at_10_diff1": 0.37179546825235477,
        "nauc_recall_at_10_max": 0.24313780493234932,
        "nauc_recall_at_10_std": -0.09757292040394158,
        "nauc_recall_at_1_diff1": 0.5401744743167902,
        "nauc_recall_at_1_max": 0.2559267352061067,
        "nauc_recall_at_1_std": -0.12421898369382088,
        "nauc_recall_at_20_diff1": 0.33963259895513354,
        "nauc_recall_at_20_max": 0.2365600826416778,
        "nauc_recall_at_20_std": -0.0761388332951224,
        "nauc_recall_at_3_diff1": 0.44564304813155997,
        "nauc_recall_at_3_max": 0.25678724214244714,
        "nauc_recall_at_3_std": -0.13547992679053084,
        "nauc_recall_at_5_diff1": 0.41024510062078584,
        "nauc_recall_at_5_max": 0.2587170864119277,
        "nauc_recall_at_5_std": -0.13074230598103925,
        "ndcg_at_1": 0.37134,
        "ndcg_at_10": 0.42049,
        "ndcg_at_100": 0.4931,
        "ndcg_at_1000": 0.51661,
        "ndcg_at_20": 0.44734,
        "ndcg_at_3": 0.37056,
        "ndcg_at_5": 0.39008,
        "precision_at_1": 0.37134,
        "precision_at_10": 0.09385,
        "precision_at_100": 0.01535,
        "precision_at_1000": 0.00183,
        "precision_at_20": 0.05604,
        "precision_at_3": 0.20939,
        "precision_at_5": 0.15264,
        "recall_at_1": 0.24206,
        "recall_at_10": 0.5195,
        "recall_at_100": 0.82106,
        "recall_at_1000": 0.98059,
        "recall_at_20": 0.61066,
        "recall_at_3": 0.36767,
        "recall_at_5": 0.4285
      }
    ]
  },
  "task_name": "CmedqaRetrieval"
}