{
  "dataset_revision": "23d186750531a14a0357ca22cd92d712fd512ea0",
  "evaluation_time": 80.30328869819641,
  "kg_co2_emissions": null,
  "mteb_version": "1.14.17",
  "scores": {
    "test": [
      {
        "hf_subset": "default",
        "languages": [
          "cmn-Hans"
        ],
        "main_score": 0.8531488753437857,
        "map": 0.8531488753437857,
        "mrr": 0.8774658730158731,
        "nAUC_map_diff1": 0.5919693131225005,
        "nAUC_map_max": 0.4621710054166065,
        "nAUC_map_std": 0.0970963541935055,
        "nAUC_mrr_diff1": 0.6585544231518252,
        "nAUC_mrr_max": 0.5507478168986584,
        "nAUC_mrr_std": 0.18196477653253731
      }
    ]
  },
  "task_name": "CMedQAv2-reranking"
}