{
  "dataset_revision": "539bbde593d947e2a124ba72651aafc09eb33fc2",
  "evaluation_time": 148.26767420768738,
  "kg_co2_emissions": null,
  "mteb_version": "1.14.17",
  "scores": {
    "dev": [
      {
        "hf_subset": "default",
        "languages": [
          "cmn-Hans"
        ],
        "main_score": 0.78344,
        "map_at_1": 0.65801,
        "map_at_10": 0.747,
        "map_at_100": 0.75047,
        "map_at_1000": 0.75059,
        "map_at_20": 0.7493,
        "map_at_3": 0.72811,
        "map_at_5": 0.74053,
        "mrr_at_1": 0.6796561604584527,
        "mrr_at_10": 0.7526758425433199,
        "mrr_at_100": 0.7558144630566157,
        "mrr_at_1000": 0.7559150014294272,
        "mrr_at_20": 0.7547662304818293,
        "mrr_at_3": 0.7364851957975169,
        "mrr_at_5": 0.7472015281757381,
        "nauc_map_at_1000_diff1": 0.7692491604151936,
        "nauc_map_at_1000_max": 0.38394536127097345,
        "nauc_map_at_1000_std": -0.12173213246170306,
        "nauc_map_at_100_diff1": 0.7691853418768558,
        "nauc_map_at_100_max": 0.3840695060697488,
        "nauc_map_at_100_std": -0.1215075548583449,
        "nauc_map_at_10_diff1": 0.7679089433730893,
        "nauc_map_at_10_max": 0.38473661217840666,
        "nauc_map_at_10_std": -0.12226198749123562,
        "nauc_map_at_1_diff1": 0.7936979886759098,
        "nauc_map_at_1_max": 0.3065893715306666,
        "nauc_map_at_1_std": -0.1868185136902408,
        "nauc_map_at_20_diff1": 0.7686221611871961,
        "nauc_map_at_20_max": 0.38488591119530446,
        "nauc_map_at_20_std": -0.12081990859419622,
        "nauc_map_at_3_diff1": 0.7673073121699324,
        "nauc_map_at_3_max": 0.3679670007734079,
        "nauc_map_at_3_std": -0.14286580899285214,
        "nauc_map_at_5_diff1": 0.7690268986242145,
        "nauc_map_at_5_max": 0.3803875611265693,
        "nauc_map_at_5_std": -0.1298080485549147,
        "nauc_mrr_at_1000_diff1": 0.7744333429721637,
        "nauc_mrr_at_1000_max": 0.3906017537409555,
        "nauc_mrr_at_1000_std": -0.11506824806087973,
        "nauc_mrr_at_100_diff1": 0.7743763965521228,
        "nauc_mrr_at_100_max": 0.39072035913489467,
        "nauc_mrr_at_100_std": -0.11485794552730864,
        "nauc_mrr_at_10_diff1": 0.7730582515106359,
        "nauc_mrr_at_10_max": 0.3918094070910391,
        "nauc_mrr_at_10_std": -0.11476922359324811,
        "nauc_mrr_at_1_diff1": 0.8007443202728961,
        "nauc_mrr_at_1_max": 0.34237545360649324,
        "nauc_mrr_at_1_std": -0.17734035227960704,
        "nauc_mrr_at_20_diff1": 0.7738917855153934,
        "nauc_mrr_at_20_max": 0.39158436405273656,
        "nauc_mrr_at_20_std": -0.11397486193657487,
        "nauc_mrr_at_3_diff1": 0.7735740213527258,
        "nauc_mrr_at_3_max": 0.3811457101131939,
        "nauc_mrr_at_3_std": -0.13138178073864706,
        "nauc_mrr_at_5_diff1": 0.7744991705932881,
        "nauc_mrr_at_5_max": 0.38935104965293477,
        "nauc_mrr_at_5_std": -0.11981324818155503,
        "nauc_ndcg_at_1000_diff1": 0.7647670207597493,
        "nauc_ndcg_at_1000_max": 0.4057997794059789,
        "nauc_ndcg_at_1000_std": -0.08739826797097634,
        "nauc_ndcg_at_100_diff1": 0.7627581833643848,
        "nauc_ndcg_at_100_max": 0.4102781749564177,
        "nauc_ndcg_at_100_std": -0.07893430084319002,
        "nauc_ndcg_at_10_diff1": 0.7561022572255514,
        "nauc_ndcg_at_10_max": 0.41627382233365984,
        "nauc_ndcg_at_10_std": -0.07860889602058124,
        "nauc_ndcg_at_1_diff1": 0.8007443202728961,
        "nauc_ndcg_at_1_max": 0.34237545360649324,
        "nauc_ndcg_at_1_std": -0.17734035227960704,
        "nauc_ndcg_at_20_diff1": 0.7587895504742618,
        "nauc_ndcg_at_20_max": 0.4168276633295762,
        "nauc_ndcg_at_20_std": -0.07294854607313615,
        "nauc_ndcg_at_3_diff1": 0.7583148829275509,
        "nauc_ndcg_at_3_max": 0.384893638874865,
        "nauc_ndcg_at_3_std": -0.12258915434804356,
        "nauc_ndcg_at_5_diff1": 0.7601566531588885,
        "nauc_ndcg_at_5_max": 0.405673147565604,
        "nauc_ndcg_at_5_std": -0.09759864344748269,
        "nauc_precision_at_1000_diff1": -0.1429115635692765,
        "nauc_precision_at_1000_max": 0.20532987159635388,
        "nauc_precision_at_1000_std": 0.25335517557838333,
        "nauc_precision_at_100_diff1": -0.007548926018692066,
        "nauc_precision_at_100_max": 0.29910374826164077,
        "nauc_precision_at_100_std": 0.2942931401883227,
        "nauc_precision_at_10_diff1": 0.24832403043963652,
        "nauc_precision_at_10_max": 0.40544436585511323,
        "nauc_precision_at_10_std": 0.19097241514482632,
        "nauc_precision_at_1_diff1": 0.8007443202728961,
        "nauc_precision_at_1_max": 0.34237545360649324,
        "nauc_precision_at_1_std": -0.17734035227960704,
        "nauc_precision_at_20_diff1": 0.15220949263502462,
        "nauc_precision_at_20_max": 0.38513865786141666,
        "nauc_precision_at_20_std": 0.25975398518410997,
        "nauc_precision_at_3_diff1": 0.4770380101194254,
        "nauc_precision_at_3_max": 0.3831439503811069,
        "nauc_precision_at_3_std": -0.001113230284152643,
        "nauc_precision_at_5_diff1": 0.37684710452888404,
        "nauc_precision_at_5_max": 0.40594341627872393,
        "nauc_precision_at_5_std": 0.09239976459284656,
        "nauc_recall_at_1000_diff1": 0.7139702532163656,
        "nauc_recall_at_1000_max": 0.8130188718880471,
        "nauc_recall_at_1000_std": 0.689183922858002,
        "nauc_recall_at_100_diff1": 0.6720970111670235,
        "nauc_recall_at_100_max": 0.721025051922695,
        "nauc_recall_at_100_std": 0.5188741965334915,
        "nauc_recall_at_10_diff1": 0.6721969041254903,
        "nauc_recall_at_10_max": 0.586709224864186,
        "nauc_recall_at_10_std": 0.17128689880545986,
        "nauc_recall_at_1_diff1": 0.7936979886759098,
        "nauc_recall_at_1_max": 0.3065893715306666,
        "nauc_recall_at_1_std": -0.1868185136902408,
        "nauc_recall_at_20_diff1": 0.6660512594550941,
        "nauc_recall_at_20_max": 0.6491286452158896,
        "nauc_recall_at_20_std": 0.3048219837248244,
        "nauc_recall_at_3_diff1": 0.7163424360465278,
        "nauc_recall_at_3_max": 0.42520933064549177,
        "nauc_recall_at_3_std": -0.06494897292165175,
        "nauc_recall_at_5_diff1": 0.7087020232580936,
        "nauc_recall_at_5_max": 0.5005348673553307,
        "nauc_recall_at_5_std": 0.03198748764988441,
        "ndcg_at_1": 0.67966,
        "ndcg_at_10": 0.78344,
        "ndcg_at_100": 0.79898,
        "ndcg_at_1000": 0.80211,
        "ndcg_at_20": 0.79134,
        "ndcg_at_3": 0.74809,
        "ndcg_at_5": 0.76894,
        "precision_at_1": 0.67966,
        "precision_at_10": 0.09463,
        "precision_at_100": 0.01023,
        "precision_at_1000": 0.00105,
        "precision_at_20": 0.049,
        "precision_at_3": 0.28075,
        "precision_at_5": 0.17957,
        "recall_at_1": 0.65801,
        "recall_at_10": 0.89001,
        "recall_at_100": 0.95983,
        "recall_at_1000": 0.98461,
        "recall_at_20": 0.92031,
        "recall_at_3": 0.79705,
        "recall_at_5": 0.84651
      }
    ]
  },
  "task_name": "MMarcoRetrieval"
}