{
  "dataset_revision": "8731a845f1bf500a4f111cf1070785c793d10e64",
  "evaluation_time": 977.4107995033264,
  "kg_co2_emissions": null,
  "mteb_version": "1.14.17",
  "scores": {
    "dev": [
      {
        "hf_subset": "default",
        "languages": [
          "cmn-Hans"
        ],
        "main_score": 0.82195,
        "map_at_1": 0.26314,
        "map_at_10": 0.74102,
        "map_at_100": 0.77911,
        "map_at_1000": 0.77988,
        "map_at_20": 0.76959,
        "map_at_3": 0.52007,
        "map_at_5": 0.63896,
        "mrr_at_1": 0.8794055760126249,
        "mrr_at_10": 0.9086085296237858,
        "mrr_at_100": 0.9097037530591233,
        "mrr_at_1000": 0.9097496295353076,
        "mrr_at_20": 0.9093366449941764,
        "mrr_at_3": 0.9036691215149913,
        "mrr_at_5": 0.9067069963177283,
        "nauc_map_at_1000_diff1": 0.16868124470595058,
        "nauc_map_at_1000_max": 0.425094750533737,
        "nauc_map_at_1000_std": 0.20932230647570765,
        "nauc_map_at_100_diff1": 0.16861184960881578,
        "nauc_map_at_100_max": 0.4240288860582364,
        "nauc_map_at_100_std": 0.2088701553133973,
        "nauc_map_at_10_diff1": 0.2017927920424134,
        "nauc_map_at_10_max": 0.309347884525608,
        "nauc_map_at_10_std": 0.07649823947223176,
        "nauc_map_at_1_diff1": 0.4929205659519851,
        "nauc_map_at_1_max": -0.227655304385247,
        "nauc_map_at_1_std": -0.30122475793691,
        "nauc_map_at_20_diff1": 0.1726748019754268,
        "nauc_map_at_20_max": 0.39966160783156357,
        "nauc_map_at_20_std": 0.17933090657951034,
        "nauc_map_at_3_diff1": 0.3633227363320754,
        "nauc_map_at_3_max": -0.10058081233857774,
        "nauc_map_at_3_std": -0.2565582909786582,
        "nauc_map_at_5_diff1": 0.2981855217948156,
        "nauc_map_at_5_max": 0.05589433105128887,
        "nauc_map_at_5_std": -0.1530535982397124,
        "nauc_mrr_at_1000_diff1": 0.5131669382689035,
        "nauc_mrr_at_1000_max": 0.7289179092430348,
        "nauc_mrr_at_1000_std": 0.3941269937178355,
        "nauc_mrr_at_100_diff1": 0.5131607020732131,
        "nauc_mrr_at_100_max": 0.7289995002032349,
        "nauc_mrr_at_100_std": 0.3943093328107129,
        "nauc_mrr_at_10_diff1": 0.5132348157917414,
        "nauc_mrr_at_10_max": 0.729859429328179,
        "nauc_mrr_at_10_std": 0.3944198541617951,
        "nauc_mrr_at_1_diff1": 0.5155354719674559,
        "nauc_mrr_at_1_max": 0.6912793010840212,
        "nauc_mrr_at_1_std": 0.34485464176396863,
        "nauc_mrr_at_20_diff1": 0.5130883586852119,
        "nauc_mrr_at_20_max": 0.7294590340162956,
        "nauc_mrr_at_20_std": 0.3947992076169946,
        "nauc_mrr_at_3_diff1": 0.5129969669817562,
        "nauc_mrr_at_3_max": 0.7289304804338799,
        "nauc_mrr_at_3_std": 0.39003118830229655,
        "nauc_mrr_at_5_diff1": 0.5135053615033821,
        "nauc_mrr_at_5_max": 0.7306327908966,
        "nauc_mrr_at_5_std": 0.39332313670713015,
        "nauc_ndcg_at_1000_diff1": 0.22314770469787712,
        "nauc_ndcg_at_1000_max": 0.5485684891501542,
        "nauc_ndcg_at_1000_std": 0.3211842876859789,
        "nauc_ndcg_at_100_diff1": 0.21717671287799067,
        "nauc_ndcg_at_100_max": 0.5386635844736474,
        "nauc_ndcg_at_100_std": 0.32249107265000926,
        "nauc_ndcg_at_10_diff1": 0.20992822367771122,
        "nauc_ndcg_at_10_max": 0.4435706819027111,
        "nauc_ndcg_at_10_std": 0.21399009847686817,
        "nauc_ndcg_at_1_diff1": 0.5155354719674559,
        "nauc_ndcg_at_1_max": 0.6912793010840212,
        "nauc_ndcg_at_1_std": 0.34485464176396863,
        "nauc_ndcg_at_20_diff1": 0.21223445238886263,
        "nauc_ndcg_at_20_max": 0.48638880311259003,
        "nauc_ndcg_at_20_std": 0.26486073934412063,
        "nauc_ndcg_at_3_diff1": 0.18851275557220268,
        "nauc_ndcg_at_3_max": 0.5855945995220115,
        "nauc_ndcg_at_3_std": 0.3138090077407468,
        "nauc_ndcg_at_5_diff1": 0.17959810373713095,
        "nauc_ndcg_at_5_max": 0.514825989341652,
        "nauc_ndcg_at_5_std": 0.26732279273451726,
        "nauc_precision_at_1000_diff1": -0.29163938543869616,
        "nauc_precision_at_1000_max": 0.48316850568084524,
        "nauc_precision_at_1000_std": 0.523817586226835,
        "nauc_precision_at_100_diff1": -0.2906164204818424,
        "nauc_precision_at_100_max": 0.498456338664087,
        "nauc_precision_at_100_std": 0.5409493547805989,
        "nauc_precision_at_10_diff1": -0.2798482395906971,
        "nauc_precision_at_10_max": 0.5357496631783955,
        "nauc_precision_at_10_std": 0.5047563300516068,
        "nauc_precision_at_1_diff1": 0.5155354719674559,
        "nauc_precision_at_1_max": 0.6912793010840212,
        "nauc_precision_at_1_std": 0.34485464176396863,
        "nauc_precision_at_20_diff1": -0.2872012124792449,
        "nauc_precision_at_20_max": 0.5202429427686617,
        "nauc_precision_at_20_std": 0.5351073231625629,
        "nauc_precision_at_3_diff1": -0.19299677208943972,
        "nauc_precision_at_3_max": 0.614068177485312,
        "nauc_precision_at_3_std": 0.43437976618397056,
        "nauc_precision_at_5_diff1": -0.2574616650984852,
        "nauc_precision_at_5_max": 0.5742550630128662,
        "nauc_precision_at_5_std": 0.4634997322709354,
        "nauc_recall_at_1000_diff1": 0.11383874156728112,
        "nauc_recall_at_1000_max": 0.6136797317018392,
        "nauc_recall_at_1000_std": 0.6274946654041085,
        "nauc_recall_at_100_diff1": 0.10964314878517102,
        "nauc_recall_at_100_max": 0.48936463750066,
        "nauc_recall_at_100_std": 0.4719740496418516,
        "nauc_recall_at_10_diff1": 0.17889732332706842,
        "nauc_recall_at_10_max": 0.2165053977815227,
        "nauc_recall_at_10_std": 0.03431633478116821,
        "nauc_recall_at_1_diff1": 0.4929205659519851,
        "nauc_recall_at_1_max": -0.227655304385247,
        "nauc_recall_at_1_std": -0.30122475793691,
        "nauc_recall_at_20_diff1": 0.130108106080651,
        "nauc_recall_at_20_max": 0.3580077731189713,
        "nauc_recall_at_20_std": 0.23268882826005868,
        "nauc_recall_at_3_diff1": 0.34204624831039393,
        "nauc_recall_at_3_max": -0.14435089926102543,
        "nauc_recall_at_3_std": -0.2796712585732614,
        "nauc_recall_at_5_diff1": 0.27906766511617875,
        "nauc_recall_at_5_max": -0.024634848671974734,
        "nauc_recall_at_5_std": -0.20135077696111067,
        "ndcg_at_1": 0.87941,
        "ndcg_at_10": 0.82195,
        "ndcg_at_100": 0.86248,
        "ndcg_at_1000": 0.87006,
        "ndcg_at_20": 0.84177,
        "ndcg_at_3": 0.83647,
        "ndcg_at_5": 0.8208,
        "precision_at_1": 0.87941,
        "precision_at_10": 0.4105,
        "precision_at_100": 0.04977,
        "precision_at_1000": 0.00515,
        "precision_at_20": 0.22957,
        "precision_at_3": 0.73327,
        "precision_at_5": 0.61347,
        "recall_at_1": 0.26314,
        "recall_at_10": 0.81328,
        "recall_at_100": 0.94306,
        "recall_at_1000": 0.98218,
        "recall_at_20": 0.87742,
        "recall_at_3": 0.53876,
        "recall_at_5": 0.676
      }
    ]
  },
  "task_name": "T2Retrieval"
}