{
  "dataset_revision": "58c2597a5943a2ba48f4668c3b90d796283c5639",
  "evaluation_time": 36.71042513847351,
  "kg_co2_emissions": null,
  "mteb_version": "1.14.17",
  "scores": {
    "dev": [
      {
        "hf_subset": "default",
        "languages": [
          "cmn-Hans"
        ],
        "main_score": 0.68288,
        "map_at_1": 0.523,
        "map_at_10": 0.63287,
        "map_at_100": 0.63841,
        "map_at_1000": 0.63854,
        "map_at_20": 0.63628,
        "map_at_3": 0.611,
        "map_at_5": 0.6245,
        "mrr_at_1": 0.523,
        "mrr_at_10": 0.6328666666666668,
        "mrr_at_100": 0.6384051451433951,
        "mrr_at_1000": 0.6385385857164393,
        "mrr_at_20": 0.636278452262392,
        "mrr_at_3": 0.611,
        "mrr_at_5": 0.6245,
        "nauc_map_at_1000_diff1": 0.5809649990203576,
        "nauc_map_at_1000_max": 0.1556168956107377,
        "nauc_map_at_1000_std": -0.3467709790348018,
        "nauc_map_at_100_diff1": 0.5809545147702306,
        "nauc_map_at_100_max": 0.15572186657263914,
        "nauc_map_at_100_std": -0.34674229838923276,
        "nauc_map_at_10_diff1": 0.5792883794371944,
        "nauc_map_at_10_max": 0.1520917977432149,
        "nauc_map_at_10_std": -0.3531366362079911,
        "nauc_map_at_1_diff1": 0.6180574980999074,
        "nauc_map_at_1_max": 0.165816343935191,
        "nauc_map_at_1_std": -0.2923195321337392,
        "nauc_map_at_20_diff1": 0.5801880072379489,
        "nauc_map_at_20_max": 0.15493452580340095,
        "nauc_map_at_20_std": -0.34957522580600453,
        "nauc_map_at_3_diff1": 0.5810069028724691,
        "nauc_map_at_3_max": 0.1577997372953879,
        "nauc_map_at_3_std": -0.346692501189748,
        "nauc_map_at_5_diff1": 0.577925739134026,
        "nauc_map_at_5_max": 0.15563854801900287,
        "nauc_map_at_5_std": -0.349598559830879,
        "nauc_mrr_at_1000_diff1": 0.5809649990203576,
        "nauc_mrr_at_1000_max": 0.1556168956107377,
        "nauc_mrr_at_1000_std": -0.3467709790348018,
        "nauc_mrr_at_100_diff1": 0.5809545147702306,
        "nauc_mrr_at_100_max": 0.15572186657263914,
        "nauc_mrr_at_100_std": -0.34674229838923276,
        "nauc_mrr_at_10_diff1": 0.5792883794371944,
        "nauc_mrr_at_10_max": 0.1520917977432149,
        "nauc_mrr_at_10_std": -0.3531366362079911,
        "nauc_mrr_at_1_diff1": 0.6180574980999074,
        "nauc_mrr_at_1_max": 0.165816343935191,
        "nauc_mrr_at_1_std": -0.2923195321337392,
        "nauc_mrr_at_20_diff1": 0.5801880072379489,
        "nauc_mrr_at_20_max": 0.15493452580340095,
        "nauc_mrr_at_20_std": -0.34957522580600453,
        "nauc_mrr_at_3_diff1": 0.5810069028724691,
        "nauc_mrr_at_3_max": 0.1577997372953879,
        "nauc_mrr_at_3_std": -0.346692501189748,
        "nauc_mrr_at_5_diff1": 0.577925739134026,
        "nauc_mrr_at_5_max": 0.15563854801900287,
        "nauc_mrr_at_5_std": -0.349598559830879,
        "nauc_ndcg_at_1000_diff1": 0.5755867294530405,
        "nauc_ndcg_at_1000_max": 0.157703947341843,
        "nauc_ndcg_at_1000_std": -0.3515632943409829,
        "nauc_ndcg_at_100_diff1": 0.5750900559551604,
        "nauc_ndcg_at_100_max": 0.1613948328101671,
        "nauc_ndcg_at_100_std": -0.3494392849295901,
        "nauc_ndcg_at_10_diff1": 0.5653580822526215,
        "nauc_ndcg_at_10_max": 0.14131013003924467,
        "nauc_ndcg_at_10_std": -0.38457188552516597,
        "nauc_ndcg_at_1_diff1": 0.6180574980999074,
        "nauc_ndcg_at_1_max": 0.165816343935191,
        "nauc_ndcg_at_1_std": -0.2923195321337392,
        "nauc_ndcg_at_20_diff1": 0.569027938789065,
        "nauc_ndcg_at_20_max": 0.1542637936404878,
        "nauc_ndcg_at_20_std": -0.36913313231475753,
        "nauc_ndcg_at_3_diff1": 0.5688572989650766,
        "nauc_ndcg_at_3_max": 0.15513842850320056,
        "nauc_ndcg_at_3_std": -0.3667368195423271,
        "nauc_ndcg_at_5_diff1": 0.5622439773095492,
        "nauc_ndcg_at_5_max": 0.15104092225089671,
        "nauc_ndcg_at_5_std": -0.37363862380089813,
        "nauc_precision_at_1000_diff1": 0.59946895424835,
        "nauc_precision_at_1000_max": 0.3662464985994313,
        "nauc_precision_at_1000_std": -0.09623015873016537,
        "nauc_precision_at_100_diff1": 0.5605625583566676,
        "nauc_precision_at_100_max": 0.41083099906628695,
        "nauc_precision_at_100_std": -0.14144491129786158,
        "nauc_precision_at_10_diff1": 0.4936325247843115,
        "nauc_precision_at_10_max": 0.07677069808641988,
        "nauc_precision_at_10_std": -0.5604015240683905,
        "nauc_precision_at_1_diff1": 0.6180574980999074,
        "nauc_precision_at_1_max": 0.165816343935191,
        "nauc_precision_at_1_std": -0.2923195321337392,
        "nauc_precision_at_20_diff1": 0.5004578220986562,
        "nauc_precision_at_20_max": 0.16931926015948856,
        "nauc_precision_at_20_std": -0.48661078462383983,
        "nauc_precision_at_3_diff1": 0.52672115836388,
        "nauc_precision_at_3_max": 0.14589495669641114,
        "nauc_precision_at_3_std": -0.4371902980177164,
        "nauc_precision_at_5_diff1": 0.4971894464982008,
        "nauc_precision_at_5_max": 0.13166556945358632,
        "nauc_precision_at_5_std": -0.47394080573804165,
        "nauc_recall_at_1000_diff1": 0.5994689542483609,
        "nauc_recall_at_1000_max": 0.3662464985994441,
        "nauc_recall_at_1000_std": -0.09623015873015629,
        "nauc_recall_at_100_diff1": 0.5605625583566739,
        "nauc_recall_at_100_max": 0.41083099906629594,
        "nauc_recall_at_100_std": -0.14144491129785441,
        "nauc_recall_at_10_diff1": 0.4936325247843126,
        "nauc_recall_at_10_max": 0.07677069808642088,
        "nauc_recall_at_10_std": -0.560401524068389,
        "nauc_recall_at_1_diff1": 0.6180574980999074,
        "nauc_recall_at_1_max": 0.165816343935191,
        "nauc_recall_at_1_std": -0.2923195321337392,
        "nauc_recall_at_20_diff1": 0.5004578220986562,
        "nauc_recall_at_20_max": 0.16931926015948826,
        "nauc_recall_at_20_std": -0.48661078462383667,
        "nauc_recall_at_3_diff1": 0.5267211583638799,
        "nauc_recall_at_3_max": 0.14589495669641103,
        "nauc_recall_at_3_std": -0.43719029801771714,
        "nauc_recall_at_5_diff1": 0.4971894464982027,
        "nauc_recall_at_5_max": 0.1316655694535877,
        "nauc_recall_at_5_std": -0.4739408057380411,
        "ndcg_at_1": 0.523,
        "ndcg_at_10": 0.68288,
        "ndcg_at_100": 0.70928,
        "ndcg_at_1000": 0.71244,
        "ndcg_at_20": 0.69511,
        "ndcg_at_3": 0.63881,
        "ndcg_at_5": 0.66312,
        "precision_at_1": 0.523,
        "precision_at_10": 0.0838,
        "precision_at_100": 0.0096,
        "precision_at_1000": 0.00098,
        "precision_at_20": 0.0443,
        "precision_at_3": 0.23967,
        "precision_at_5": 0.1556,
        "recall_at_1": 0.523,
        "recall_at_10": 0.838,
        "recall_at_100": 0.96,
        "recall_at_1000": 0.984,
        "recall_at_20": 0.886,
        "recall_at_3": 0.719,
        "recall_at_5": 0.778
      }
    ]
  },
  "task_name": "VideoRetrieval"
}