{
  "dataset_revision": "23d186750531a14a0357ca22cd92d712fd512ea0",
  "evaluation_time": 309.63689160346985,
  "kg_co2_emissions": null,
  "mteb_version": "1.14.18",
  "scores": {
    "test": [
      {
        "hf_subset": "default",
        "languages": [
          "cmn-Hans"
        ],
        "main_score": 0.8922533122234072,
        "map": 0.8922533122234072,
        "mrr": 0.9123472222222222,
        "nAUC_map_diff1": 0.646607665838876,
        "nAUC_map_max": 0.6796275096217759,
        "nAUC_map_std": 0.13071561360349981,
        "nAUC_mrr_diff1": 0.7168777614452876,
        "nAUC_mrr_max": 0.7893851770214813,
        "nAUC_mrr_std": 0.2611347406115244
      }
    ]
  },
  "task_name": "CMedQAv2-reranking"
}