{
  "dataset_revision": "cd540c506dae1cf9e9a59c3e06f42030d54e7301",
  "evaluation_time": 1109.6019642353058,
  "kg_co2_emissions": null,
  "mteb_version": "1.14.18",
  "scores": {
    "dev": [
      {
        "hf_subset": "default",
        "languages": [
          "cmn-Hans"
        ],
        "main_score": 0.46286,
        "map_at_1": 0.2696,
        "map_at_10": 0.39703,
        "map_at_100": 0.41567,
        "map_at_1000": 0.41677,
        "map_at_20": 0.40733,
        "map_at_3": 0.35414,
        "map_at_5": 0.37851,
        "mrr_at_1": 0.40735183795948987,
        "mrr_at_10": 0.48721962236590827,
        "mrr_at_100": 0.4967138866920599,
        "mrr_at_1000": 0.4971255438423753,
        "mrr_at_20": 0.49259269741058975,
        "mrr_at_3": 0.4624072684837868,
        "mrr_at_5": 0.47709844127698575,
        "nauc_map_at_1000_diff1": 0.4810169881067229,
        "nauc_map_at_1000_max": 0.4520587148115938,
        "nauc_map_at_1000_std": -0.12387157583734242,
        "nauc_map_at_100_diff1": 0.48059624690920194,
        "nauc_map_at_100_max": 0.45182716637220244,
        "nauc_map_at_100_std": -0.12390377387006823,
        "nauc_map_at_10_diff1": 0.47973988074111373,
        "nauc_map_at_10_max": 0.4435385518422119,
        "nauc_map_at_10_std": -0.13502467842474788,
        "nauc_map_at_1_diff1": 0.5253439107041297,
        "nauc_map_at_1_max": 0.3433204386684688,
        "nauc_map_at_1_std": -0.14506897042913702,
        "nauc_map_at_20_diff1": 0.47928974453882983,
        "nauc_map_at_20_max": 0.4486096688703499,
        "nauc_map_at_20_std": -0.13018247723914403,
        "nauc_map_at_3_diff1": 0.48658056659409765,
        "nauc_map_at_3_max": 0.41280919791106874,
        "nauc_map_at_3_std": -0.1492846659540842,
        "nauc_map_at_5_diff1": 0.47881026457381737,
        "nauc_map_at_5_max": 0.4297523346967374,
        "nauc_map_at_5_std": -0.14067532294766263,
        "nauc_mrr_at_1000_diff1": 0.5481337436347314,
        "nauc_mrr_at_1000_max": 0.5315388161061481,
        "nauc_mrr_at_1000_std": -0.07929486575015463,
        "nauc_mrr_at_100_diff1": 0.5479184452168394,
        "nauc_mrr_at_100_max": 0.5315062060983927,
        "nauc_mrr_at_100_std": -0.0789800879836875,
        "nauc_mrr_at_10_diff1": 0.5475573174921049,
        "nauc_mrr_at_10_max": 0.5303952192998005,
        "nauc_mrr_at_10_std": -0.08286435135373364,
        "nauc_mrr_at_1_diff1": 0.5963402742000489,
        "nauc_mrr_at_1_max": 0.5443602643261721,
        "nauc_mrr_at_1_std": -0.08717370375493823,
        "nauc_mrr_at_20_diff1": 0.5470598984530217,
        "nauc_mrr_at_20_max": 0.5312447880336764,
        "nauc_mrr_at_20_std": -0.08032973744329595,
        "nauc_mrr_at_3_diff1": 0.5565473992559626,
        "nauc_mrr_at_3_max": 0.5334192681434822,
        "nauc_mrr_at_3_std": -0.08617388089045923,
        "nauc_mrr_at_5_diff1": 0.5501513586446286,
        "nauc_mrr_at_5_max": 0.5318186815009872,
        "nauc_mrr_at_5_std": -0.08340942248760959,
        "nauc_ndcg_at_1000_diff1": 0.4884073491886721,
        "nauc_ndcg_at_1000_max": 0.48346812698908015,
        "nauc_ndcg_at_1000_std": -0.0884202597028802,
        "nauc_ndcg_at_100_diff1": 0.4793496851449068,
        "nauc_ndcg_at_100_max": 0.4818129756044555,
        "nauc_ndcg_at_100_std": -0.07923899571200439,
        "nauc_ndcg_at_10_diff1": 0.4754560746038398,
        "nauc_ndcg_at_10_max": 0.4621709133466896,
        "nauc_ndcg_at_10_std": -0.12063961850099102,
        "nauc_ndcg_at_1_diff1": 0.5963402742000489,
        "nauc_ndcg_at_1_max": 0.5443602643261721,
        "nauc_ndcg_at_1_std": -0.08717370375493823,
        "nauc_ndcg_at_20_diff1": 0.4726426870666247,
        "nauc_ndcg_at_20_max": 0.4701321976478103,
        "nauc_ndcg_at_20_std": -0.10869641491800094,
        "nauc_ndcg_at_3_diff1": 0.49336498640578613,
        "nauc_ndcg_at_3_max": 0.46970117655517346,
        "nauc_ndcg_at_3_std": -0.11600038913996583,
        "nauc_ndcg_at_5_diff1": 0.47804999967516887,
        "nauc_ndcg_at_5_max": 0.4590402711747078,
        "nauc_ndcg_at_5_std": -0.11853302448852195,
        "nauc_precision_at_1000_diff1": 0.02834797115760401,
        "nauc_precision_at_1000_max": 0.2550450526199762,
        "nauc_precision_at_1000_std": 0.20557540946823305,
        "nauc_precision_at_100_diff1": 0.07299247270165812,
        "nauc_precision_at_100_max": 0.3334865006644569,
        "nauc_precision_at_100_std": 0.21436392742766572,
        "nauc_precision_at_10_diff1": 0.2132361202572631,
        "nauc_precision_at_10_max": 0.45804251365016296,
        "nauc_precision_at_10_std": 0.04342975550115773,
        "nauc_precision_at_1_diff1": 0.5963402742000489,
        "nauc_precision_at_1_max": 0.5443602643261721,
        "nauc_precision_at_1_std": -0.08717370375493823,
        "nauc_precision_at_20_diff1": 0.15623187680949277,
        "nauc_precision_at_20_max": 0.4163170915578608,
        "nauc_precision_at_20_std": 0.09128936117869174,
        "nauc_precision_at_3_diff1": 0.33904302887998844,
        "nauc_precision_at_3_max": 0.509246788198037,
        "nauc_precision_at_3_std": -0.03237942049568615,
        "nauc_precision_at_5_diff1": 0.26676421335152317,
        "nauc_precision_at_5_max": 0.4868643463010753,
        "nauc_precision_at_5_std": 0.011555781948838483,
        "nauc_recall_at_1000_diff1": 0.263463481314925,
        "nauc_recall_at_1000_max": 0.544385816752283,
        "nauc_recall_at_1000_std": 0.5404359152239557,
        "nauc_recall_at_100_diff1": 0.26724437932238254,
        "nauc_recall_at_100_max": 0.41584861578910465,
        "nauc_recall_at_100_std": 0.16965786582680156,
        "nauc_recall_at_10_diff1": 0.35586058595335346,
        "nauc_recall_at_10_max": 0.37524894469329684,
        "nauc_recall_at_10_std": -0.12515761258237135,
        "nauc_recall_at_1_diff1": 0.5253439107041297,
        "nauc_recall_at_1_max": 0.3433204386684688,
        "nauc_recall_at_1_std": -0.14506897042913702,
        "nauc_recall_at_20_diff1": 0.3235386357910323,
        "nauc_recall_at_20_max": 0.3832678933393393,
        "nauc_recall_at_20_std": -0.08415573306775713,
        "nauc_recall_at_3_diff1": 0.42002623181648235,
        "nauc_recall_at_3_max": 0.3688343315912724,
        "nauc_recall_at_3_std": -0.15028884150653313,
        "nauc_recall_at_5_diff1": 0.3821161111386115,
        "nauc_recall_at_5_max": 0.3724632616404671,
        "nauc_recall_at_5_std": -0.13545959990167947,
        "ndcg_at_1": 0.40735,
        "ndcg_at_10": 0.46286,
        "ndcg_at_100": 0.53401,
        "ndcg_at_1000": 0.55285,
        "ndcg_at_20": 0.49049,
        "ndcg_at_3": 0.41035,
        "ndcg_at_5": 0.43315,
        "precision_at_1": 0.40735,
        "precision_at_10": 0.10205,
        "precision_at_100": 0.01595,
        "precision_at_1000": 0.00183,
        "precision_at_20": 0.06038,
        "precision_at_3": 0.23131,
        "precision_at_5": 0.16824,
        "recall_at_1": 0.2696,
        "recall_at_10": 0.56663,
        "recall_at_100": 0.85971,
        "recall_at_1000": 0.98524,
        "recall_at_20": 0.65989,
        "recall_at_3": 0.40761,
        "recall_at_5": 0.47761
      }
    ]
  },
  "task_name": "CmedqaRetrieval"
}