{
  "dataset_revision": "8d7f1e942507dac42dc58017c1a001c3717da7df",
  "evaluation_time": 280.15207052230835,
  "kg_co2_emissions": null,
  "mteb_version": "1.14.18",
  "scores": {
    "test": [
      {
        "hf_subset": "default",
        "languages": [
          "cmn-Hans"
        ],
        "main_score": 0.8970376777044649,
        "map": 0.8970376777044649,
        "mrr": 0.9156658730158731,
        "nAUC_map_diff1": 0.5879536558079744,
        "nAUC_map_max": 0.570184619009735,
        "nAUC_map_std": 0.15487198814521314,
        "nAUC_mrr_diff1": 0.6348803018823654,
        "nAUC_mrr_max": 0.674043849398924,
        "nAUC_mrr_std": 0.27551271379054587
      }
    ]
  },
  "task_name": "CMedQAv1-reranking"
}