{
  "dataset_revision": "1271c7809071a13532e05f25fb53511ffce77117",
  "evaluation_time": 1155.8309817314148,
  "kg_co2_emissions": null,
  "mteb_version": "1.14.18",
  "scores": {
    "dev": [
      {
        "hf_subset": "default",
        "languages": [
          "cmn-Hans"
        ],
        "main_score": 0.86909,
        "map_at_1": 0.75764,
        "map_at_10": 0.83729,
        "map_at_100": 0.83874,
        "map_at_1000": 0.83877,
        "map_at_20": 0.83836,
        "map_at_3": 0.8249,
        "map_at_5": 0.83386,
        "mrr_at_1": 0.761854583772392,
        "mrr_at_10": 0.8376540886814863,
        "mrr_at_100": 0.8390980429544874,
        "mrr_at_1000": 0.8391319054614782,
        "mrr_at_20": 0.8387193520096577,
        "mrr_at_3": 0.8250790305584829,
        "mrr_at_5": 0.8346680716543734,
        "nauc_map_at_1000_diff1": 0.8227530873217606,
        "nauc_map_at_1000_max": 0.43663607693313017,
        "nauc_map_at_1000_std": -0.45730310746927916,
        "nauc_map_at_100_diff1": 0.8227267817507284,
        "nauc_map_at_100_max": 0.436731835344608,
        "nauc_map_at_100_std": -0.4570815413500949,
        "nauc_map_at_10_diff1": 0.8222483137793104,
        "nauc_map_at_10_max": 0.4366082621066337,
        "nauc_map_at_10_std": -0.46022029231943606,
        "nauc_map_at_1_diff1": 0.8457540129555613,
        "nauc_map_at_1_max": 0.41311993537172725,
        "nauc_map_at_1_std": -0.445480995088496,
        "nauc_map_at_20_diff1": 0.8223906675365226,
        "nauc_map_at_20_max": 0.4373672709384543,
        "nauc_map_at_20_std": -0.4564395623250427,
        "nauc_map_at_3_diff1": 0.818911300205256,
        "nauc_map_at_3_max": 0.42463502853569035,
        "nauc_map_at_3_std": -0.4876895684360879,
        "nauc_map_at_5_diff1": 0.8214671693387298,
        "nauc_map_at_5_max": 0.4364518353974274,
        "nauc_map_at_5_std": -0.46772155341975336,
        "nauc_mrr_at_1000_diff1": 0.8218025803540789,
        "nauc_mrr_at_1000_max": 0.43782712317924505,
        "nauc_mrr_at_1000_std": -0.44945448022850226,
        "nauc_mrr_at_100_diff1": 0.8217764512806258,
        "nauc_mrr_at_100_max": 0.43792275709366113,
        "nauc_mrr_at_100_std": -0.44923436480311507,
        "nauc_mrr_at_10_diff1": 0.8213181291415831,
        "nauc_mrr_at_10_max": 0.4378118920777425,
        "nauc_mrr_at_10_std": -0.45241382536278374,
        "nauc_mrr_at_1_diff1": 0.8390696457099878,
        "nauc_mrr_at_1_max": 0.42185510539416404,
        "nauc_mrr_at_1_std": -0.42913024490247315,
        "nauc_mrr_at_20_diff1": 0.8214435942581916,
        "nauc_mrr_at_20_max": 0.4385570245103827,
        "nauc_mrr_at_20_std": -0.4486211476731945,
        "nauc_mrr_at_3_diff1": 0.8181257127537067,
        "nauc_mrr_at_3_max": 0.4284748259632383,
        "nauc_mrr_at_3_std": -0.4756073054517805,
        "nauc_mrr_at_5_diff1": 0.8200742340770679,
        "nauc_mrr_at_5_max": 0.4406135451198632,
        "nauc_mrr_at_5_std": -0.45627421850275324,
        "nauc_ndcg_at_1000_diff1": 0.8201241941439119,
        "nauc_ndcg_at_1000_max": 0.4425373068976573,
        "nauc_ndcg_at_1000_std": -0.45011420575240574,
        "nauc_ndcg_at_100_diff1": 0.819567503913536,
        "nauc_ndcg_at_100_max": 0.44566222799164495,
        "nauc_ndcg_at_100_std": -0.4427031179102062,
        "nauc_ndcg_at_10_diff1": 0.816822320992959,
        "nauc_ndcg_at_10_max": 0.447586046101765,
        "nauc_ndcg_at_10_std": -0.44982405709792134,
        "nauc_ndcg_at_1_diff1": 0.8409984255064193,
        "nauc_ndcg_at_1_max": 0.4201666030221904,
        "nauc_ndcg_at_1_std": -0.4390544693512517,
        "nauc_ndcg_at_20_diff1": 0.8172476471022675,
        "nauc_ndcg_at_20_max": 0.4522952200258222,
        "nauc_ndcg_at_20_std": -0.4324841498166741,
        "nauc_ndcg_at_3_diff1": 0.8089840251658116,
        "nauc_ndcg_at_3_max": 0.4248688125341941,
        "nauc_ndcg_at_3_std": -0.5089310687649816,
        "nauc_ndcg_at_5_diff1": 0.8136685356489042,
        "nauc_ndcg_at_5_max": 0.44937600284306006,
        "nauc_ndcg_at_5_std": -0.4702529219827186,
        "nauc_precision_at_1000_diff1": -0.552800660673013,
        "nauc_precision_at_1000_max": 0.13922627576323202,
        "nauc_precision_at_1000_std": 0.6621461363925453,
        "nauc_precision_at_100_diff1": -0.21832683912095813,
        "nauc_precision_at_100_max": 0.32986600398989346,
        "nauc_precision_at_100_std": 0.6454564846213647,
        "nauc_precision_at_10_diff1": 0.2984165610225474,
        "nauc_precision_at_10_max": 0.43164789796405306,
        "nauc_precision_at_10_std": 0.06459657086101926,
        "nauc_precision_at_1_diff1": 0.8409984255064193,
        "nauc_precision_at_1_max": 0.4201666030221904,
        "nauc_precision_at_1_std": -0.4390544693512517,
        "nauc_precision_at_20_diff1": 0.11790661900638072,
        "nauc_precision_at_20_max": 0.48836235067463074,
        "nauc_precision_at_20_std": 0.45670636978889323,
        "nauc_precision_at_3_diff1": 0.610198232459451,
        "nauc_precision_at_3_max": 0.38560662283007724,
        "nauc_precision_at_3_std": -0.47581337048725786,
        "nauc_precision_at_5_diff1": 0.4931775933841162,
        "nauc_precision_at_5_max": 0.46385293608769423,
        "nauc_precision_at_5_std": -0.26015461268561113,
        "nauc_recall_at_1000_diff1": NaN,
        "nauc_recall_at_1000_max": NaN,
        "nauc_recall_at_1000_std": NaN,
        "nauc_recall_at_100_diff1": 0.7505446066420485,
        "nauc_recall_at_100_max": 0.8820927470268821,
        "nauc_recall_at_100_std": 0.5971115141067957,
        "nauc_recall_at_10_diff1": 0.7607397723815933,
        "nauc_recall_at_10_max": 0.590471403881147,
        "nauc_recall_at_10_std": -0.25995164907801094,
        "nauc_recall_at_1_diff1": 0.8457540129555613,
        "nauc_recall_at_1_max": 0.41311993537172725,
        "nauc_recall_at_1_std": -0.445480995088496,
        "nauc_recall_at_20_diff1": 0.7314350516554521,
        "nauc_recall_at_20_max": 0.8077340278748875,
        "nauc_recall_at_20_std": 0.26878066534689,
        "nauc_recall_at_3_diff1": 0.7629866516720014,
        "nauc_recall_at_3_max": 0.42025876595112266,
        "nauc_recall_at_3_std": -0.6147963560941634,
        "nauc_recall_at_5_diff1": 0.7583746485710582,
        "nauc_recall_at_5_max": 0.5474919969094101,
        "nauc_recall_at_5_std": -0.4833685026466717,
        "ndcg_at_1": 0.7608,
        "ndcg_at_10": 0.86909,
        "ndcg_at_100": 0.87529,
        "ndcg_at_1000": 0.87612,
        "ndcg_at_20": 0.8727,
        "ndcg_at_3": 0.84471,
        "ndcg_at_5": 0.86106,
        "precision_at_1": 0.7608,
        "precision_at_10": 0.09768,
        "precision_at_100": 0.01004,
        "precision_at_1000": 0.00101,
        "precision_at_20": 0.04953,
        "precision_at_3": 0.30313,
        "precision_at_5": 0.19009,
        "recall_at_1": 0.75764,
        "recall_at_10": 0.96628,
        "recall_at_100": 0.99368,
        "recall_at_1000": 1.0,
        "recall_at_20": 0.97998,
        "recall_at_3": 0.90121,
        "recall_at_5": 0.94152
      }
    ]
  },
  "task_name": "CovidRetrieval"
}