{
  "dataset_revision": "a1a333e290fe30b10f3f56498e3a0d911a693ced",
  "evaluation_time": 1158.0787236690521,
  "kg_co2_emissions": null,
  "mteb_version": "1.14.18",
  "scores": {
    "dev": [
      {
        "hf_subset": "default",
        "languages": [
          "cmn-Hans"
        ],
        "main_score": 0.88723,
        "map_at_1": 0.27109,
        "map_at_10": 0.8191,
        "map_at_100": 0.84592,
        "map_at_1000": 0.84626,
        "map_at_20": 0.8398,
        "map_at_3": 0.57166,
        "map_at_5": 0.71983,
        "mrr_at_1": 0.925,
        "mrr_at_10": 0.9447289682539682,
        "mrr_at_100": 0.9452918049489565,
        "mrr_at_1000": 0.9453193614273637,
        "mrr_at_20": 0.9450444938102831,
        "mrr_at_3": 0.9417499999999999,
        "mrr_at_5": 0.9435749999999999,
        "nauc_map_at_1000_diff1": -0.012316098767451426,
        "nauc_map_at_1000_max": 0.48013875540745177,
        "nauc_map_at_1000_std": 0.2604359933444709,
        "nauc_map_at_100_diff1": -0.012235464366653452,
        "nauc_map_at_100_max": 0.4804625799042542,
        "nauc_map_at_100_std": 0.26057289955554686,
        "nauc_map_at_10_diff1": 0.037297420061911224,
        "nauc_map_at_10_max": 0.4320847256382066,
        "nauc_map_at_10_std": 0.12405214604306582,
        "nauc_map_at_1_diff1": 0.453995208118658,
        "nauc_map_at_1_max": -0.12291868233707202,
        "nauc_map_at_1_std": -0.31509119879156244,
        "nauc_map_at_20_diff1": -0.004586656299117508,
        "nauc_map_at_20_max": 0.47420360972671977,
        "nauc_map_at_20_std": 0.23022527120062827,
        "nauc_map_at_3_diff1": 0.27380392355318844,
        "nauc_map_at_3_max": 0.05163271357044358,
        "nauc_map_at_3_std": -0.2374341076547876,
        "nauc_map_at_5_diff1": 0.16244745976463001,
        "nauc_map_at_5_max": 0.22779916911328157,
        "nauc_map_at_5_std": -0.10694538269257162,
        "nauc_mrr_at_1000_diff1": 0.32105352257248587,
        "nauc_mrr_at_1000_max": 0.8057211142865862,
        "nauc_mrr_at_1000_std": 0.5352103234505428,
        "nauc_mrr_at_100_diff1": 0.32091203131375845,
        "nauc_mrr_at_100_max": 0.8058059123084346,
        "nauc_mrr_at_100_std": 0.5354233395204961,
        "nauc_mrr_at_10_diff1": 0.3213354642010679,
        "nauc_mrr_at_10_max": 0.8069464557958554,
        "nauc_mrr_at_10_std": 0.5366233046016181,
        "nauc_mrr_at_1_diff1": 0.3287363834422653,
        "nauc_mrr_at_1_max": 0.7547152194211024,
        "nauc_mrr_at_1_std": 0.4760192966075323,
        "nauc_mrr_at_20_diff1": 0.3212479706836473,
        "nauc_mrr_at_20_max": 0.8062442633945011,
        "nauc_mrr_at_20_std": 0.5355406659312192,
        "nauc_mrr_at_3_diff1": 0.323515386125838,
        "nauc_mrr_at_3_max": 0.8118934746049107,
        "nauc_mrr_at_3_std": 0.5358869346498707,
        "nauc_mrr_at_5_diff1": 0.32521645491751117,
        "nauc_mrr_at_5_max": 0.8085759681709506,
        "nauc_mrr_at_5_std": 0.5347330385903184,
        "nauc_ndcg_at_1000_diff1": 0.024096384260669613,
        "nauc_ndcg_at_1000_max": 0.582786732504452,
        "nauc_ndcg_at_1000_std": 0.38737486308788405,
        "nauc_ndcg_at_100_diff1": 0.018218292985215625,
        "nauc_ndcg_at_100_max": 0.5833920181287956,
        "nauc_ndcg_at_100_std": 0.39410251287354564,
        "nauc_ndcg_at_10_diff1": 0.026341771463603027,
        "nauc_ndcg_at_10_max": 0.5229486345070704,
        "nauc_ndcg_at_10_std": 0.2987950503070566,
        "nauc_ndcg_at_1_diff1": 0.3287363834422653,
        "nauc_ndcg_at_1_max": 0.7547152194211024,
        "nauc_ndcg_at_1_std": 0.4760192966075323,
        "nauc_ndcg_at_20_diff1": 0.016523835661576884,
        "nauc_ndcg_at_20_max": 0.5656513411462419,
        "nauc_ndcg_at_20_std": 0.3506370296335066,
        "nauc_ndcg_at_3_diff1": -0.03131138460965854,
        "nauc_ndcg_at_3_max": 0.5280015028259334,
        "nauc_ndcg_at_3_std": 0.3439574747707584,
        "nauc_ndcg_at_5_diff1": 0.030353366137850953,
        "nauc_ndcg_at_5_max": 0.476228589604816,
        "nauc_ndcg_at_5_std": 0.25451243011911484,
        "nauc_precision_at_1000_diff1": -0.32218642688512583,
        "nauc_precision_at_1000_max": 0.1783460823283621,
        "nauc_precision_at_1000_std": 0.4910479331142653,
        "nauc_precision_at_100_diff1": -0.32999031196094053,
        "nauc_precision_at_100_max": 0.19614044795751323,
        "nauc_precision_at_100_std": 0.5099249412211756,
        "nauc_precision_at_10_diff1": -0.35177145169362917,
        "nauc_precision_at_10_max": 0.3070745449110546,
        "nauc_precision_at_10_std": 0.49166092278772755,
        "nauc_precision_at_1_diff1": 0.3287363834422653,
        "nauc_precision_at_1_max": 0.7547152194211024,
        "nauc_precision_at_1_std": 0.4760192966075323,
        "nauc_precision_at_20_diff1": -0.3418960138758913,
        "nauc_precision_at_20_max": 0.24528972704021132,
        "nauc_precision_at_20_std": 0.513610581160639,
        "nauc_precision_at_3_diff1": -0.3720504333772428,
        "nauc_precision_at_3_max": 0.49449815690138055,
        "nauc_precision_at_3_std": 0.47164107729944543,
        "nauc_precision_at_5_diff1": -0.3712413222726246,
        "nauc_precision_at_5_max": 0.4078114165893923,
        "nauc_precision_at_5_std": 0.4695830513855123,
        "nauc_recall_at_1000_diff1": 0.0912769860671638,
        "nauc_recall_at_1000_max": 0.842890993869611,
        "nauc_recall_at_1000_std": 0.7717495899377025,
        "nauc_recall_at_100_diff1": -0.0925624099898986,
        "nauc_recall_at_100_max": 0.6673188012068418,
        "nauc_recall_at_100_std": 0.6626650516181449,
        "nauc_recall_at_10_diff1": 0.05002103556541604,
        "nauc_recall_at_10_max": 0.4006255774419079,
        "nauc_recall_at_10_std": 0.08301068400218886,
        "nauc_recall_at_1_diff1": 0.453995208118658,
        "nauc_recall_at_1_max": -0.12291868233707202,
        "nauc_recall_at_1_std": -0.31509119879156244,
        "nauc_recall_at_20_diff1": -0.04576417408732506,
        "nauc_recall_at_20_max": 0.5351453397047395,
        "nauc_recall_at_20_std": 0.3506197711550482,
        "nauc_recall_at_3_diff1": 0.27602977853991073,
        "nauc_recall_at_3_max": 0.014502696297501422,
        "nauc_recall_at_3_std": -0.2643525908443161,
        "nauc_recall_at_5_diff1": 0.1856516950283676,
        "nauc_recall_at_5_max": 0.1551098223545396,
        "nauc_recall_at_5_std": -0.17217036743719116,
        "ndcg_at_1": 0.925,
        "ndcg_at_10": 0.88723,
        "ndcg_at_100": 0.91169,
        "ndcg_at_1000": 0.91492,
        "ndcg_at_20": 0.90056,
        "ndcg_at_3": 0.87955,
        "ndcg_at_5": 0.8675,
        "precision_at_1": 0.925,
        "precision_at_10": 0.42225,
        "precision_at_100": 0.04809,
        "precision_at_1000": 0.00489,
        "precision_at_20": 0.22883,
        "precision_at_3": 0.7875,
        "precision_at_5": 0.6633,
        "recall_at_1": 0.27109,
        "recall_at_10": 0.89341,
        "recall_at_100": 0.97565,
        "recall_at_1000": 0.99219,
        "recall_at_20": 0.93887,
        "recall_at_3": 0.58716,
        "recall_at_5": 0.75722
      }
    ]
  },
  "task_name": "DuRetrieval"
}