{
  "dataset_revision": "687de13dc7294d6fd9be10c6945f9e8fec8166b9",
  "evaluation_time": 145.86499309539795,
  "kg_co2_emissions": null,
  "mteb_version": "1.14.18",
  "scores": {
    "dev": [
      {
        "hf_subset": "default",
        "languages": [
          "cmn-Hans"
        ],
        "main_score": 0.68767,
        "map_at_1": 0.531,
        "map_at_10": 0.63453,
        "map_at_100": 0.63968,
        "map_at_1000": 0.63979,
        "map_at_20": 0.63817,
        "map_at_3": 0.608,
        "map_at_5": 0.62265,
        "mrr_at_1": 0.531,
        "mrr_at_10": 0.6345285714285717,
        "mrr_at_100": 0.6396811822179126,
        "mrr_at_1000": 0.6397857459222209,
        "mrr_at_20": 0.6381725078413164,
        "mrr_at_3": 0.6080000000000003,
        "mrr_at_5": 0.6226500000000004,
        "nauc_map_at_1000_diff1": 0.6493220025025298,
        "nauc_map_at_1000_max": 0.3196610313823349,
        "nauc_map_at_1000_std": -0.12633840699282625,
        "nauc_map_at_100_diff1": 0.6492401396492105,
        "nauc_map_at_100_max": 0.31976988412896823,
        "nauc_map_at_100_std": -0.12622135483119973,
        "nauc_map_at_10_diff1": 0.6493667508433978,
        "nauc_map_at_10_max": 0.32074284587371094,
        "nauc_map_at_10_std": -0.12758780039249615,
        "nauc_map_at_1_diff1": 0.6855156641526419,
        "nauc_map_at_1_max": 0.28543612903403354,
        "nauc_map_at_1_std": -0.14934025756718894,
        "nauc_map_at_20_diff1": 0.6491149526584356,
        "nauc_map_at_20_max": 0.31961213420374246,
        "nauc_map_at_20_std": -0.12712509949807352,
        "nauc_map_at_3_diff1": 0.6443802419094025,
        "nauc_map_at_3_max": 0.30472170973130397,
        "nauc_map_at_3_std": -0.1462637102015296,
        "nauc_map_at_5_diff1": 0.6473214909048288,
        "nauc_map_at_5_max": 0.3198482817670226,
        "nauc_map_at_5_std": -0.1298053067605146,
        "nauc_mrr_at_1000_diff1": 0.6493220025025298,
        "nauc_mrr_at_1000_max": 0.3196610313823349,
        "nauc_mrr_at_1000_std": -0.12633840699282625,
        "nauc_mrr_at_100_diff1": 0.6492401396492105,
        "nauc_mrr_at_100_max": 0.31976988412896823,
        "nauc_mrr_at_100_std": -0.12622135483119973,
        "nauc_mrr_at_10_diff1": 0.6493667508433978,
        "nauc_mrr_at_10_max": 0.32074284587371094,
        "nauc_mrr_at_10_std": -0.12758780039249615,
        "nauc_mrr_at_1_diff1": 0.6855156641526419,
        "nauc_mrr_at_1_max": 0.28543612903403354,
        "nauc_mrr_at_1_std": -0.14934025756718894,
        "nauc_mrr_at_20_diff1": 0.6491149526584356,
        "nauc_mrr_at_20_max": 0.31961213420374246,
        "nauc_mrr_at_20_std": -0.12712509949807352,
        "nauc_mrr_at_3_diff1": 0.6443802419094025,
        "nauc_mrr_at_3_max": 0.30472170973130397,
        "nauc_mrr_at_3_std": -0.1462637102015296,
        "nauc_mrr_at_5_diff1": 0.6473214909048288,
        "nauc_mrr_at_5_max": 0.3198482817670226,
        "nauc_mrr_at_5_std": -0.1298053067605146,
        "nauc_ndcg_at_1000_diff1": 0.6419497038994588,
        "nauc_ndcg_at_1000_max": 0.33606645655022616,
        "nauc_ndcg_at_1000_std": -0.10413061649942619,
        "nauc_ndcg_at_100_diff1": 0.6388751174699314,
        "nauc_ndcg_at_100_max": 0.33984579365921447,
        "nauc_ndcg_at_100_std": -0.09857404723763746,
        "nauc_ndcg_at_10_diff1": 0.6399176454600797,
        "nauc_ndcg_at_10_max": 0.34364864607318246,
        "nauc_ndcg_at_10_std": -0.10596423362412237,
        "nauc_ndcg_at_1_diff1": 0.6855156641526419,
        "nauc_ndcg_at_1_max": 0.28543612903403354,
        "nauc_ndcg_at_1_std": -0.14934025756718894,
        "nauc_ndcg_at_20_diff1": 0.6385014999186502,
        "nauc_ndcg_at_20_max": 0.3398724687552098,
        "nauc_ndcg_at_20_std": -0.10381466396178089,
        "nauc_ndcg_at_3_diff1": 0.6310085427783272,
        "nauc_ndcg_at_3_max": 0.30940503069156966,
        "nauc_ndcg_at_3_std": -0.1471460316330667,
        "nauc_ndcg_at_5_diff1": 0.6351671551815323,
        "nauc_ndcg_at_5_max": 0.33979258247473926,
        "nauc_ndcg_at_5_std": -0.11424384814527769,
        "nauc_precision_at_1000_diff1": 0.4963985594237701,
        "nauc_precision_at_1000_max": 0.9813258636788065,
        "nauc_precision_at_1000_std": 0.9813258636788065,
        "nauc_precision_at_100_diff1": 0.43661850705193805,
        "nauc_precision_at_100_max": 0.7611676249447122,
        "nauc_precision_at_100_std": 0.5903607056857775,
        "nauc_precision_at_10_diff1": 0.5900218824292195,
        "nauc_precision_at_10_max": 0.48965312297384783,
        "nauc_precision_at_10_std": 0.03955721850010675,
        "nauc_precision_at_1_diff1": 0.6855156641526419,
        "nauc_precision_at_1_max": 0.28543612903403354,
        "nauc_precision_at_1_std": -0.14934025756718894,
        "nauc_precision_at_20_diff1": 0.5520466251016535,
        "nauc_precision_at_20_max": 0.5224892824513309,
        "nauc_precision_at_20_std": 0.12772707649367757,
        "nauc_precision_at_3_diff1": 0.5860156090593762,
        "nauc_precision_at_3_max": 0.32452014166205134,
        "nauc_precision_at_3_std": -0.1508784650362895,
        "nauc_precision_at_5_diff1": 0.5873941996514805,
        "nauc_precision_at_5_max": 0.42563524663039237,
        "nauc_precision_at_5_std": -0.04503849710160494,
        "nauc_recall_at_1000_diff1": 0.49639855942377126,
        "nauc_recall_at_1000_max": 0.9813258636788038,
        "nauc_recall_at_1000_std": 0.9813258636788038,
        "nauc_recall_at_100_diff1": 0.4366185070519477,
        "nauc_recall_at_100_max": 0.7611676249447159,
        "nauc_recall_at_100_std": 0.5903607056857809,
        "nauc_recall_at_10_diff1": 0.5900218824292193,
        "nauc_recall_at_10_max": 0.4896531229738488,
        "nauc_recall_at_10_std": 0.03955721850010762,
        "nauc_recall_at_1_diff1": 0.6855156641526419,
        "nauc_recall_at_1_max": 0.28543612903403354,
        "nauc_recall_at_1_std": -0.14934025756718894,
        "nauc_recall_at_20_diff1": 0.5520466251016546,
        "nauc_recall_at_20_max": 0.5224892824513324,
        "nauc_recall_at_20_std": 0.1277270764936791,
        "nauc_recall_at_3_diff1": 0.5860156090593757,
        "nauc_recall_at_3_max": 0.32452014166205184,
        "nauc_recall_at_3_std": -0.15087846503629002,
        "nauc_recall_at_5_diff1": 0.5873941996514813,
        "nauc_recall_at_5_max": 0.4256352466303919,
        "nauc_recall_at_5_std": -0.04503849710160367,
        "ndcg_at_1": 0.531,
        "ndcg_at_10": 0.68767,
        "ndcg_at_100": 0.71106,
        "ndcg_at_1000": 0.71403,
        "ndcg_at_20": 0.70069,
        "ndcg_at_3": 0.63269,
        "ndcg_at_5": 0.65907,
        "precision_at_1": 0.531,
        "precision_at_10": 0.0856,
        "precision_at_100": 0.00962,
        "precision_at_1000": 0.00099,
        "precision_at_20": 0.04535,
        "precision_at_3": 0.23467,
        "precision_at_5": 0.1536,
        "recall_at_1": 0.531,
        "recall_at_10": 0.856,
        "recall_at_100": 0.962,
        "recall_at_1000": 0.986,
        "recall_at_20": 0.907,
        "recall_at_3": 0.704,
        "recall_at_5": 0.768
      }
    ]
  },
  "task_name": "EcomRetrieval"
}