{
  "dataset_revision": "2039188fb5800a9803ba5048df7b76e6fb151fc6",
  "evaluation_time": 505.7476227283478,
  "kg_co2_emissions": null,
  "mteb_version": "1.14.18",
  "scores": {
    "dev": [
      {
        "hf_subset": "default",
        "languages": [
          "cmn-Hans"
        ],
        "main_score": 0.6585,
        "map_at_1": 0.561,
        "map_at_10": 0.62616,
        "map_at_100": 0.63193,
        "map_at_1000": 0.63229,
        "map_at_20": 0.62973,
        "map_at_3": 0.61133,
        "map_at_5": 0.61843,
        "mrr_at_1": 0.562,
        "mrr_at_10": 0.6266396825396828,
        "mrr_at_100": 0.6324037470523528,
        "mrr_at_1000": 0.6327701137813706,
        "mrr_at_20": 0.6302048013218294,
        "mrr_at_3": 0.6118333333333335,
        "mrr_at_5": 0.6189333333333337,
        "nauc_map_at_1000_diff1": 0.7543176707302797,
        "nauc_map_at_1000_max": 0.5509526136620635,
        "nauc_map_at_1000_std": 0.07820932569647375,
        "nauc_map_at_100_diff1": 0.7541446544777071,
        "nauc_map_at_100_max": 0.550804900608459,
        "nauc_map_at_100_std": 0.07826385946437811,
        "nauc_map_at_10_diff1": 0.7529960770881151,
        "nauc_map_at_10_max": 0.5509393481269322,
        "nauc_map_at_10_std": 0.0783382573384323,
        "nauc_map_at_1_diff1": 0.7898234081223451,
        "nauc_map_at_1_max": 0.5653554787249916,
        "nauc_map_at_1_std": 0.04918340289294062,
        "nauc_map_at_20_diff1": 0.7538044807187732,
        "nauc_map_at_20_max": 0.5508861104711051,
        "nauc_map_at_20_std": 0.07852218997641941,
        "nauc_map_at_3_diff1": 0.7590083067889545,
        "nauc_map_at_3_max": 0.5568722680416585,
        "nauc_map_at_3_std": 0.06959976938080369,
        "nauc_map_at_5_diff1": 0.7559823259895713,
        "nauc_map_at_5_max": 0.5530540689399535,
        "nauc_map_at_5_std": 0.07031039850023343,
        "nauc_mrr_at_1000_diff1": 0.7530587990415334,
        "nauc_mrr_at_1000_max": 0.5508047895696088,
        "nauc_mrr_at_1000_std": 0.08021944766385929,
        "nauc_mrr_at_100_diff1": 0.7528872740622892,
        "nauc_mrr_at_100_max": 0.5506571753145506,
        "nauc_mrr_at_100_std": 0.0802714560868493,
        "nauc_mrr_at_10_diff1": 0.7517576597263995,
        "nauc_mrr_at_10_max": 0.5507939986888186,
        "nauc_mrr_at_10_std": 0.08031461027340231,
        "nauc_mrr_at_1_diff1": 0.7876380262495268,
        "nauc_mrr_at_1_max": 0.5651159548528618,
        "nauc_mrr_at_1_std": 0.052582986459841795,
        "nauc_mrr_at_20_diff1": 0.7525551726649686,
        "nauc_mrr_at_20_max": 0.5507394007315298,
        "nauc_mrr_at_20_std": 0.08051674000969922,
        "nauc_mrr_at_3_diff1": 0.7578116949054153,
        "nauc_mrr_at_3_max": 0.5567381118654914,
        "nauc_mrr_at_3_std": 0.07144502834955796,
        "nauc_mrr_at_5_diff1": 0.7547678271852083,
        "nauc_mrr_at_5_max": 0.5529158328972716,
        "nauc_mrr_at_5_std": 0.07218088158829802,
        "nauc_ndcg_at_1000_diff1": 0.7443037405635397,
        "nauc_ndcg_at_1000_max": 0.5444521867001961,
        "nauc_ndcg_at_1000_std": 0.09217270303399111,
        "nauc_ndcg_at_100_diff1": 0.7393104162224207,
        "nauc_ndcg_at_100_max": 0.5400293971977846,
        "nauc_ndcg_at_100_std": 0.09799536612169121,
        "nauc_ndcg_at_10_diff1": 0.7335602350020811,
        "nauc_ndcg_at_10_max": 0.5405427671885478,
        "nauc_ndcg_at_10_std": 0.09759269526284337,
        "nauc_ndcg_at_1_diff1": 0.7898234081223451,
        "nauc_ndcg_at_1_max": 0.5653554787249916,
        "nauc_ndcg_at_1_std": 0.04918340289294062,
        "nauc_ndcg_at_20_diff1": 0.7361174269636951,
        "nauc_ndcg_at_20_max": 0.5403026403944429,
        "nauc_ndcg_at_20_std": 0.09915429973972427,
        "nauc_ndcg_at_3_diff1": 0.7484247265406158,
        "nauc_ndcg_at_3_max": 0.5528021226317502,
        "nauc_ndcg_at_3_std": 0.07545346906084557,
        "nauc_ndcg_at_5_diff1": 0.7423536590514819,
        "nauc_ndcg_at_5_max": 0.5455584013719342,
        "nauc_ndcg_at_5_std": 0.07690098251567022,
        "nauc_precision_at_1000_diff1": 0.6563025210083994,
        "nauc_precision_at_1000_max": 0.47354497354496256,
        "nauc_precision_at_1000_std": 0.40989729225023147,
        "nauc_precision_at_100_diff1": 0.6244532900879639,
        "nauc_precision_at_100_max": 0.4392893999705132,
        "nauc_precision_at_100_std": 0.2908791586810166,
        "nauc_precision_at_10_diff1": 0.6502464551052342,
        "nauc_precision_at_10_max": 0.4959032671851155,
        "nauc_precision_at_10_std": 0.18422383462873188,
        "nauc_precision_at_1_diff1": 0.7898234081223451,
        "nauc_precision_at_1_max": 0.5653554787249916,
        "nauc_precision_at_1_std": 0.04918340289294062,
        "nauc_precision_at_20_diff1": 0.6470172304715113,
        "nauc_precision_at_20_max": 0.4855872236133483,
        "nauc_precision_at_20_std": 0.2133553432537457,
        "nauc_precision_at_3_diff1": 0.7146562508498554,
        "nauc_precision_at_3_max": 0.5394145522286588,
        "nauc_precision_at_3_std": 0.0937287536373778,
        "nauc_precision_at_5_diff1": 0.6953469740707295,
        "nauc_precision_at_5_max": 0.5186762320172796,
        "nauc_precision_at_5_std": 0.09887203224944915,
        "nauc_recall_at_1000_diff1": 0.6563025210084018,
        "nauc_recall_at_1000_max": 0.473544973544972,
        "nauc_recall_at_1000_std": 0.40989729225024674,
        "nauc_recall_at_100_diff1": 0.6244532900879651,
        "nauc_recall_at_100_max": 0.4392893999705154,
        "nauc_recall_at_100_std": 0.2908791586810171,
        "nauc_recall_at_10_diff1": 0.650246455105234,
        "nauc_recall_at_10_max": 0.4959032671851152,
        "nauc_recall_at_10_std": 0.18422383462873285,
        "nauc_recall_at_1_diff1": 0.7898234081223451,
        "nauc_recall_at_1_max": 0.5653554787249916,
        "nauc_recall_at_1_std": 0.04918340289294062,
        "nauc_recall_at_20_diff1": 0.6470172304715117,
        "nauc_recall_at_20_max": 0.4855872236133483,
        "nauc_recall_at_20_std": 0.21335534325374664,
        "nauc_recall_at_3_diff1": 0.7146562508498555,
        "nauc_recall_at_3_max": 0.5394145522286588,
        "nauc_recall_at_3_std": 0.09372875363737701,
        "nauc_recall_at_5_diff1": 0.6953469740707308,
        "nauc_recall_at_5_max": 0.51867623201728,
        "nauc_recall_at_5_std": 0.09887203224944968,
        "ndcg_at_1": 0.561,
        "ndcg_at_10": 0.6585,
        "ndcg_at_100": 0.68834,
        "ndcg_at_1000": 0.6984,
        "ndcg_at_20": 0.67159,
        "ndcg_at_3": 0.62697,
        "ndcg_at_5": 0.63976,
        "precision_at_1": 0.561,
        "precision_at_10": 0.0761,
        "precision_at_100": 0.00905,
        "precision_at_1000": 0.00099,
        "precision_at_20": 0.04065,
        "precision_at_3": 0.224,
        "precision_at_5": 0.1406,
        "recall_at_1": 0.561,
        "recall_at_10": 0.761,
        "recall_at_100": 0.905,
        "recall_at_1000": 0.985,
        "recall_at_20": 0.813,
        "recall_at_3": 0.672,
        "recall_at_5": 0.703
      }
    ]
  },
  "task_name": "MedicalRetrieval"
}