{
  "dataset_revision": "539bbde593d947e2a124ba72651aafc09eb33fc2",
  "evaluation_time": 513.8097531795502,
  "kg_co2_emissions": null,
  "mteb_version": "1.14.18",
  "scores": {
    "dev": [
      {
        "hf_subset": "default",
        "languages": [
          "cmn-Hans"
        ],
        "main_score": 0.79957,
        "map_at_1": 0.66391,
        "map_at_10": 0.76001,
        "map_at_100": 0.76341,
        "map_at_1000": 0.76348,
        "map_at_20": 0.76248,
        "map_at_3": 0.74004,
        "map_at_5": 0.75276,
        "mrr_at_1": 0.6865329512893983,
        "mrr_at_10": 0.7658108768817924,
        "mrr_at_100": 0.7688130448033744,
        "mrr_at_1000": 0.7688780454271508,
        "mrr_at_20": 0.7679834119946048,
        "mrr_at_3": 0.7485434574976125,
        "mrr_at_5": 0.7595105062082119,
        "nauc_map_at_1000_diff1": 0.7600614068962744,
        "nauc_map_at_1000_max": 0.4324059925164221,
        "nauc_map_at_1000_std": -0.12795610691429862,
        "nauc_map_at_100_diff1": 0.760049246442049,
        "nauc_map_at_100_max": 0.4325381726551124,
        "nauc_map_at_100_std": -0.12773541790339,
        "nauc_map_at_10_diff1": 0.7580759677413966,
        "nauc_map_at_10_max": 0.4341482458694941,
        "nauc_map_at_10_std": -0.12861682173306133,
        "nauc_map_at_1_diff1": 0.7827526032188226,
        "nauc_map_at_1_max": 0.36808446825686714,
        "nauc_map_at_1_std": -0.1706638698427421,
        "nauc_map_at_20_diff1": 0.7599086072710923,
        "nauc_map_at_20_max": 0.4334550642734265,
        "nauc_map_at_20_std": -0.12720320930929846,
        "nauc_map_at_3_diff1": 0.7592090069903841,
        "nauc_map_at_3_max": 0.4237990654632169,
        "nauc_map_at_3_std": -0.14327239976118006,
        "nauc_map_at_5_diff1": 0.7578548797652112,
        "nauc_map_at_5_max": 0.43139739065926724,
        "nauc_map_at_5_std": -0.13621015576088058,
        "nauc_mrr_at_1000_diff1": 0.7641477690097322,
        "nauc_mrr_at_1000_max": 0.43724185902366897,
        "nauc_mrr_at_1000_std": -0.11963948524578334,
        "nauc_mrr_at_100_diff1": 0.7641278553269104,
        "nauc_mrr_at_100_max": 0.4373528561165166,
        "nauc_mrr_at_100_std": -0.11943247434286415,
        "nauc_mrr_at_10_diff1": 0.7622243078804625,
        "nauc_mrr_at_10_max": 0.4392240270372661,
        "nauc_mrr_at_10_std": -0.11914001613304422,
        "nauc_mrr_at_1_diff1": 0.7891001300494509,
        "nauc_mrr_at_1_max": 0.40500896096910904,
        "nauc_mrr_at_1_std": -0.1565292149669255,
        "nauc_mrr_at_20_diff1": 0.7639908651821841,
        "nauc_mrr_at_20_max": 0.4383126505266959,
        "nauc_mrr_at_20_std": -0.11867446445731261,
        "nauc_mrr_at_3_diff1": 0.7639262435045291,
        "nauc_mrr_at_3_max": 0.433213986855411,
        "nauc_mrr_at_3_std": -0.12996643880022846,
        "nauc_mrr_at_5_diff1": 0.7620421317473958,
        "nauc_mrr_at_5_max": 0.43752834696127796,
        "nauc_mrr_at_5_std": -0.12493503542225935,
        "nauc_ndcg_at_1000_diff1": 0.7556726120949224,
        "nauc_ndcg_at_1000_max": 0.44437560679923266,
        "nauc_ndcg_at_1000_std": -0.1051766273300793,
        "nauc_ndcg_at_100_diff1": 0.7549393491653867,
        "nauc_ndcg_at_100_max": 0.4479288862580949,
        "nauc_ndcg_at_100_std": -0.09749806681209232,
        "nauc_ndcg_at_10_diff1": 0.7467651492988227,
        "nauc_ndcg_at_10_max": 0.45740125078688265,
        "nauc_ndcg_at_10_std": -0.0981720508100268,
        "nauc_ndcg_at_1_diff1": 0.7891001300494509,
        "nauc_ndcg_at_1_max": 0.40500896096910904,
        "nauc_ndcg_at_1_std": -0.1565292149669255,
        "nauc_ndcg_at_20_diff1": 0.7538841449840499,
        "nauc_ndcg_at_20_max": 0.45510432705458226,
        "nauc_ndcg_at_20_std": -0.09260628512851002,
        "nauc_ndcg_at_3_diff1": 0.7507759467393,
        "nauc_ndcg_at_3_max": 0.4375362152925849,
        "nauc_ndcg_at_3_std": -0.1296447571303516,
        "nauc_ndcg_at_5_diff1": 0.7469384630367809,
        "nauc_ndcg_at_5_max": 0.4506583492566408,
        "nauc_ndcg_at_5_std": -0.11726850967103401,
        "nauc_precision_at_1000_diff1": -0.21655665693449577,
        "nauc_precision_at_1000_max": 0.1085436234398091,
        "nauc_precision_at_1000_std": 0.21886919635597724,
        "nauc_precision_at_100_diff1": -0.11543974518696112,
        "nauc_precision_at_100_max": 0.18995875054228312,
        "nauc_precision_at_100_std": 0.26851974935003436,
        "nauc_precision_at_10_diff1": 0.16794203322392134,
        "nauc_precision_at_10_max": 0.3595540898823661,
        "nauc_precision_at_10_std": 0.15646142538855534,
        "nauc_precision_at_1_diff1": 0.7891001300494509,
        "nauc_precision_at_1_max": 0.40500896096910904,
        "nauc_precision_at_1_std": -0.1565292149669255,
        "nauc_precision_at_20_diff1": 0.057014813401159214,
        "nauc_precision_at_20_max": 0.29962072603872614,
        "nauc_precision_at_20_std": 0.23272548593790926,
        "nauc_precision_at_3_diff1": 0.44953138104761897,
        "nauc_precision_at_3_max": 0.4075756153922858,
        "nauc_precision_at_3_std": -0.020240350496477443,
        "nauc_precision_at_5_diff1": 0.3217635187224589,
        "nauc_precision_at_5_max": 0.39663415149231157,
        "nauc_precision_at_5_std": 0.047179607361809435,
        "nauc_recall_at_1000_diff1": 0.5752515458397739,
        "nauc_recall_at_1000_max": 0.6731944526062251,
        "nauc_recall_at_1000_std": 0.760368716251064,
        "nauc_recall_at_100_diff1": 0.6431328477237966,
        "nauc_recall_at_100_max": 0.7116132219444686,
        "nauc_recall_at_100_std": 0.6333361006312508,
        "nauc_recall_at_10_diff1": 0.6489125431477232,
        "nauc_recall_at_10_max": 0.6102000291874355,
        "nauc_recall_at_10_std": 0.11068156892911381,
        "nauc_recall_at_1_diff1": 0.7827526032188226,
        "nauc_recall_at_1_max": 0.36808446825686714,
        "nauc_recall_at_1_std": -0.1706638698427421,
        "nauc_recall_at_20_diff1": 0.6857732398989189,
        "nauc_recall_at_20_max": 0.6767037493799183,
        "nauc_recall_at_20_std": 0.29819950733422185,
        "nauc_recall_at_3_diff1": 0.7064267682830179,
        "nauc_recall_at_3_max": 0.4708013684803447,
        "nauc_recall_at_3_std": -0.09457682355194551,
        "nauc_recall_at_5_diff1": 0.6809547407748081,
        "nauc_recall_at_5_max": 0.530719725885804,
        "nauc_recall_at_5_std": -0.04133714826391351,
        "ndcg_at_1": 0.68653,
        "ndcg_at_10": 0.79957,
        "ndcg_at_100": 0.81386,
        "ndcg_at_1000": 0.81577,
        "ndcg_at_20": 0.8079,
        "ndcg_at_3": 0.76191,
        "ndcg_at_5": 0.7833,
        "precision_at_1": 0.68653,
        "precision_at_10": 0.09738,
        "precision_at_100": 0.01042,
        "precision_at_1000": 0.00106,
        "precision_at_20": 0.05044,
        "precision_at_3": 0.28758,
        "precision_at_5": 0.18395,
        "recall_at_1": 0.66391,
        "recall_at_10": 0.91575,
        "recall_at_100": 0.97825,
        "recall_at_1000": 0.99317,
        "recall_at_20": 0.94753,
        "recall_at_3": 0.81633,
        "recall_at_5": 0.86723
      }
    ]
  },
  "task_name": "MMarcoRetrieval"
}