{
  "dataset_revision": "8731a845f1bf500a4f111cf1070785c793d10e64",
  "evaluation_time": 2012.1916773319244,
  "kg_co2_emissions": null,
  "mteb_version": "1.14.18",
  "scores": {
    "dev": [
      {
        "hf_subset": "default",
        "languages": [
          "cmn-Hans"
        ],
        "main_score": 0.83903,
        "map_at_1": 0.26961,
        "map_at_10": 0.76021,
        "map_at_100": 0.79732,
        "map_at_1000": 0.79797,
        "map_at_20": 0.78836,
        "map_at_3": 0.53271,
        "map_at_5": 0.65565,
        "mrr_at_1": 0.8879975451516745,
        "mrr_at_10": 0.9183024146300054,
        "mrr_at_100": 0.919193749738533,
        "mrr_at_1000": 0.9192258494888965,
        "mrr_at_20": 0.9188965430139007,
        "mrr_at_3": 0.9135323513940019,
        "mrr_at_5": 0.9166228300894268,
        "nauc_map_at_1000_diff1": 0.14962548091022548,
        "nauc_map_at_1000_max": 0.4355114332288808,
        "nauc_map_at_1000_std": 0.16708343702350062,
        "nauc_map_at_100_diff1": 0.149654252389675,
        "nauc_map_at_100_max": 0.43445141422011074,
        "nauc_map_at_100_std": 0.16674102202373173,
        "nauc_map_at_10_diff1": 0.19076998149279567,
        "nauc_map_at_10_max": 0.3104424473729134,
        "nauc_map_at_10_std": 0.023544879218174768,
        "nauc_map_at_1_diff1": 0.49988212386508796,
        "nauc_map_at_1_max": -0.2573743676954447,
        "nauc_map_at_1_std": -0.3313210498048303,
        "nauc_map_at_20_diff1": 0.15580301600598281,
        "nauc_map_at_20_max": 0.4088499234471803,
        "nauc_map_at_20_std": 0.1354968754545231,
        "nauc_map_at_3_diff1": 0.3707928658340174,
        "nauc_map_at_3_max": -0.135965194425439,
        "nauc_map_at_3_std": -0.3048240735526278,
        "nauc_map_at_5_diff1": 0.3024996009680454,
        "nauc_map_at_5_max": 0.027121078348438563,
        "nauc_map_at_5_std": -0.20935464781390864,
        "nauc_mrr_at_1000_diff1": 0.45959897728813026,
        "nauc_mrr_at_1000_max": 0.7435059782636941,
        "nauc_mrr_at_1000_std": 0.34212648813228524,
        "nauc_mrr_at_100_diff1": 0.4596118000980844,
        "nauc_mrr_at_100_max": 0.7435684267909779,
        "nauc_mrr_at_100_std": 0.34230054166691054,
        "nauc_mrr_at_10_diff1": 0.45936859197500873,
        "nauc_mrr_at_10_max": 0.7448536437443632,
        "nauc_mrr_at_10_std": 0.343836247309827,
        "nauc_mrr_at_1_diff1": 0.45939889133440187,
        "nauc_mrr_at_1_max": 0.7088277488902628,
        "nauc_mrr_at_1_std": 0.28716718164830946,
        "nauc_mrr_at_20_diff1": 0.45961794420087476,
        "nauc_mrr_at_20_max": 0.7439787061147237,
        "nauc_mrr_at_20_std": 0.3428853726306302,
        "nauc_mrr_at_3_diff1": 0.4587665802732388,
        "nauc_mrr_at_3_max": 0.745340725262941,
        "nauc_mrr_at_3_std": 0.3386257364929923,
        "nauc_mrr_at_5_diff1": 0.45875357431432395,
        "nauc_mrr_at_5_max": 0.7456209835258073,
        "nauc_mrr_at_5_std": 0.34282515074459896,
        "nauc_ndcg_at_1000_diff1": 0.19191702897683124,
        "nauc_ndcg_at_1000_max": 0.5575941422541948,
        "nauc_ndcg_at_1000_std": 0.2785328249030147,
        "nauc_ndcg_at_100_diff1": 0.18794317908123562,
        "nauc_ndcg_at_100_max": 0.5467955706299693,
        "nauc_ndcg_at_100_std": 0.28081945886396115,
        "nauc_ndcg_at_10_diff1": 0.186863442603451,
        "nauc_ndcg_at_10_max": 0.4480750646702833,
        "nauc_ndcg_at_10_std": 0.1659171789557741,
        "nauc_ndcg_at_1_diff1": 0.45939889133440187,
        "nauc_ndcg_at_1_max": 0.7088277488902628,
        "nauc_ndcg_at_1_std": 0.28716718164830946,
        "nauc_ndcg_at_20_diff1": 0.18867012611682257,
        "nauc_ndcg_at_20_max": 0.4906782113917911,
        "nauc_ndcg_at_20_std": 0.21957148032420692,
        "nauc_ndcg_at_3_diff1": 0.15046477447963175,
        "nauc_ndcg_at_3_max": 0.6091754624442989,
        "nauc_ndcg_at_3_std": 0.2695031568944546,
        "nauc_ndcg_at_5_diff1": 0.15088690359290013,
        "nauc_ndcg_at_5_max": 0.5368373821158462,
        "nauc_ndcg_at_5_std": 0.22832026226577992,
        "nauc_precision_at_1000_diff1": -0.32513224229861365,
        "nauc_precision_at_1000_max": 0.5032454290231257,
        "nauc_precision_at_1000_std": 0.5397458203970263,
        "nauc_precision_at_100_diff1": -0.32460281225110765,
        "nauc_precision_at_100_max": 0.5167725994784649,
        "nauc_precision_at_100_std": 0.5546690702823658,
        "nauc_precision_at_10_diff1": -0.3159818551901183,
        "nauc_precision_at_10_max": 0.5579200928815083,
        "nauc_precision_at_10_std": 0.5063660175290481,
        "nauc_precision_at_1_diff1": 0.45939889133440187,
        "nauc_precision_at_1_max": 0.7088277488902628,
        "nauc_precision_at_1_std": 0.28716718164830946,
        "nauc_precision_at_20_diff1": -0.3210602403346772,
        "nauc_precision_at_20_max": 0.5388906566435411,
        "nauc_precision_at_20_std": 0.5434871711920415,
        "nauc_precision_at_3_diff1": -0.25084266168032665,
        "nauc_precision_at_3_max": 0.6469944635507794,
        "nauc_precision_at_3_std": 0.42591185869374426,
        "nauc_precision_at_5_diff1": -0.3037919106801086,
        "nauc_precision_at_5_max": 0.6050464557286298,
        "nauc_precision_at_5_std": 0.4657326385884574,
        "nauc_recall_at_1000_diff1": 0.05050538990556549,
        "nauc_recall_at_1000_max": 0.5482302227751091,
        "nauc_recall_at_1000_std": 0.6214244521955198,
        "nauc_recall_at_100_diff1": 0.07994704685601656,
        "nauc_recall_at_100_max": 0.451521865632098,
        "nauc_recall_at_100_std": 0.45973813435120486,
        "nauc_recall_at_10_diff1": 0.17641957827657626,
        "nauc_recall_at_10_max": 0.1856230878990505,
        "nauc_recall_at_10_std": -0.032784493107358995,
        "nauc_recall_at_1_diff1": 0.49988212386508796,
        "nauc_recall_at_1_max": -0.2573743676954447,
        "nauc_recall_at_1_std": -0.3313210498048303,
        "nauc_recall_at_20_diff1": 0.12195165024701005,
        "nauc_recall_at_20_max": 0.3286671946105256,
        "nauc_recall_at_20_std": 0.17970307928164145,
        "nauc_recall_at_3_diff1": 0.35121037869987065,
        "nauc_recall_at_3_max": -0.18894286299317054,
        "nauc_recall_at_3_std": -0.3293317565524458,
        "nauc_recall_at_5_diff1": 0.28829215783288714,
        "nauc_recall_at_5_max": -0.07284334820250853,
        "nauc_recall_at_5_std": -0.2616588932478408,
        "ndcg_at_1": 0.888,
        "ndcg_at_10": 0.83903,
        "ndcg_at_100": 0.87686,
        "ndcg_at_1000": 0.88303,
        "ndcg_at_20": 0.85767,
        "ndcg_at_3": 0.85061,
        "ndcg_at_5": 0.83763,
        "precision_at_1": 0.888,
        "precision_at_10": 0.41796,
        "precision_at_100": 0.05013,
        "precision_at_1000": 0.00516,
        "precision_at_20": 0.23272,
        "precision_at_3": 0.74405,
        "precision_at_5": 0.62475,
        "recall_at_1": 0.26961,
        "recall_at_10": 0.83273,
        "recall_at_100": 0.95502,
        "recall_at_1000": 0.986,
        "recall_at_20": 0.89418,
        "recall_at_3": 0.55278,
        "recall_at_5": 0.69469
      }
    ]
  },
  "task_name": "T2Retrieval"
}