{
  "dataset_revision": "58c2597a5943a2ba48f4668c3b90d796283c5639",
  "evaluation_time": 139.82364749908447,
  "kg_co2_emissions": null,
  "mteb_version": "1.14.18",
  "scores": {
    "dev": [
      {
        "hf_subset": "default",
        "languages": [
          "cmn-Hans"
        ],
        "main_score": 0.76784,
        "map_at_1": 0.616,
        "map_at_10": 0.72142,
        "map_at_100": 0.7253,
        "map_at_1000": 0.72535,
        "map_at_20": 0.724,
        "map_at_3": 0.7055,
        "map_at_5": 0.7142,
        "mrr_at_1": 0.615,
        "mrr_at_10": 0.7209218253968259,
        "mrr_at_100": 0.7248002673171556,
        "mrr_at_1000": 0.7248495313299487,
        "mrr_at_20": 0.7234950319245604,
        "mrr_at_3": 0.7050000000000004,
        "mrr_at_5": 0.7137000000000007,
        "nauc_map_at_1000_diff1": 0.6359107741614376,
        "nauc_map_at_1000_max": 0.17862061053881692,
        "nauc_map_at_1000_std": -0.45922787230645074,
        "nauc_map_at_100_diff1": 0.6358523890622655,
        "nauc_map_at_100_max": 0.1787189456366299,
        "nauc_map_at_100_std": -0.4591149126845126,
        "nauc_map_at_10_diff1": 0.6348107670566082,
        "nauc_map_at_10_max": 0.17706110751240747,
        "nauc_map_at_10_std": -0.4662204669342003,
        "nauc_map_at_1_diff1": 0.658231115074953,
        "nauc_map_at_1_max": 0.17788114989432,
        "nauc_map_at_1_std": -0.39640474765121964,
        "nauc_map_at_20_diff1": 0.6360042004215094,
        "nauc_map_at_20_max": 0.17897112994664952,
        "nauc_map_at_20_std": -0.4619203659818439,
        "nauc_map_at_3_diff1": 0.6304473008715683,
        "nauc_map_at_3_max": 0.17521343706640813,
        "nauc_map_at_3_std": -0.46066451757729054,
        "nauc_map_at_5_diff1": 0.6325730360893226,
        "nauc_map_at_5_max": 0.17849888955381585,
        "nauc_map_at_5_std": -0.46529900332981206,
        "nauc_mrr_at_1000_diff1": 0.6373216939353843,
        "nauc_mrr_at_1000_max": 0.1746141590597986,
        "nauc_mrr_at_1000_std": -0.46118266815119746,
        "nauc_mrr_at_100_diff1": 0.6372630765078281,
        "nauc_mrr_at_100_max": 0.17471323530060373,
        "nauc_mrr_at_100_std": -0.46106942535235024,
        "nauc_mrr_at_10_diff1": 0.6361992519060716,
        "nauc_mrr_at_10_max": 0.17312392114772157,
        "nauc_mrr_at_10_std": -0.4681340704478555,
        "nauc_mrr_at_1_diff1": 0.6603053376931227,
        "nauc_mrr_at_1_max": 0.17187783443471366,
        "nauc_mrr_at_1_std": -0.3994481665256594,
        "nauc_mrr_at_20_diff1": 0.6374067296633319,
        "nauc_mrr_at_20_max": 0.17498776512415745,
        "nauc_mrr_at_20_std": -0.46386046067550474,
        "nauc_mrr_at_3_diff1": 0.6317621603942404,
        "nauc_mrr_at_3_max": 0.1715009481758231,
        "nauc_mrr_at_3_std": -0.46247613836133816,
        "nauc_mrr_at_5_diff1": 0.6339268984403259,
        "nauc_mrr_at_5_max": 0.17466554786852223,
        "nauc_mrr_at_5_std": -0.46716239208437965,
        "nauc_ndcg_at_1000_diff1": 0.633872941957911,
        "nauc_ndcg_at_1000_max": 0.18137007685165693,
        "nauc_ndcg_at_1000_std": -0.46252597077972346,
        "nauc_ndcg_at_100_diff1": 0.6328211421114432,
        "nauc_ndcg_at_100_max": 0.18445871547923562,
        "nauc_ndcg_at_100_std": -0.45870101347939757,
        "nauc_ndcg_at_10_diff1": 0.6297323655670204,
        "nauc_ndcg_at_10_max": 0.17535169547026308,
        "nauc_ndcg_at_10_std": -0.4978305663297314,
        "nauc_ndcg_at_1_diff1": 0.658231115074953,
        "nauc_ndcg_at_1_max": 0.17788114989432,
        "nauc_ndcg_at_1_std": -0.39640474765121964,
        "nauc_ndcg_at_20_diff1": 0.6341036433714956,
        "nauc_ndcg_at_20_max": 0.18600310475926515,
        "nauc_ndcg_at_20_std": -0.4783787860937177,
        "nauc_ndcg_at_3_diff1": 0.6199527579075854,
        "nauc_ndcg_at_3_max": 0.17156536966065972,
        "nauc_ndcg_at_3_std": -0.48421666163254296,
        "nauc_ndcg_at_5_diff1": 0.6233210949759973,
        "nauc_ndcg_at_5_max": 0.1775335326407505,
        "nauc_ndcg_at_5_std": -0.4942415292545539,
        "nauc_precision_at_1000_diff1": 0.7153361344537479,
        "nauc_precision_at_1000_max": 0.609126984126978,
        "nauc_precision_at_1000_std": 0.7112511671335109,
        "nauc_precision_at_100_diff1": 0.557150638032998,
        "nauc_precision_at_100_max": 0.6787270463741122,
        "nauc_precision_at_100_std": 0.37535014005604433,
        "nauc_precision_at_10_diff1": 0.601275716279019,
        "nauc_precision_at_10_max": 0.16409635015054372,
        "nauc_precision_at_10_std": -0.7369569550666758,
        "nauc_precision_at_1_diff1": 0.658231115074953,
        "nauc_precision_at_1_max": 0.17788114989432,
        "nauc_precision_at_1_std": -0.39640474765121964,
        "nauc_precision_at_20_diff1": 0.6386096922429082,
        "nauc_precision_at_20_max": 0.3291133446842752,
        "nauc_precision_at_20_std": -0.6160634188315893,
        "nauc_precision_at_3_diff1": 0.5763630355766063,
        "nauc_precision_at_3_max": 0.15515750633329747,
        "nauc_precision_at_3_std": -0.5816995263795558,
        "nauc_precision_at_5_diff1": 0.5776870357450647,
        "nauc_precision_at_5_max": 0.17228902477394129,
        "nauc_precision_at_5_std": -0.64035033720469,
        "nauc_recall_at_1000_diff1": 0.7153361344537744,
        "nauc_recall_at_1000_max": 0.6091269841269691,
        "nauc_recall_at_1000_std": 0.7112511671335189,
        "nauc_recall_at_100_diff1": 0.5571506380329956,
        "nauc_recall_at_100_max": 0.6787270463741027,
        "nauc_recall_at_100_std": 0.37535014005602724,
        "nauc_recall_at_10_diff1": 0.6012757162790211,
        "nauc_recall_at_10_max": 0.16409635015054666,
        "nauc_recall_at_10_std": -0.7369569550666714,
        "nauc_recall_at_1_diff1": 0.658231115074953,
        "nauc_recall_at_1_max": 0.17788114989432,
        "nauc_recall_at_1_std": -0.39640474765121964,
        "nauc_recall_at_20_diff1": 0.6386096922429128,
        "nauc_recall_at_20_max": 0.3291133446842797,
        "nauc_recall_at_20_std": -0.6160634188315842,
        "nauc_recall_at_3_diff1": 0.5763630355766045,
        "nauc_recall_at_3_max": 0.15515750633329664,
        "nauc_recall_at_3_std": -0.5816995263795564,
        "nauc_recall_at_5_diff1": 0.5776870357450649,
        "nauc_recall_at_5_max": 0.17228902477394312,
        "nauc_recall_at_5_std": -0.640350337204688,
        "ndcg_at_1": 0.616,
        "ndcg_at_10": 0.76784,
        "ndcg_at_100": 0.7852,
        "ndcg_at_1000": 0.78628,
        "ndcg_at_20": 0.77737,
        "ndcg_at_3": 0.73489,
        "ndcg_at_5": 0.75055,
        "precision_at_1": 0.616,
        "precision_at_10": 0.0911,
        "precision_at_100": 0.00988,
        "precision_at_1000": 0.001,
        "precision_at_20": 0.04745,
        "precision_at_3": 0.27333,
        "precision_at_5": 0.1716,
        "recall_at_1": 0.616,
        "recall_at_10": 0.911,
        "recall_at_100": 0.988,
        "recall_at_1000": 0.996,
        "recall_at_20": 0.949,
        "recall_at_3": 0.82,
        "recall_at_5": 0.858
      }
    ]
  },
  "task_name": "VideoRetrieval"
}