{
  "dataset_revision": "e3dda5e115e487b39ec7e618c0c6a29137052a55",
  "evaluation_time": 10.536335706710815,
  "kg_co2_emissions": null,
  "mteb_version": "1.14.18",
  "scores": {
    "test": [
      {
        "cosine_pearson": 0.6127036772251914,
        "cosine_spearman": 0.6426676866222077,
        "euclidean_pearson": 0.6292421860068,
        "euclidean_spearman": 0.6441411422381087,
        "hf_subset": "default",
        "languages": [
          "cmn-Hans"
        ],
        "main_score": 0.6426676866222077,
        "manhattan_pearson": 0.6290678441122156,
        "manhattan_spearman": 0.6439268875560001,
        "pearson": 0.6127037003329445,
        "spearman": 0.6426676866164238
      }
    ],
    "validation": [
      {
        "cosine_pearson": 0.6599277738193282,
        "cosine_spearman": 0.690886734267319,
        "euclidean_pearson": 0.678897217973387,
        "euclidean_spearman": 0.693610695922195,
        "hf_subset": "default",
        "languages": [
          "cmn-Hans"
        ],
        "main_score": 0.690886734267319,
        "manhattan_pearson": 0.6787729082562883,
        "manhattan_spearman": 0.6933887855778598,
        "pearson": 0.6599277740652907,
        "spearman": 0.6908866649728503
      }
    ]
  },
  "task_name": "BQ"
}