{
  "dataset_revision": "23d186750531a14a0357ca22cd92d712fd512ea0",
  "evaluation_time": 98.33862209320068,
  "kg_co2_emissions": null,
  "mteb_version": "1.14.18",
  "scores": {
    "test": [
      {
        "hf_subset": "default",
        "languages": [
          "cmn-Hans"
        ],
        "main_score": 0.8189984334883741,
        "map": 0.8189984334883741,
        "mrr": 0.8457,
        "nAUC_map_diff1": 0.5565297306591326,
        "nAUC_map_max": 0.41643507044007577,
        "nAUC_map_std": 0.05605315468048842,
        "nAUC_mrr_diff1": 0.6179325752933839,
        "nAUC_mrr_max": 0.4939084462072833,
        "nAUC_mrr_std": 0.10827403515373135
      }
    ]
  },
  "task_name": "CMedQAv2-reranking"
}