{
  "dataset_revision": "cd540c506dae1cf9e9a59c3e06f42030d54e7301",
  "evaluation_time": 385.27626514434814,
  "kg_co2_emissions": null,
  "mteb_version": "1.14.18",
  "scores": {
    "dev": [
      {
        "hf_subset": "default",
        "languages": [
          "cmn-Hans"
        ],
        "main_score": 0.37779,
        "map_at_1": 0.2111,
        "map_at_10": 0.31618,
        "map_at_100": 0.334,
        "map_at_1000": 0.33556,
        "map_at_20": 0.32574,
        "map_at_3": 0.28064,
        "map_at_5": 0.29939,
        "mrr_at_1": 0.32733183295823953,
        "mrr_at_10": 0.4032816735930006,
        "mrr_at_100": 0.41321510804797235,
        "mrr_at_1000": 0.41388111208337236,
        "mrr_at_20": 0.4088784782304417,
        "mrr_at_3": 0.3794698674668662,
        "mrr_at_5": 0.39171042760690156,
        "nauc_map_at_1000_diff1": 0.48282282084084444,
        "nauc_map_at_1000_max": 0.2479332345279321,
        "nauc_map_at_1000_std": -0.07811554822215093,
        "nauc_map_at_100_diff1": 0.48252991244405224,
        "nauc_map_at_100_max": 0.24737166571218183,
        "nauc_map_at_100_std": -0.0784377803388985,
        "nauc_map_at_10_diff1": 0.48279785888697335,
        "nauc_map_at_10_max": 0.24143944448365523,
        "nauc_map_at_10_std": -0.08803868808150096,
        "nauc_map_at_1_diff1": 0.5331466776272376,
        "nauc_map_at_1_max": 0.20331089560541601,
        "nauc_map_at_1_std": -0.10128037175373837,
        "nauc_map_at_20_diff1": 0.4829592681312885,
        "nauc_map_at_20_max": 0.24417617570100497,
        "nauc_map_at_20_std": -0.08319071109923377,
        "nauc_map_at_3_diff1": 0.49262906376765186,
        "nauc_map_at_3_max": 0.22700735532863978,
        "nauc_map_at_3_std": -0.09983580441631826,
        "nauc_map_at_5_diff1": 0.4860617976982629,
        "nauc_map_at_5_max": 0.23582535390795736,
        "nauc_map_at_5_std": -0.09650835100029265,
        "nauc_mrr_at_1000_diff1": 0.5341067552412814,
        "nauc_mrr_at_1000_max": 0.3098352777541727,
        "nauc_mrr_at_1000_std": -0.03699473836529294,
        "nauc_mrr_at_100_diff1": 0.5338899824430472,
        "nauc_mrr_at_100_max": 0.3096978360264263,
        "nauc_mrr_at_100_std": -0.036857106808321126,
        "nauc_mrr_at_10_diff1": 0.5332287333579816,
        "nauc_mrr_at_10_max": 0.3099992640905722,
        "nauc_mrr_at_10_std": -0.03841618105938745,
        "nauc_mrr_at_1_diff1": 0.5926593806008258,
        "nauc_mrr_at_1_max": 0.3299750592790816,
        "nauc_mrr_at_1_std": -0.048069343644976927,
        "nauc_mrr_at_20_diff1": 0.5335044332272152,
        "nauc_mrr_at_20_max": 0.3088444040074894,
        "nauc_mrr_at_20_std": -0.03750652974525405,
        "nauc_mrr_at_3_diff1": 0.5472095533757376,
        "nauc_mrr_at_3_max": 0.3138901155856339,
        "nauc_mrr_at_3_std": -0.04576817363996037,
        "nauc_mrr_at_5_diff1": 0.5373309521338266,
        "nauc_mrr_at_5_max": 0.3116226816763452,
        "nauc_mrr_at_5_std": -0.043581017592603404,
        "nauc_ndcg_at_1000_diff1": 0.4766027448579963,
        "nauc_ndcg_at_1000_max": 0.2717409806685776,
        "nauc_ndcg_at_1000_std": -0.04185771526390619,
        "nauc_ndcg_at_100_diff1": 0.46866849692607315,
        "nauc_ndcg_at_100_max": 0.2652667060742759,
        "nauc_ndcg_at_100_std": -0.03901217003817153,
        "nauc_ndcg_at_10_diff1": 0.4705756458038817,
        "nauc_ndcg_at_10_max": 0.2526068168714931,
        "nauc_ndcg_at_10_std": -0.06781334351278846,
        "nauc_ndcg_at_1_diff1": 0.5926593806008258,
        "nauc_ndcg_at_1_max": 0.3299750592790816,
        "nauc_ndcg_at_1_std": -0.048069343644976927,
        "nauc_ndcg_at_20_diff1": 0.4697521369025408,
        "nauc_ndcg_at_20_max": 0.2524771938483696,
        "nauc_ndcg_at_20_std": -0.05933194114390876,
        "nauc_ndcg_at_3_diff1": 0.4914237909713826,
        "nauc_ndcg_at_3_max": 0.2658740209669517,
        "nauc_ndcg_at_3_std": -0.07337441205359851,
        "nauc_ndcg_at_5_diff1": 0.4780127577793661,
        "nauc_ndcg_at_5_max": 0.25593834865499177,
        "nauc_ndcg_at_5_std": -0.07816983999208342,
        "nauc_precision_at_1000_diff1": 0.038129002299408896,
        "nauc_precision_at_1000_max": 0.22564299996615775,
        "nauc_precision_at_1000_std": 0.16219517390000668,
        "nauc_precision_at_100_diff1": 0.11232433210518598,
        "nauc_precision_at_100_max": 0.25851326968067834,
        "nauc_precision_at_100_std": 0.1649316113331675,
        "nauc_precision_at_10_diff1": 0.2716053235372737,
        "nauc_precision_at_10_max": 0.2972545182922535,
        "nauc_precision_at_10_std": 0.045339261912186735,
        "nauc_precision_at_1_diff1": 0.5926593806008258,
        "nauc_precision_at_1_max": 0.3299750592790816,
        "nauc_precision_at_1_std": -0.048069343644976927,
        "nauc_precision_at_20_diff1": 0.22293056520574242,
        "nauc_precision_at_20_max": 0.27464243936829225,
        "nauc_precision_at_20_std": 0.08248238972399911,
        "nauc_precision_at_3_diff1": 0.38522846142775746,
        "nauc_precision_at_3_max": 0.31067184727925184,
        "nauc_precision_at_3_std": -0.017212039883221227,
        "nauc_precision_at_5_diff1": 0.32606672164386896,
        "nauc_precision_at_5_max": 0.3091938320397767,
        "nauc_precision_at_5_std": 0.00322052394640887,
        "nauc_recall_at_1000_diff1": 0.16537563322971366,
        "nauc_recall_at_1000_max": 0.33161017239103957,
        "nauc_recall_at_1000_std": 0.44426625999455943,
        "nauc_recall_at_100_diff1": 0.2758314874171649,
        "nauc_recall_at_100_max": 0.19757918253885792,
        "nauc_recall_at_100_std": 0.08780515595896732,
        "nauc_recall_at_10_diff1": 0.35219768748828106,
        "nauc_recall_at_10_max": 0.18907612644219973,
        "nauc_recall_at_10_std": -0.05471125644207982,
        "nauc_recall_at_1_diff1": 0.5331466776272376,
        "nauc_recall_at_1_max": 0.20331089560541601,
        "nauc_recall_at_1_std": -0.10128037175373837,
        "nauc_recall_at_20_diff1": 0.334057747058887,
        "nauc_recall_at_20_max": 0.17190005868751806,
        "nauc_recall_at_20_std": -0.033163477578760626,
        "nauc_recall_at_3_diff1": 0.42835081558323246,
        "nauc_recall_at_3_max": 0.19967972562591305,
        "nauc_recall_at_3_std": -0.09860187101188932,
        "nauc_recall_at_5_diff1": 0.3905816520080725,
        "nauc_recall_at_5_max": 0.19949960974010805,
        "nauc_recall_at_5_std": -0.09086263921273235,
        "ndcg_at_1": 0.32733,
        "ndcg_at_10": 0.37779,
        "ndcg_at_100": 0.4499,
        "ndcg_at_1000": 0.47882,
        "ndcg_at_20": 0.40436,
        "ndcg_at_3": 0.33077,
        "ndcg_at_5": 0.34804,
        "precision_at_1": 0.32733,
        "precision_at_10": 0.08577,
        "precision_at_100": 0.01447,
        "precision_at_1000": 0.00181,
        "precision_at_20": 0.05186,
        "precision_at_3": 0.1893,
        "precision_at_5": 0.13703,
        "recall_at_1": 0.2111,
        "recall_at_10": 0.47308,
        "recall_at_100": 0.77376,
        "recall_at_1000": 0.9706,
        "recall_at_20": 0.56314,
        "recall_at_3": 0.32943,
        "recall_at_5": 0.38485
      }
    ]
  },
  "task_name": "CmedqaRetrieval"
}