{
  "dataset_revision": "1271c7809071a13532e05f25fb53511ffce77117",
  "evaluation_time": 401.69957184791565,
  "kg_co2_emissions": null,
  "mteb_version": "1.14.18",
  "scores": {
    "dev": [
      {
        "hf_subset": "default",
        "languages": [
          "cmn-Hans"
        ],
        "main_score": 0.7215,
        "map_at_1": 0.57824,
        "map_at_10": 0.67388,
        "map_at_100": 0.6782,
        "map_at_1000": 0.67832,
        "map_at_20": 0.67652,
        "map_at_3": 0.65095,
        "map_at_5": 0.66233,
        "mrr_at_1": 0.5795574288724974,
        "mrr_at_10": 0.6739182430963253,
        "mrr_at_100": 0.6781365650224229,
        "mrr_at_1000": 0.6782605098334629,
        "mrr_at_20": 0.676461584031309,
        "mrr_at_3": 0.6512118018967334,
        "mrr_at_5": 0.6625922023182297,
        "nauc_map_at_1000_diff1": 0.7135448927877671,
        "nauc_map_at_1000_max": 0.3159061009565557,
        "nauc_map_at_1000_std": -0.24121606098171014,
        "nauc_map_at_100_diff1": 0.7134502402681141,
        "nauc_map_at_100_max": 0.31591978107027185,
        "nauc_map_at_100_std": -0.24121049608220807,
        "nauc_map_at_10_diff1": 0.711910421501092,
        "nauc_map_at_10_max": 0.3170746472224647,
        "nauc_map_at_10_std": -0.2408404922119635,
        "nauc_map_at_1_diff1": 0.7499733963260653,
        "nauc_map_at_1_max": 0.2918040320989014,
        "nauc_map_at_1_std": -0.23980583786094603,
        "nauc_map_at_20_diff1": 0.7127602660197674,
        "nauc_map_at_20_max": 0.3164691763151968,
        "nauc_map_at_20_std": -0.24095987408811806,
        "nauc_map_at_3_diff1": 0.7127624545551964,
        "nauc_map_at_3_max": 0.3094983444642682,
        "nauc_map_at_3_std": -0.2556861339717135,
        "nauc_map_at_5_diff1": 0.7103093031093024,
        "nauc_map_at_5_max": 0.3124408007564643,
        "nauc_map_at_5_std": -0.24902112131412457,
        "nauc_mrr_at_1000_diff1": 0.7142138366031516,
        "nauc_mrr_at_1000_max": 0.31937881437207566,
        "nauc_mrr_at_1000_std": -0.23804967966684587,
        "nauc_mrr_at_100_diff1": 0.7141188544547583,
        "nauc_mrr_at_100_max": 0.31939084246449717,
        "nauc_mrr_at_100_std": -0.23804562187159634,
        "nauc_mrr_at_10_diff1": 0.7124433358301083,
        "nauc_mrr_at_10_max": 0.32055022239833714,
        "nauc_mrr_at_10_std": -0.23759139401847623,
        "nauc_mrr_at_1_diff1": 0.7489750356723929,
        "nauc_mrr_at_1_max": 0.30082035728427825,
        "nauc_mrr_at_1_std": -0.23288789802643176,
        "nauc_mrr_at_20_diff1": 0.7134305403755756,
        "nauc_mrr_at_20_max": 0.31991488461210144,
        "nauc_mrr_at_20_std": -0.23782105890634836,
        "nauc_mrr_at_3_diff1": 0.7128014196663452,
        "nauc_mrr_at_3_max": 0.314589648048947,
        "nauc_mrr_at_3_std": -0.2511298929074149,
        "nauc_mrr_at_5_diff1": 0.7103476892190238,
        "nauc_mrr_at_5_max": 0.31768700081747964,
        "nauc_mrr_at_5_std": -0.2443233888285518,
        "nauc_ndcg_at_1000_diff1": 0.7065898087151632,
        "nauc_ndcg_at_1000_max": 0.32134966755019195,
        "nauc_ndcg_at_1000_std": -0.23669416102564186,
        "nauc_ndcg_at_100_diff1": 0.7040597462723465,
        "nauc_ndcg_at_100_max": 0.3221779265404506,
        "nauc_ndcg_at_100_std": -0.23482289430580294,
        "nauc_ndcg_at_10_diff1": 0.697186147347418,
        "nauc_ndcg_at_10_max": 0.329667608624413,
        "nauc_ndcg_at_10_std": -0.23162675290872642,
        "nauc_ndcg_at_1_diff1": 0.7465770397923747,
        "nauc_ndcg_at_1_max": 0.2988072087598157,
        "nauc_ndcg_at_1_std": -0.23356303458964964,
        "nauc_ndcg_at_20_diff1": 0.6999254225955155,
        "nauc_ndcg_at_20_max": 0.32750779194892005,
        "nauc_ndcg_at_20_std": -0.2315613356182573,
        "nauc_ndcg_at_3_diff1": 0.6994770546286807,
        "nauc_ndcg_at_3_max": 0.31455819589523315,
        "nauc_ndcg_at_3_std": -0.261587822702832,
        "nauc_ndcg_at_5_diff1": 0.6945712858247254,
        "nauc_ndcg_at_5_max": 0.31874486850361866,
        "nauc_ndcg_at_5_std": -0.25132778211164786,
        "nauc_precision_at_1000_diff1": -0.22034054837297512,
        "nauc_precision_at_1000_max": 0.3739929752443292,
        "nauc_precision_at_1000_std": 0.40457408680968227,
        "nauc_precision_at_100_diff1": 0.18714403310961583,
        "nauc_precision_at_100_max": 0.37749281594207734,
        "nauc_precision_at_100_std": 0.14562265277578337,
        "nauc_precision_at_10_diff1": 0.48717878808762394,
        "nauc_precision_at_10_max": 0.41499325001731624,
        "nauc_precision_at_10_std": -0.07309123288890931,
        "nauc_precision_at_1_diff1": 0.7465770397923747,
        "nauc_precision_at_1_max": 0.2988072087598157,
        "nauc_precision_at_1_std": -0.23356303458964964,
        "nauc_precision_at_20_diff1": 0.44619110945714535,
        "nauc_precision_at_20_max": 0.42234198143210216,
        "nauc_precision_at_20_std": -0.02511694549592847,
        "nauc_precision_at_3_diff1": 0.6065293791516846,
        "nauc_precision_at_3_max": 0.33472786340253513,
        "nauc_precision_at_3_std": -0.24679469309116298,
        "nauc_precision_at_5_diff1": 0.5739519663231052,
        "nauc_precision_at_5_max": 0.35087469829377893,
        "nauc_precision_at_5_std": -0.2156606787323974,
        "nauc_recall_at_1000_diff1": 0.3764353847501958,
        "nauc_recall_at_1000_max": 0.38042943835280035,
        "nauc_recall_at_1000_std": -0.07800654157924346,
        "nauc_recall_at_100_diff1": 0.5253324435630236,
        "nauc_recall_at_100_max": 0.3805847393162397,
        "nauc_recall_at_100_std": -0.08405432800778204,
        "nauc_recall_at_10_diff1": 0.6087284352701786,
        "nauc_recall_at_10_max": 0.4066964128529298,
        "nauc_recall_at_10_std": -0.16682973534856463,
        "nauc_recall_at_1_diff1": 0.7499733963260653,
        "nauc_recall_at_1_max": 0.2918040320989014,
        "nauc_recall_at_1_std": -0.23980583786094603,
        "nauc_recall_at_20_diff1": 0.6025419114440858,
        "nauc_recall_at_20_max": 0.4124786014641278,
        "nauc_recall_at_20_std": -0.14278505316482193,
        "nauc_recall_at_3_diff1": 0.6564308412623452,
        "nauc_recall_at_3_max": 0.3219999848402227,
        "nauc_recall_at_3_std": -0.29020671510824025,
        "nauc_recall_at_5_diff1": 0.6314782823206978,
        "nauc_recall_at_5_max": 0.3366217292444954,
        "nauc_recall_at_5_std": -0.2655564070350499,
        "ndcg_at_1": 0.58061,
        "ndcg_at_10": 0.7215,
        "ndcg_at_100": 0.74262,
        "ndcg_at_1000": 0.74585,
        "ndcg_at_20": 0.73075,
        "ndcg_at_3": 0.67397,
        "ndcg_at_5": 0.69446,
        "precision_at_1": 0.58061,
        "precision_at_10": 0.08809,
        "precision_at_100": 0.00981,
        "precision_at_1000": 0.00101,
        "precision_at_20": 0.04584,
        "precision_at_3": 0.24868,
        "precision_at_5": 0.15933,
        "recall_at_1": 0.57824,
        "recall_at_10": 0.87144,
        "recall_at_100": 0.9705,
        "recall_at_1000": 0.99579,
        "recall_at_20": 0.90727,
        "recall_at_3": 0.73894,
        "recall_at_5": 0.78952
      }
    ]
  },
  "task_name": "CovidRetrieval"
}