{
  "dataset_revision": "a1a333e290fe30b10f3f56498e3a0d911a693ced",
  "evaluation_time": 401.85845851898193,
  "kg_co2_emissions": null,
  "mteb_version": "1.14.18",
  "scores": {
    "dev": [
      {
        "hf_subset": "default",
        "languages": [
          "cmn-Hans"
        ],
        "main_score": 0.82221,
        "map_at_1": 0.23803,
        "map_at_10": 0.73475,
        "map_at_100": 0.76713,
        "map_at_1000": 0.76771,
        "map_at_20": 0.7588,
        "map_at_3": 0.50421,
        "map_at_5": 0.63634,
        "mrr_at_1": 0.8455,
        "mrr_at_10": 0.8949380952380949,
        "mrr_at_100": 0.895808091245036,
        "mrr_at_1000": 0.8958406747085609,
        "mrr_at_20": 0.8955164499307877,
        "mrr_at_3": 0.8895833333333327,
        "mrr_at_5": 0.8927583333333329,
        "nauc_map_at_1000_diff1": 0.07926567603181858,
        "nauc_map_at_1000_max": 0.376248710392308,
        "nauc_map_at_1000_std": 0.15658080206256272,
        "nauc_map_at_100_diff1": 0.07933075541674532,
        "nauc_map_at_100_max": 0.3767597037943227,
        "nauc_map_at_100_std": 0.15651322222105854,
        "nauc_map_at_10_diff1": 0.09153588980516734,
        "nauc_map_at_10_max": 0.33566400779783256,
        "nauc_map_at_10_std": 0.06963063061900315,
        "nauc_map_at_1_diff1": 0.40128196122224535,
        "nauc_map_at_1_max": -0.07304913436444438,
        "nauc_map_at_1_std": -0.235423380566547,
        "nauc_map_at_20_diff1": 0.08228369546562626,
        "nauc_map_at_20_max": 0.37348720656698275,
        "nauc_map_at_20_std": 0.13362583815363582,
        "nauc_map_at_3_diff1": 0.2459590097479997,
        "nauc_map_at_3_max": 0.07561715415464866,
        "nauc_map_at_3_std": -0.1608036787768096,
        "nauc_map_at_5_diff1": 0.16368818643443533,
        "nauc_map_at_5_max": 0.19040752334278196,
        "nauc_map_at_5_std": -0.06674389963904519,
        "nauc_mrr_at_1000_diff1": 0.3218258126986816,
        "nauc_mrr_at_1000_max": 0.5548461702054632,
        "nauc_mrr_at_1000_std": 0.27305680298252527,
        "nauc_mrr_at_100_diff1": 0.32186315150548617,
        "nauc_mrr_at_100_max": 0.5548974126519227,
        "nauc_mrr_at_100_std": 0.2730986846537043,
        "nauc_mrr_at_10_diff1": 0.3204154759491817,
        "nauc_mrr_at_10_max": 0.5569927623461436,
        "nauc_mrr_at_10_std": 0.27613389151128953,
        "nauc_mrr_at_1_diff1": 0.3361183353976674,
        "nauc_mrr_at_1_max": 0.47826748057362034,
        "nauc_mrr_at_1_std": 0.19619613594822666,
        "nauc_mrr_at_20_diff1": 0.32132685480504186,
        "nauc_mrr_at_20_max": 0.5557165179583491,
        "nauc_mrr_at_20_std": 0.27438336880946657,
        "nauc_mrr_at_3_diff1": 0.31559970727338205,
        "nauc_mrr_at_3_max": 0.5662923843748072,
        "nauc_mrr_at_3_std": 0.27897684037297016,
        "nauc_mrr_at_5_diff1": 0.3223791790091605,
        "nauc_mrr_at_5_max": 0.5599166642839101,
        "nauc_mrr_at_5_std": 0.2762518500140229,
        "nauc_ndcg_at_1000_diff1": 0.11357772433007036,
        "nauc_ndcg_at_1000_max": 0.4615515045096754,
        "nauc_ndcg_at_1000_std": 0.25483218856263906,
        "nauc_ndcg_at_100_diff1": 0.11157709781881271,
        "nauc_ndcg_at_100_max": 0.46507736035076025,
        "nauc_ndcg_at_100_std": 0.25908767710638997,
        "nauc_ndcg_at_10_diff1": 0.09617853836994275,
        "nauc_ndcg_at_10_max": 0.4082653453798192,
        "nauc_ndcg_at_10_std": 0.17804715210823108,
        "nauc_ndcg_at_1_diff1": 0.3361183353976674,
        "nauc_ndcg_at_1_max": 0.47826748057362034,
        "nauc_ndcg_at_1_std": 0.19619613594822666,
        "nauc_ndcg_at_20_diff1": 0.10294266649951446,
        "nauc_ndcg_at_20_max": 0.4607346253230519,
        "nauc_ndcg_at_20_std": 0.22545383787028536,
        "nauc_ndcg_at_3_diff1": 0.09508686292299369,
        "nauc_ndcg_at_3_max": 0.39645538345166637,
        "nauc_ndcg_at_3_std": 0.1904815814502254,
        "nauc_ndcg_at_5_diff1": 0.1073164068109176,
        "nauc_ndcg_at_5_max": 0.35601080156547943,
        "nauc_ndcg_at_5_std": 0.14630395775675065,
        "nauc_precision_at_1000_diff1": -0.216786583689654,
        "nauc_precision_at_1000_max": 0.1756224611533795,
        "nauc_precision_at_1000_std": 0.39858920708365664,
        "nauc_precision_at_100_diff1": -0.21932614101781067,
        "nauc_precision_at_100_max": 0.20284300386624687,
        "nauc_precision_at_100_std": 0.41560714403012594,
        "nauc_precision_at_10_diff1": -0.23907726828998654,
        "nauc_precision_at_10_max": 0.3167383009544678,
        "nauc_precision_at_10_std": 0.3777671963122895,
        "nauc_precision_at_1_diff1": 0.3361183353976674,
        "nauc_precision_at_1_max": 0.47826748057362034,
        "nauc_precision_at_1_std": 0.19619613594822666,
        "nauc_precision_at_20_diff1": -0.2257592555858268,
        "nauc_precision_at_20_max": 0.2690088315983953,
        "nauc_precision_at_20_std": 0.40846158454757125,
        "nauc_precision_at_3_diff1": -0.16101739912764917,
        "nauc_precision_at_3_max": 0.41611685215364286,
        "nauc_precision_at_3_std": 0.31424772415964664,
        "nauc_precision_at_5_diff1": -0.22160333449450392,
        "nauc_precision_at_5_max": 0.3625158048201476,
        "nauc_precision_at_5_std": 0.33767502225576723,
        "nauc_recall_at_1000_diff1": 0.06602807898446919,
        "nauc_recall_at_1000_max": 0.6193924295567721,
        "nauc_recall_at_1000_std": 0.5879279396024294,
        "nauc_recall_at_100_diff1": 0.05546776260751045,
        "nauc_recall_at_100_max": 0.5290360731470415,
        "nauc_recall_at_100_std": 0.46024780321944525,
        "nauc_recall_at_10_diff1": 0.03602000858045964,
        "nauc_recall_at_10_max": 0.334577442672022,
        "nauc_recall_at_10_std": 0.0787616349366426,
        "nauc_recall_at_1_diff1": 0.40128196122224535,
        "nauc_recall_at_1_max": -0.07304913436444438,
        "nauc_recall_at_1_std": -0.235423380566547,
        "nauc_recall_at_20_diff1": 0.02789893720267435,
        "nauc_recall_at_20_max": 0.47588387839790924,
        "nauc_recall_at_20_std": 0.2604074542627994,
        "nauc_recall_at_3_diff1": 0.22170612381480093,
        "nauc_recall_at_3_max": 0.04449649212022662,
        "nauc_recall_at_3_std": -0.17818299940911375,
        "nauc_recall_at_5_diff1": 0.15120227166974062,
        "nauc_recall_at_5_max": 0.14569652752922374,
        "nauc_recall_at_5_std": -0.10002214179587912,
        "ndcg_at_1": 0.8455,
        "ndcg_at_10": 0.82221,
        "ndcg_at_100": 0.86029,
        "ndcg_at_1000": 0.86547,
        "ndcg_at_20": 0.84287,
        "ndcg_at_3": 0.80407,
        "ndcg_at_5": 0.79385,
        "precision_at_1": 0.8455,
        "precision_at_10": 0.39855,
        "precision_at_100": 0.04747,
        "precision_at_1000": 0.00487,
        "precision_at_20": 0.22045,
        "precision_at_3": 0.7225,
        "precision_at_5": 0.611,
        "recall_at_1": 0.23803,
        "recall_at_10": 0.84306,
        "recall_at_100": 0.96274,
        "recall_at_1000": 0.98876,
        "recall_at_20": 0.90534,
        "recall_at_3": 0.53347,
        "recall_at_5": 0.69555
      }
    ]
  },
  "task_name": "DuRetrieval"
}