{
  "dataset_revision": "687de13dc7294d6fd9be10c6945f9e8fec8166b9",
  "evaluation_time": 47.8358838558197,
  "kg_co2_emissions": null,
  "mteb_version": "1.14.18",
  "scores": {
    "dev": [
      {
        "hf_subset": "default",
        "languages": [
          "cmn-Hans"
        ],
        "main_score": 0.57851,
        "map_at_1": 0.432,
        "map_at_10": 0.52715,
        "map_at_100": 0.53429,
        "map_at_1000": 0.53455,
        "map_at_20": 0.53208,
        "map_at_3": 0.49867,
        "map_at_5": 0.51587,
        "mrr_at_1": 0.432,
        "mrr_at_10": 0.527152777777778,
        "mrr_at_100": 0.5342859712966426,
        "mrr_at_1000": 0.5345511532318693,
        "mrr_at_20": 0.5320793688123024,
        "mrr_at_3": 0.4986666666666664,
        "mrr_at_5": 0.5158666666666663,
        "nauc_map_at_1000_diff1": 0.5929003637119032,
        "nauc_map_at_1000_max": 0.2883662449881706,
        "nauc_map_at_1000_std": -0.05407849442728518,
        "nauc_map_at_100_diff1": 0.5927879926519262,
        "nauc_map_at_100_max": 0.28856191961065575,
        "nauc_map_at_100_std": -0.05378695523630429,
        "nauc_map_at_10_diff1": 0.5912227846658988,
        "nauc_map_at_10_max": 0.28672016433894815,
        "nauc_map_at_10_std": -0.056304927109104654,
        "nauc_map_at_1_diff1": 0.6419056096951524,
        "nauc_map_at_1_max": 0.27578528444111283,
        "nauc_map_at_1_std": -0.0798845368982175,
        "nauc_map_at_20_diff1": 0.5924109719442207,
        "nauc_map_at_20_max": 0.28816050903870233,
        "nauc_map_at_20_std": -0.054287410940215115,
        "nauc_map_at_3_diff1": 0.5943301893643674,
        "nauc_map_at_3_max": 0.2703836761742227,
        "nauc_map_at_3_std": -0.07553377875415322,
        "nauc_map_at_5_diff1": 0.589257720213306,
        "nauc_map_at_5_max": 0.27852818686908704,
        "nauc_map_at_5_std": -0.06502802307939727,
        "nauc_mrr_at_1000_diff1": 0.5929003637119032,
        "nauc_mrr_at_1000_max": 0.2883662449881706,
        "nauc_mrr_at_1000_std": -0.05407849442728518,
        "nauc_mrr_at_100_diff1": 0.5927879926519262,
        "nauc_mrr_at_100_max": 0.28856191961065575,
        "nauc_mrr_at_100_std": -0.05378695523630429,
        "nauc_mrr_at_10_diff1": 0.5912227846658988,
        "nauc_mrr_at_10_max": 0.28672016433894815,
        "nauc_mrr_at_10_std": -0.056304927109104654,
        "nauc_mrr_at_1_diff1": 0.6419056096951524,
        "nauc_mrr_at_1_max": 0.27578528444111283,
        "nauc_mrr_at_1_std": -0.0798845368982175,
        "nauc_mrr_at_20_diff1": 0.5924109719442207,
        "nauc_mrr_at_20_max": 0.28816050903870233,
        "nauc_mrr_at_20_std": -0.054287410940215115,
        "nauc_mrr_at_3_diff1": 0.5943301893643674,
        "nauc_mrr_at_3_max": 0.2703836761742227,
        "nauc_mrr_at_3_std": -0.07553377875415322,
        "nauc_mrr_at_5_diff1": 0.589257720213306,
        "nauc_mrr_at_5_max": 0.27852818686908704,
        "nauc_mrr_at_5_std": -0.06502802307939727,
        "nauc_ndcg_at_1000_diff1": 0.579792155922836,
        "nauc_ndcg_at_1000_max": 0.31074485526752377,
        "nauc_ndcg_at_1000_std": -0.02205984348995889,
        "nauc_ndcg_at_100_diff1": 0.5771090081138774,
        "nauc_ndcg_at_100_max": 0.3152034302248631,
        "nauc_ndcg_at_100_std": -0.014767451964092996,
        "nauc_ndcg_at_10_diff1": 0.572327110476981,
        "nauc_ndcg_at_10_max": 0.3038846946785028,
        "nauc_ndcg_at_10_std": -0.03127642213366536,
        "nauc_ndcg_at_1_diff1": 0.6419056096951524,
        "nauc_ndcg_at_1_max": 0.27578528444111283,
        "nauc_ndcg_at_1_std": -0.0798845368982175,
        "nauc_ndcg_at_20_diff1": 0.575629833920777,
        "nauc_ndcg_at_20_max": 0.3109202369830256,
        "nauc_ndcg_at_20_std": -0.020756196400512787,
        "nauc_ndcg_at_3_diff1": 0.5776992036100611,
        "nauc_ndcg_at_3_max": 0.2673781579379257,
        "nauc_ndcg_at_3_std": -0.07547096231059833,
        "nauc_ndcg_at_5_diff1": 0.5679086592685965,
        "nauc_ndcg_at_5_max": 0.2823977373300657,
        "nauc_ndcg_at_5_std": -0.055426208443848476,
        "nauc_precision_at_1000_diff1": 0.3879096353988719,
        "nauc_precision_at_1000_max": 0.8863155018104836,
        "nauc_precision_at_1000_std": 0.7701600965589451,
        "nauc_precision_at_100_diff1": 0.4434258551905601,
        "nauc_precision_at_100_max": 0.6423337011572297,
        "nauc_precision_at_100_std": 0.46269416857651896,
        "nauc_precision_at_10_diff1": 0.49570722630507114,
        "nauc_precision_at_10_max": 0.3892856122711292,
        "nauc_precision_at_10_std": 0.09079297976438555,
        "nauc_precision_at_1_diff1": 0.6419056096951524,
        "nauc_precision_at_1_max": 0.27578528444111283,
        "nauc_precision_at_1_std": -0.0798845368982175,
        "nauc_precision_at_20_diff1": 0.4924085320693219,
        "nauc_precision_at_20_max": 0.4616776350593548,
        "nauc_precision_at_20_std": 0.19950748037327629,
        "nauc_precision_at_3_diff1": 0.5261931835553894,
        "nauc_precision_at_3_max": 0.2577139620784495,
        "nauc_precision_at_3_std": -0.07574118534329007,
        "nauc_precision_at_5_diff1": 0.4935300865850952,
        "nauc_precision_at_5_max": 0.29767883177894494,
        "nauc_precision_at_5_std": -0.019432882500157417,
        "nauc_recall_at_1000_diff1": 0.387909635398874,
        "nauc_recall_at_1000_max": 0.8863155018104816,
        "nauc_recall_at_1000_std": 0.7701600965589511,
        "nauc_recall_at_100_diff1": 0.4434258551905604,
        "nauc_recall_at_100_max": 0.6423337011572298,
        "nauc_recall_at_100_std": 0.4626941685765206,
        "nauc_recall_at_10_diff1": 0.4957072263050723,
        "nauc_recall_at_10_max": 0.3892856122711302,
        "nauc_recall_at_10_std": 0.09079297976438738,
        "nauc_recall_at_1_diff1": 0.6419056096951524,
        "nauc_recall_at_1_max": 0.27578528444111283,
        "nauc_recall_at_1_std": -0.0798845368982175,
        "nauc_recall_at_20_diff1": 0.49240853206932256,
        "nauc_recall_at_20_max": 0.46167763505935633,
        "nauc_recall_at_20_std": 0.19950748037327748,
        "nauc_recall_at_3_diff1": 0.5261931835553895,
        "nauc_recall_at_3_max": 0.2577139620784493,
        "nauc_recall_at_3_std": -0.07574118534328975,
        "nauc_recall_at_5_diff1": 0.49353008658509523,
        "nauc_recall_at_5_max": 0.29767883177894466,
        "nauc_recall_at_5_std": -0.0194328825001573,
        "ndcg_at_1": 0.432,
        "ndcg_at_10": 0.57851,
        "ndcg_at_100": 0.61268,
        "ndcg_at_1000": 0.61998,
        "ndcg_at_20": 0.5963,
        "ndcg_at_3": 0.52033,
        "ndcg_at_5": 0.55127,
        "precision_at_1": 0.432,
        "precision_at_10": 0.0742,
        "precision_at_100": 0.00901,
        "precision_at_1000": 0.00096,
        "precision_at_20": 0.0406,
        "precision_at_3": 0.19433,
        "precision_at_5": 0.1316,
        "recall_at_1": 0.432,
        "recall_at_10": 0.742,
        "recall_at_100": 0.901,
        "recall_at_1000": 0.959,
        "recall_at_20": 0.812,
        "recall_at_3": 0.583,
        "recall_at_5": 0.658
      }
    ]
  },
  "task_name": "EcomRetrieval"
}