{
  "dataset_revision": "17f9b096f80380fce5ed12a9be8be7784b337daf",
  "evaluation_time": 5.480334520339966,
  "kg_co2_emissions": null,
  "mteb_version": "1.14.18",
  "scores": {
    "test": [
      {
        "cosine_pearson": 0.6925749596500502,
        "cosine_spearman": 0.7598170483896729,
        "euclidean_pearson": 0.7466320934946129,
        "euclidean_spearman": 0.7611644674992885,
        "hf_subset": "default",
        "languages": [
          "cmn-Hans"
        ],
        "main_score": 0.7598170483896729,
        "manhattan_pearson": 0.7466373580049591,
        "manhattan_spearman": 0.7612146166045419,
        "pearson": 0.6925749584426129,
        "spearman": 0.7598170927395104
      }
    ]
  },
  "task_name": "LCQMC"
}