{
  "dataset_revision": "2039188fb5800a9803ba5048df7b76e6fb151fc6",
  "evaluation_time": 154.5977656841278,
  "kg_co2_emissions": null,
  "mteb_version": "1.14.18",
  "scores": {
    "dev": [
      {
        "hf_subset": "default",
        "languages": [
          "cmn-Hans"
        ],
        "main_score": 0.53569,
        "map_at_1": 0.443,
        "map_at_10": 0.50487,
        "map_at_100": 0.50988,
        "map_at_1000": 0.51053,
        "map_at_20": 0.50708,
        "map_at_3": 0.48933,
        "map_at_5": 0.49883,
        "mrr_at_1": 0.443,
        "mrr_at_10": 0.5048996031746029,
        "mrr_at_100": 0.509910649779018,
        "mrr_at_1000": 0.5105635858465372,
        "mrr_at_20": 0.5071137530555098,
        "mrr_at_3": 0.489333333333333,
        "mrr_at_5": 0.4990333333333329,
        "nauc_map_at_1000_diff1": 0.7522915911030876,
        "nauc_map_at_1000_max": 0.44786747953185996,
        "nauc_map_at_1000_std": 0.1724927360605353,
        "nauc_map_at_100_diff1": 0.7520718305811253,
        "nauc_map_at_100_max": 0.44774277187536043,
        "nauc_map_at_100_std": 0.17251756113109482,
        "nauc_map_at_10_diff1": 0.7532446845373508,
        "nauc_map_at_10_max": 0.44987907858163256,
        "nauc_map_at_10_std": 0.16866657711465438,
        "nauc_map_at_1_diff1": 0.7957768282056874,
        "nauc_map_at_1_max": 0.47842103956806814,
        "nauc_map_at_1_std": 0.14908862416409857,
        "nauc_map_at_20_diff1": 0.752276899523416,
        "nauc_map_at_20_max": 0.44773558871557034,
        "nauc_map_at_20_std": 0.17067082449812374,
        "nauc_map_at_3_diff1": 0.7631409004761408,
        "nauc_map_at_3_max": 0.4597393943085206,
        "nauc_map_at_3_std": 0.1714799512036087,
        "nauc_map_at_5_diff1": 0.7558276055841171,
        "nauc_map_at_5_max": 0.45102156513126446,
        "nauc_map_at_5_std": 0.17250913292863146,
        "nauc_mrr_at_1000_diff1": 0.752263472687726,
        "nauc_mrr_at_1000_max": 0.44784795839323815,
        "nauc_mrr_at_1000_std": 0.1741699653459554,
        "nauc_mrr_at_100_diff1": 0.7520437490004153,
        "nauc_mrr_at_100_max": 0.4477232772925739,
        "nauc_mrr_at_100_std": 0.17419213142479678,
        "nauc_mrr_at_10_diff1": 0.7532168923364327,
        "nauc_mrr_at_10_max": 0.4498598311469541,
        "nauc_mrr_at_10_std": 0.17032620331466616,
        "nauc_mrr_at_1_diff1": 0.7957768282056874,
        "nauc_mrr_at_1_max": 0.47842103956806814,
        "nauc_mrr_at_1_std": 0.15238062890354032,
        "nauc_mrr_at_20_diff1": 0.7522489730200903,
        "nauc_mrr_at_20_max": 0.4477161965383354,
        "nauc_mrr_at_20_std": 0.17233651171791037,
        "nauc_mrr_at_3_diff1": 0.7631409004761408,
        "nauc_mrr_at_3_max": 0.4597393943085206,
        "nauc_mrr_at_3_std": 0.17317277756082533,
        "nauc_mrr_at_5_diff1": 0.755662780282365,
        "nauc_mrr_at_5_max": 0.45090728114304673,
        "nauc_mrr_at_5_std": 0.17383508329268507,
        "nauc_ndcg_at_1000_diff1": 0.7355291169080944,
        "nauc_ndcg_at_1000_max": 0.4310988461083312,
        "nauc_ndcg_at_1000_std": 0.18603584679450197,
        "nauc_ndcg_at_100_diff1": 0.7274672588977676,
        "nauc_ndcg_at_100_max": 0.42424984663251175,
        "nauc_ndcg_at_100_std": 0.1913402821385711,
        "nauc_ndcg_at_10_diff1": 0.7334172510622041,
        "nauc_ndcg_at_10_max": 0.4343248559897053,
        "nauc_ndcg_at_10_std": 0.1706593989654506,
        "nauc_ndcg_at_1_diff1": 0.7957768282056874,
        "nauc_ndcg_at_1_max": 0.47842103956806814,
        "nauc_ndcg_at_1_std": 0.14908862416409857,
        "nauc_ndcg_at_20_diff1": 0.7293932631029038,
        "nauc_ndcg_at_20_max": 0.42544779954469486,
        "nauc_ndcg_at_20_std": 0.17844614919006488,
        "nauc_ndcg_at_3_diff1": 0.7532219891428797,
        "nauc_ndcg_at_3_max": 0.4533146615860538,
        "nauc_ndcg_at_3_std": 0.17810970459012668,
        "nauc_ndcg_at_5_diff1": 0.739887239975598,
        "nauc_ndcg_at_5_max": 0.43759019430950674,
        "nauc_ndcg_at_5_std": 0.17995910890200242,
        "nauc_precision_at_1000_diff1": 0.6315119655167997,
        "nauc_precision_at_1000_max": 0.2954414642569313,
        "nauc_precision_at_1000_std": 0.34417968100482027,
        "nauc_precision_at_100_diff1": 0.5954593128106305,
        "nauc_precision_at_100_max": 0.2898466748865275,
        "nauc_precision_at_100_std": 0.32052292689938255,
        "nauc_precision_at_10_diff1": 0.6632189830593929,
        "nauc_precision_at_10_max": 0.3785613326841341,
        "nauc_precision_at_10_std": 0.17311374046884037,
        "nauc_precision_at_1_diff1": 0.7957768282056874,
        "nauc_precision_at_1_max": 0.47842103956806814,
        "nauc_precision_at_1_std": 0.14908862416409857,
        "nauc_precision_at_20_diff1": 0.6397512502980898,
        "nauc_precision_at_20_max": 0.3324130333289662,
        "nauc_precision_at_20_std": 0.20970076814821498,
        "nauc_precision_at_3_diff1": 0.7237066181220277,
        "nauc_precision_at_3_max": 0.4339348282621524,
        "nauc_precision_at_3_std": 0.19777606268298642,
        "nauc_precision_at_5_diff1": 0.6887203464317734,
        "nauc_precision_at_5_max": 0.39357474944096754,
        "nauc_precision_at_5_std": 0.20304604904273493,
        "nauc_recall_at_1000_diff1": 0.6315119655168006,
        "nauc_recall_at_1000_max": 0.29544146425693446,
        "nauc_recall_at_1000_std": 0.34417968100482005,
        "nauc_recall_at_100_diff1": 0.5954593128106304,
        "nauc_recall_at_100_max": 0.28984667488652743,
        "nauc_recall_at_100_std": 0.32052292689938255,
        "nauc_recall_at_10_diff1": 0.663218983059394,
        "nauc_recall_at_10_max": 0.37856133268413517,
        "nauc_recall_at_10_std": 0.1731137404688407,
        "nauc_recall_at_1_diff1": 0.7957768282056874,
        "nauc_recall_at_1_max": 0.47842103956806814,
        "nauc_recall_at_1_std": 0.14908862416409857,
        "nauc_recall_at_20_diff1": 0.6397512502980897,
        "nauc_recall_at_20_max": 0.33241303332896677,
        "nauc_recall_at_20_std": 0.20970076814821526,
        "nauc_recall_at_3_diff1": 0.7237066181220274,
        "nauc_recall_at_3_max": 0.4339348282621519,
        "nauc_recall_at_3_std": 0.1977760626829862,
        "nauc_recall_at_5_diff1": 0.6887203464317733,
        "nauc_recall_at_5_max": 0.3935747494409681,
        "nauc_recall_at_5_std": 0.2030460490427349,
        "ndcg_at_1": 0.443,
        "ndcg_at_10": 0.53569,
        "ndcg_at_100": 0.56363,
        "ndcg_at_1000": 0.58289,
        "ndcg_at_20": 0.54395,
        "ndcg_at_3": 0.50393,
        "ndcg_at_5": 0.52093,
        "precision_at_1": 0.443,
        "precision_at_10": 0.0633,
        "precision_at_100": 0.00771,
        "precision_at_1000": 0.00093,
        "precision_at_20": 0.0333,
        "precision_at_3": 0.182,
        "precision_at_5": 0.1174,
        "recall_at_1": 0.443,
        "recall_at_10": 0.633,
        "recall_at_100": 0.771,
        "recall_at_1000": 0.927,
        "recall_at_20": 0.666,
        "recall_at_3": 0.546,
        "recall_at_5": 0.587
      }
    ]
  },
  "task_name": "MedicalRetrieval"
}