{
  "dataset_revision": "8e0c766dbe9e16e1d221116a3f36795fbade07f6",
  "evaluation_time": 156.0938093662262,
  "kg_co2_emissions": null,
  "mteb_version": "1.14.18",
  "scores": {
    "dev": [
      {
        "hf_subset": "default",
        "languages": [
          "cmn-Hans"
        ],
        "main_score": 0.21721997806583818,
        "map": 0.21721997806583818,
        "mrr": 0.2081904761904762,
        "nAUC_map_diff1": 0.25236181432715776,
        "nAUC_map_max": 0.11575141392708463,
        "nAUC_map_std": -0.18490278457022072,
        "nAUC_mrr_diff1": 0.23735681236579717,
        "nAUC_mrr_max": 0.10216553906790529,
        "nAUC_mrr_std": -0.20818948272287782
      }
    ]
  },
  "task_name": "MMarcoReranking"
}