{
  "dataset_revision": "539bbde593d947e2a124ba72651aafc09eb33fc2",
  "evaluation_time": 168.38010621070862,
  "kg_co2_emissions": null,
  "mteb_version": "1.14.18",
  "scores": {
    "dev": [
      {
        "hf_subset": "default",
        "languages": [
          "cmn-Hans"
        ],
        "main_score": 0.71842,
        "map_at_1": 0.58218,
        "map_at_10": 0.67665,
        "map_at_100": 0.68127,
        "map_at_1000": 0.68145,
        "map_at_20": 0.67963,
        "map_at_3": 0.65544,
        "map_at_5": 0.66859,
        "mrr_at_1": 0.6030085959885387,
        "mrr_at_10": 0.6837608018374496,
        "mrr_at_100": 0.6878672514340372,
        "mrr_at_1000": 0.6880241418107544,
        "mrr_at_20": 0.6864136969267727,
        "mrr_at_3": 0.6647564469914057,
        "mrr_at_5": 0.6766045845272192,
        "nauc_map_at_1000_diff1": 0.7235058449157153,
        "nauc_map_at_1000_max": 0.365011391374866,
        "nauc_map_at_1000_std": -0.042707342690214464,
        "nauc_map_at_100_diff1": 0.7234398173598215,
        "nauc_map_at_100_max": 0.36513089612118915,
        "nauc_map_at_100_std": -0.04248529860387294,
        "nauc_map_at_10_diff1": 0.7225026332443198,
        "nauc_map_at_10_max": 0.3647414004418791,
        "nauc_map_at_10_std": -0.044336839422147924,
        "nauc_map_at_1_diff1": 0.7534852424886366,
        "nauc_map_at_1_max": 0.30441977027786504,
        "nauc_map_at_1_std": -0.09894805403750326,
        "nauc_map_at_20_diff1": 0.7229538624343302,
        "nauc_map_at_20_max": 0.3657968515443233,
        "nauc_map_at_20_std": -0.04221542327891607,
        "nauc_map_at_3_diff1": 0.7252273730535718,
        "nauc_map_at_3_max": 0.35086364678643983,
        "nauc_map_at_3_std": -0.06297423752851353,
        "nauc_map_at_5_diff1": 0.7226626584319419,
        "nauc_map_at_5_max": 0.3617356526363287,
        "nauc_map_at_5_std": -0.050040835684445915,
        "nauc_mrr_at_1000_diff1": 0.7252966603989205,
        "nauc_mrr_at_1000_max": 0.37221320869471847,
        "nauc_mrr_at_1000_std": -0.03663636285627473,
        "nauc_mrr_at_100_diff1": 0.725216409750201,
        "nauc_mrr_at_100_max": 0.3723234818182916,
        "nauc_mrr_at_100_std": -0.0364340235384175,
        "nauc_mrr_at_10_diff1": 0.7242798776629205,
        "nauc_mrr_at_10_max": 0.3725694972290359,
        "nauc_mrr_at_10_std": -0.03756231683793363,
        "nauc_mrr_at_1_diff1": 0.7583524165399614,
        "nauc_mrr_at_1_max": 0.33374417537354634,
        "nauc_mrr_at_1_std": -0.08367475760426489,
        "nauc_mrr_at_20_diff1": 0.7247531614207837,
        "nauc_mrr_at_20_max": 0.373202032852306,
        "nauc_mrr_at_20_std": -0.03578924620105282,
        "nauc_mrr_at_3_diff1": 0.727431618178766,
        "nauc_mrr_at_3_max": 0.36310024760465925,
        "nauc_mrr_at_3_std": -0.05261490050618556,
        "nauc_mrr_at_5_diff1": 0.7244263975576126,
        "nauc_mrr_at_5_max": 0.371041717621703,
        "nauc_mrr_at_5_std": -0.0413764806235352,
        "nauc_ndcg_at_1000_diff1": 0.7153398966704709,
        "nauc_ndcg_at_1000_max": 0.3864027027522646,
        "nauc_ndcg_at_1000_std": -0.011008135588703859,
        "nauc_ndcg_at_100_diff1": 0.713062202806533,
        "nauc_ndcg_at_100_max": 0.3907095417750315,
        "nauc_ndcg_at_100_std": -0.003386820350935821,
        "nauc_ndcg_at_10_diff1": 0.7081734884433027,
        "nauc_ndcg_at_10_max": 0.392034020652724,
        "nauc_ndcg_at_10_std": -0.00978592056125753,
        "nauc_ndcg_at_1_diff1": 0.7583524165399614,
        "nauc_ndcg_at_1_max": 0.33374417537354634,
        "nauc_ndcg_at_1_std": -0.08367475760426489,
        "nauc_ndcg_at_20_diff1": 0.7093642534053012,
        "nauc_ndcg_at_20_max": 0.3961677013855543,
        "nauc_ndcg_at_20_std": -0.00014495704660978691,
        "nauc_ndcg_at_3_diff1": 0.7149214815467843,
        "nauc_ndcg_at_3_max": 0.3654297688607293,
        "nauc_ndcg_at_3_std": -0.04882041638775056,
        "nauc_ndcg_at_5_diff1": 0.70902592883429,
        "nauc_ndcg_at_5_max": 0.3840033710982887,
        "nauc_ndcg_at_5_std": -0.025181636847140858,
        "nauc_precision_at_1000_diff1": -0.05179758925732264,
        "nauc_precision_at_1000_max": 0.2521088567043963,
        "nauc_precision_at_1000_std": 0.27531813073627825,
        "nauc_precision_at_100_diff1": 0.10831097348116808,
        "nauc_precision_at_100_max": 0.35363899158946965,
        "nauc_precision_at_100_std": 0.31331126678117055,
        "nauc_precision_at_10_diff1": 0.3504945674054987,
        "nauc_precision_at_10_max": 0.4257456671919456,
        "nauc_precision_at_10_std": 0.1952897102705008,
        "nauc_precision_at_1_diff1": 0.7583524165399614,
        "nauc_precision_at_1_max": 0.33374417537354634,
        "nauc_precision_at_1_std": -0.08367475760426489,
        "nauc_precision_at_20_diff1": 0.26937842272059465,
        "nauc_precision_at_20_max": 0.4272654137094942,
        "nauc_precision_at_20_std": 0.26726654884170403,
        "nauc_precision_at_3_diff1": 0.5213499708297785,
        "nauc_precision_at_3_max": 0.3808552315447085,
        "nauc_precision_at_3_std": 0.032138922795040624,
        "nauc_precision_at_5_diff1": 0.44463883068410304,
        "nauc_precision_at_5_max": 0.4157336516685722,
        "nauc_precision_at_5_std": 0.1097503497264381,
        "nauc_recall_at_1000_diff1": 0.6129093271036993,
        "nauc_recall_at_1000_max": 0.7379540749106004,
        "nauc_recall_at_1000_std": 0.6495503998700899,
        "nauc_recall_at_100_diff1": 0.6046965308255181,
        "nauc_recall_at_100_max": 0.6466332693872484,
        "nauc_recall_at_100_std": 0.4686852157303741,
        "nauc_recall_at_10_diff1": 0.6261357205167103,
        "nauc_recall_at_10_max": 0.5173096474965089,
        "nauc_recall_at_10_std": 0.16382120312133053,
        "nauc_recall_at_1_diff1": 0.7534852424886366,
        "nauc_recall_at_1_max": 0.30441977027786504,
        "nauc_recall_at_1_std": -0.09894805403750326,
        "nauc_recall_at_20_diff1": 0.6144365095607959,
        "nauc_recall_at_20_max": 0.5841647914079644,
        "nauc_recall_at_20_std": 0.2874345651455289,
        "nauc_recall_at_3_diff1": 0.6718129679613426,
        "nauc_recall_at_3_max": 0.39694429857605856,
        "nauc_recall_at_3_std": -0.012892962909424481,
        "nauc_recall_at_5_diff1": 0.64757553733794,
        "nauc_recall_at_5_max": 0.4583211265542914,
        "nauc_recall_at_5_std": 0.06426612787897991,
        "ndcg_at_1": 0.60301,
        "ndcg_at_10": 0.71842,
        "ndcg_at_100": 0.7397,
        "ndcg_at_1000": 0.74446,
        "ndcg_at_20": 0.72864,
        "ndcg_at_3": 0.67764,
        "ndcg_at_5": 0.70004,
        "precision_at_1": 0.60301,
        "precision_at_10": 0.08938,
        "precision_at_100": 0.01,
        "precision_at_1000": 0.00104,
        "precision_at_20": 0.04683,
        "precision_at_3": 0.25821,
        "precision_at_5": 0.16662,
        "recall_at_1": 0.58218,
        "recall_at_10": 0.84093,
        "recall_at_100": 0.93832,
        "recall_at_1000": 0.97584,
        "recall_at_20": 0.88038,
        "recall_at_3": 0.73246,
        "recall_at_5": 0.78565
      }
    ]
  },
  "task_name": "MMarcoRetrieval"
}