{
  "dataset_revision": "8731a845f1bf500a4f111cf1070785c793d10e64",
  "evaluation_time": 1024.3475315570831,
  "kg_co2_emissions": null,
  "mteb_version": "1.14.18",
  "scores": {
    "dev": [
      {
        "hf_subset": "default",
        "languages": [
          "cmn-Hans"
        ],
        "main_score": 0.75101,
        "map_at_1": 0.23385,
        "map_at_10": 0.65627,
        "map_at_100": 0.69781,
        "map_at_1000": 0.69892,
        "map_at_20": 0.68577,
        "map_at_3": 0.45719,
        "map_at_5": 0.56225,
        "mrr_at_1": 0.8175521655269157,
        "mrr_at_10": 0.858980810016453,
        "mrr_at_100": 0.8607717380945373,
        "mrr_at_1000": 0.860843962775315,
        "mrr_at_20": 0.860159230993965,
        "mrr_at_3": 0.8509264129990065,
        "mrr_at_5": 0.8558514524519293,
        "nauc_map_at_1000_diff1": 0.18662318338734474,
        "nauc_map_at_1000_max": 0.42018367217687297,
        "nauc_map_at_1000_std": 0.2247941709141989,
        "nauc_map_at_100_diff1": 0.18649324134563253,
        "nauc_map_at_100_max": 0.4190961353717418,
        "nauc_map_at_100_std": 0.2244942953399276,
        "nauc_map_at_10_diff1": 0.21108175556350586,
        "nauc_map_at_10_max": 0.33266616653408254,
        "nauc_map_at_10_std": 0.13573869876116473,
        "nauc_map_at_1_diff1": 0.4331600414404447,
        "nauc_map_at_1_max": -0.13882397269082614,
        "nauc_map_at_1_std": -0.19627798013050032,
        "nauc_map_at_20_diff1": 0.19029849412625927,
        "nauc_map_at_20_max": 0.39713291608624834,
        "nauc_map_at_20_std": 0.20194067490119327,
        "nauc_map_at_3_diff1": 0.3275138935283261,
        "nauc_map_at_3_max": 0.00828386603538135,
        "nauc_map_at_3_std": -0.11878555730560197,
        "nauc_map_at_5_diff1": 0.27478246757221114,
        "nauc_map_at_5_max": 0.1439427448741053,
        "nauc_map_at_5_std": -0.022287515105486825,
        "nauc_mrr_at_1000_diff1": 0.45166671175336964,
        "nauc_mrr_at_1000_max": 0.6540284939816364,
        "nauc_mrr_at_1000_std": 0.3469486746823079,
        "nauc_mrr_at_100_diff1": 0.45165317970972985,
        "nauc_mrr_at_100_max": 0.6541124280185786,
        "nauc_mrr_at_100_std": 0.34710758021314536,
        "nauc_mrr_at_10_diff1": 0.4515964525247307,
        "nauc_mrr_at_10_max": 0.654848787203127,
        "nauc_mrr_at_10_std": 0.347530635578103,
        "nauc_mrr_at_1_diff1": 0.4594603348317514,
        "nauc_mrr_at_1_max": 0.6216964307793003,
        "nauc_mrr_at_1_std": 0.29925837707160474,
        "nauc_mrr_at_20_diff1": 0.4516485520084039,
        "nauc_mrr_at_20_max": 0.6546212119700991,
        "nauc_mrr_at_20_std": 0.34776791237801935,
        "nauc_mrr_at_3_diff1": 0.45037578066683653,
        "nauc_mrr_at_3_max": 0.6520846799371338,
        "nauc_mrr_at_3_std": 0.3418438804565624,
        "nauc_mrr_at_5_diff1": 0.4508549888996173,
        "nauc_mrr_at_5_max": 0.654363472911554,
        "nauc_mrr_at_5_std": 0.34645622252561437,
        "nauc_ndcg_at_1000_diff1": 0.23510165846913408,
        "nauc_ndcg_at_1000_max": 0.5267686033087214,
        "nauc_ndcg_at_1000_std": 0.31516194280674165,
        "nauc_ndcg_at_100_diff1": 0.22990293013300422,
        "nauc_ndcg_at_100_max": 0.5176359586133336,
        "nauc_ndcg_at_100_std": 0.3177181593215077,
        "nauc_ndcg_at_10_diff1": 0.22387084681571218,
        "nauc_ndcg_at_10_max": 0.43810330397665487,
        "nauc_ndcg_at_10_std": 0.2293617153286533,
        "nauc_ndcg_at_1_diff1": 0.4594603348317514,
        "nauc_ndcg_at_1_max": 0.6216964307793003,
        "nauc_ndcg_at_1_std": 0.29925837707160474,
        "nauc_ndcg_at_20_diff1": 0.2261888138308268,
        "nauc_ndcg_at_20_max": 0.4705695097398038,
        "nauc_ndcg_at_20_std": 0.27099011720942084,
        "nauc_ndcg_at_3_diff1": 0.21232868241019207,
        "nauc_ndcg_at_3_max": 0.5480596506055383,
        "nauc_ndcg_at_3_std": 0.29099394152344343,
        "nauc_ndcg_at_5_diff1": 0.19855070337244338,
        "nauc_ndcg_at_5_max": 0.48996412505142606,
        "nauc_ndcg_at_5_std": 0.2614961210600203,
        "nauc_precision_at_1000_diff1": -0.21276222040888493,
        "nauc_precision_at_1000_max": 0.46031315458164274,
        "nauc_precision_at_1000_std": 0.41240144959315644,
        "nauc_precision_at_100_diff1": -0.20855724769914716,
        "nauc_precision_at_100_max": 0.4830099236164149,
        "nauc_precision_at_100_std": 0.43957975203091876,
        "nauc_precision_at_10_diff1": -0.17580796682288397,
        "nauc_precision_at_10_max": 0.5206290526093007,
        "nauc_precision_at_10_std": 0.4156009961614483,
        "nauc_precision_at_1_diff1": 0.4594603348317514,
        "nauc_precision_at_1_max": 0.6216964307793003,
        "nauc_precision_at_1_std": 0.29925837707160474,
        "nauc_precision_at_20_diff1": -0.1949260085024244,
        "nauc_precision_at_20_max": 0.5055563804507042,
        "nauc_precision_at_20_std": 0.4370852269462223,
        "nauc_precision_at_3_diff1": -0.044669425994155805,
        "nauc_precision_at_3_max": 0.5748274363398176,
        "nauc_precision_at_3_std": 0.363790221743604,
        "nauc_precision_at_5_diff1": -0.12827854408571707,
        "nauc_precision_at_5_max": 0.5449020677675521,
        "nauc_precision_at_5_std": 0.38609997230231285,
        "nauc_recall_at_1000_diff1": 0.15451263810790417,
        "nauc_recall_at_1000_max": 0.5592151398070513,
        "nauc_recall_at_1000_std": 0.6263189757579334,
        "nauc_recall_at_100_diff1": 0.14031470976129323,
        "nauc_recall_at_100_max": 0.45793995591834363,
        "nauc_recall_at_100_std": 0.4568319328383087,
        "nauc_recall_at_10_diff1": 0.18448441168211874,
        "nauc_recall_at_10_max": 0.25220865410079646,
        "nauc_recall_at_10_std": 0.11723737003713416,
        "nauc_recall_at_1_diff1": 0.4331600414404447,
        "nauc_recall_at_1_max": -0.13882397269082614,
        "nauc_recall_at_1_std": -0.19627798013050032,
        "nauc_recall_at_20_diff1": 0.15198123833516042,
        "nauc_recall_at_20_max": 0.3486102153726047,
        "nauc_recall_at_20_std": 0.25458351514384786,
        "nauc_recall_at_3_diff1": 0.300189220077691,
        "nauc_recall_at_3_max": -0.036465310561581726,
        "nauc_recall_at_3_std": -0.13658788884168818,
        "nauc_recall_at_5_diff1": 0.24842913577545442,
        "nauc_recall_at_5_max": 0.07048607212665697,
        "nauc_recall_at_5_std": -0.05304728770321957,
        "ndcg_at_1": 0.81755,
        "ndcg_at_10": 0.75101,
        "ndcg_at_100": 0.80443,
        "ndcg_at_1000": 0.81571,
        "ndcg_at_20": 0.77556,
        "ndcg_at_3": 0.76557,
        "ndcg_at_5": 0.74781,
        "precision_at_1": 0.81755,
        "precision_at_10": 0.38063,
        "precision_at_100": 0.04852,
        "precision_at_1000": 0.00512,
        "precision_at_20": 0.21655,
        "precision_at_3": 0.67416,
        "precision_at_5": 0.56372,
        "recall_at_1": 0.23385,
        "recall_at_10": 0.74751,
        "recall_at_100": 0.91617,
        "recall_at_1000": 0.97381,
        "recall_at_20": 0.82331,
        "recall_at_3": 0.48047,
        "recall_at_5": 0.60882
      }
    ]
  },
  "task_name": "T2Retrieval"
}