{
  "dataset_revision": "76631901a18387f85eaa53e5450019b87ad58ef9",
  "evaluation_time": 756.4857206344604,
  "kg_co2_emissions": null,
  "mteb_version": "1.14.18",
  "scores": {
    "dev": [
      {
        "hf_subset": "default",
        "languages": [
          "cmn-Hans"
        ],
        "main_score": 0.6480616781569168,
        "map": 0.6480616781569168,
        "mrr": 0.7339311237923289,
        "nAUC_map_diff1": -0.1162272006418221,
        "nAUC_map_max": 0.256768422606417,
        "nAUC_map_std": -0.06601905644039383,
        "nAUC_mrr_diff1": -0.1077104436111578,
        "nAUC_mrr_max": 0.16179211059161494,
        "nAUC_mrr_std": -0.07981975328890176
      }
    ]
  },
  "task_name": "T2Reranking"
}