{
  "dataset_revision": "58c2597a5943a2ba48f4668c3b90d796283c5639",
  "evaluation_time": 48.9277081489563,
  "kg_co2_emissions": null,
  "mteb_version": "1.14.18",
  "scores": {
    "dev": [
      {
        "hf_subset": "default",
        "languages": [
          "cmn-Hans"
        ],
        "main_score": 0.6109,
        "map_at_1": 0.454,
        "map_at_10": 0.55821,
        "map_at_100": 0.56495,
        "map_at_1000": 0.5652,
        "map_at_20": 0.56271,
        "map_at_3": 0.5325,
        "map_at_5": 0.54715,
        "mrr_at_1": 0.454,
        "mrr_at_10": 0.5582063492063487,
        "mrr_at_100": 0.5649490593320108,
        "mrr_at_1000": 0.5652022050609169,
        "mrr_at_20": 0.5627147031674892,
        "mrr_at_3": 0.5324999999999996,
        "mrr_at_5": 0.5471499999999994,
        "nauc_map_at_1000_diff1": 0.5540815432592303,
        "nauc_map_at_1000_max": 0.2206373788230496,
        "nauc_map_at_1000_std": -0.23000709416380888,
        "nauc_map_at_100_diff1": 0.553973098671063,
        "nauc_map_at_100_max": 0.2206771638131869,
        "nauc_map_at_100_std": -0.23006008623261087,
        "nauc_map_at_10_diff1": 0.5511756358916514,
        "nauc_map_at_10_max": 0.21783136045576804,
        "nauc_map_at_10_std": -0.23475974384701084,
        "nauc_map_at_1_diff1": 0.5976097498288746,
        "nauc_map_at_1_max": 0.21872336407910853,
        "nauc_map_at_1_std": -0.21820015263612028,
        "nauc_map_at_20_diff1": 0.5530977197115426,
        "nauc_map_at_20_max": 0.21989006890634372,
        "nauc_map_at_20_std": -0.23125572631070193,
        "nauc_map_at_3_diff1": 0.5623914288996272,
        "nauc_map_at_3_max": 0.2296820086807548,
        "nauc_map_at_3_std": -0.22879218079010014,
        "nauc_map_at_5_diff1": 0.5527867316649159,
        "nauc_map_at_5_max": 0.22277779306916037,
        "nauc_map_at_5_std": -0.2306376118838557,
        "nauc_mrr_at_1000_diff1": 0.5540815432592303,
        "nauc_mrr_at_1000_max": 0.2206373788230496,
        "nauc_mrr_at_1000_std": -0.23000709416380888,
        "nauc_mrr_at_100_diff1": 0.553973098671063,
        "nauc_mrr_at_100_max": 0.2206771638131869,
        "nauc_mrr_at_100_std": -0.23006008623261087,
        "nauc_mrr_at_10_diff1": 0.5511756358916514,
        "nauc_mrr_at_10_max": 0.21783136045576804,
        "nauc_mrr_at_10_std": -0.23475974384701084,
        "nauc_mrr_at_1_diff1": 0.5976097498288746,
        "nauc_mrr_at_1_max": 0.21872336407910853,
        "nauc_mrr_at_1_std": -0.21820015263612028,
        "nauc_mrr_at_20_diff1": 0.5530977197115426,
        "nauc_mrr_at_20_max": 0.21989006890634372,
        "nauc_mrr_at_20_std": -0.23125572631070193,
        "nauc_mrr_at_3_diff1": 0.5623914288996272,
        "nauc_mrr_at_3_max": 0.2296820086807548,
        "nauc_mrr_at_3_std": -0.22879218079010014,
        "nauc_mrr_at_5_diff1": 0.5527867316649159,
        "nauc_mrr_at_5_max": 0.22277779306916037,
        "nauc_mrr_at_5_std": -0.2306376118838557,
        "nauc_ndcg_at_1000_diff1": 0.5442934098129729,
        "nauc_ndcg_at_1000_max": 0.22262165674741635,
        "nauc_ndcg_at_1000_std": -0.22245826567063445,
        "nauc_ndcg_at_100_diff1": 0.5410710371997782,
        "nauc_ndcg_at_100_max": 0.22487850624512307,
        "nauc_ndcg_at_100_std": -0.22086370749909778,
        "nauc_ndcg_at_10_diff1": 0.52688878142003,
        "nauc_ndcg_at_10_max": 0.20935933532773715,
        "nauc_ndcg_at_10_std": -0.24674898445403823,
        "nauc_ndcg_at_1_diff1": 0.5976097498288746,
        "nauc_ndcg_at_1_max": 0.21872336407910853,
        "nauc_ndcg_at_1_std": -0.21820015263612028,
        "nauc_ndcg_at_20_diff1": 0.5333199600469943,
        "nauc_ndcg_at_20_max": 0.21803651457883386,
        "nauc_ndcg_at_20_std": -0.23214758608616226,
        "nauc_ndcg_at_3_diff1": 0.5514905535639627,
        "nauc_ndcg_at_3_max": 0.23472650627801733,
        "nauc_ndcg_at_3_std": -0.23221650873710448,
        "nauc_ndcg_at_5_diff1": 0.5326336843076156,
        "nauc_ndcg_at_5_max": 0.221970600894183,
        "nauc_ndcg_at_5_std": -0.23520948936605643,
        "nauc_precision_at_1000_diff1": 0.5350944975691422,
        "nauc_precision_at_1000_max": 0.32594417077175375,
        "nauc_precision_at_1000_std": 0.2008435558131242,
        "nauc_precision_at_100_diff1": 0.45509827862768953,
        "nauc_precision_at_100_max": 0.3273659891306944,
        "nauc_precision_at_100_std": -0.0005267064090603349,
        "nauc_precision_at_10_diff1": 0.4107862498595117,
        "nauc_precision_at_10_max": 0.16234423059720438,
        "nauc_precision_at_10_std": -0.3076877203364382,
        "nauc_precision_at_1_diff1": 0.5976097498288746,
        "nauc_precision_at_1_max": 0.21872336407910853,
        "nauc_precision_at_1_std": -0.21820015263612028,
        "nauc_precision_at_20_diff1": 0.41652552773686613,
        "nauc_precision_at_20_max": 0.21090451644575386,
        "nauc_precision_at_20_std": -0.22103583701521937,
        "nauc_precision_at_3_diff1": 0.5168728059690222,
        "nauc_precision_at_3_max": 0.2513840482152069,
        "nauc_precision_at_3_std": -0.24314738855266296,
        "nauc_precision_at_5_diff1": 0.4576317301547803,
        "nauc_precision_at_5_max": 0.2173321567104191,
        "nauc_precision_at_5_std": -0.2514351279219426,
        "nauc_recall_at_1000_diff1": 0.535094497569144,
        "nauc_recall_at_1000_max": 0.3259441707717534,
        "nauc_recall_at_1000_std": 0.20084355581312932,
        "nauc_recall_at_100_diff1": 0.4550982786276915,
        "nauc_recall_at_100_max": 0.3273659891306928,
        "nauc_recall_at_100_std": -0.0005267064090606485,
        "nauc_recall_at_10_diff1": 0.41078624985951206,
        "nauc_recall_at_10_max": 0.16234423059720507,
        "nauc_recall_at_10_std": -0.3076877203364369,
        "nauc_recall_at_1_diff1": 0.5976097498288746,
        "nauc_recall_at_1_max": 0.21872336407910853,
        "nauc_recall_at_1_std": -0.21820015263612028,
        "nauc_recall_at_20_diff1": 0.41652552773686774,
        "nauc_recall_at_20_max": 0.21090451644575317,
        "nauc_recall_at_20_std": -0.22103583701521848,
        "nauc_recall_at_3_diff1": 0.5168728059690226,
        "nauc_recall_at_3_max": 0.2513840482152074,
        "nauc_recall_at_3_std": -0.24314738855266257,
        "nauc_recall_at_5_diff1": 0.4576317301547809,
        "nauc_recall_at_5_max": 0.21733215671042053,
        "nauc_recall_at_5_std": -0.251435127921941,
        "ndcg_at_1": 0.454,
        "ndcg_at_10": 0.6109,
        "ndcg_at_100": 0.64246,
        "ndcg_at_1000": 0.64879,
        "ndcg_at_20": 0.627,
        "ndcg_at_3": 0.55806,
        "ndcg_at_5": 0.58465,
        "precision_at_1": 0.454,
        "precision_at_10": 0.0777,
        "precision_at_100": 0.00922,
        "precision_at_1000": 0.00097,
        "precision_at_20": 0.042,
        "precision_at_3": 0.21067,
        "precision_at_5": 0.1394,
        "recall_at_1": 0.454,
        "recall_at_10": 0.777,
        "recall_at_100": 0.922,
        "recall_at_1000": 0.971,
        "recall_at_20": 0.84,
        "recall_at_3": 0.632,
        "recall_at_5": 0.697
      }
    ]
  },
  "task_name": "VideoRetrieval"
}