{
  "dataset_revision": "e3dda5e115e487b39ec7e618c0c6a29137052a55",
  "evaluation_time": 28.326509475708008,
  "kg_co2_emissions": null,
  "mteb_version": "1.14.18",
  "scores": {
    "test": [
      {
        "cosine_pearson": 0.6144699329132086,
        "cosine_spearman": 0.6314830724084596,
        "euclidean_pearson": 0.5990135903770902,
        "euclidean_spearman": 0.6135875579912465,
        "hf_subset": "default",
        "languages": [
          "cmn-Hans"
        ],
        "main_score": 0.6314830724084596,
        "manhattan_pearson": 0.5983350937896061,
        "manhattan_spearman": 0.6129368264977388,
        "pearson": 0.6144699340027042,
        "spearman": 0.6314831416848089
      }
    ],
    "validation": [
      {
        "cosine_pearson": 0.6438337221583789,
        "cosine_spearman": 0.6618608188557074,
        "euclidean_pearson": 0.6305875187792976,
        "euclidean_spearman": 0.6474628000134526,
        "hf_subset": "default",
        "languages": [
          "cmn-Hans"
        ],
        "main_score": 0.6618608188557074,
        "manhattan_pearson": 0.6304234214164148,
        "manhattan_spearman": 0.6473841302653776,
        "pearson": 0.6438337299912532,
        "spearman": 0.6618608188457795
      }
    ]
  },
  "task_name": "BQ"
}