{
  "dataset_revision": "cd540c506dae1cf9e9a59c3e06f42030d54e7301",
  "evaluation_time": 1105.3076660633087,
  "kg_co2_emissions": null,
  "mteb_version": "1.14.18",
  "scores": {
    "dev": [
      {
        "hf_subset": "default",
        "languages": [
          "cmn-Hans"
        ],
        "main_score": 0.39606,
        "map_at_1": 0.22511,
        "map_at_10": 0.33292,
        "map_at_100": 0.35061,
        "map_at_1000": 0.35201,
        "map_at_20": 0.34241,
        "map_at_3": 0.29678,
        "map_at_5": 0.31558,
        "mrr_at_1": 0.34983745936484123,
        "mrr_at_10": 0.4247568836653601,
        "mrr_at_100": 0.434387199971832,
        "mrr_at_1000": 0.4349899998898024,
        "mrr_at_20": 0.43004995822643827,
        "mrr_at_3": 0.4017254313578387,
        "mrr_at_5": 0.4141285321330331,
        "nauc_map_at_1000_diff1": 0.4878773341653766,
        "nauc_map_at_1000_max": 0.4421811716581477,
        "nauc_map_at_1000_std": -0.09088945683582225,
        "nauc_map_at_100_diff1": 0.4875806162492236,
        "nauc_map_at_100_max": 0.44178277086559803,
        "nauc_map_at_100_std": -0.09118938452814433,
        "nauc_map_at_10_diff1": 0.4879414872573634,
        "nauc_map_at_10_max": 0.4340369995968895,
        "nauc_map_at_10_std": -0.10111733541302496,
        "nauc_map_at_1_diff1": 0.5408660553923691,
        "nauc_map_at_1_max": 0.36610161807800257,
        "nauc_map_at_1_std": -0.10959008417415123,
        "nauc_map_at_20_diff1": 0.48749595293476367,
        "nauc_map_at_20_max": 0.43915479305568605,
        "nauc_map_at_20_std": -0.09614061588876628,
        "nauc_map_at_3_diff1": 0.4965573789858673,
        "nauc_map_at_3_max": 0.41347780235519466,
        "nauc_map_at_3_std": -0.11221292472739645,
        "nauc_map_at_5_diff1": 0.4914256909590236,
        "nauc_map_at_5_max": 0.42384748904060665,
        "nauc_map_at_5_std": -0.10895428568534561,
        "nauc_mrr_at_1000_diff1": 0.5395942876645003,
        "nauc_mrr_at_1000_max": 0.5078228614302892,
        "nauc_mrr_at_1000_std": -0.051616575078618825,
        "nauc_mrr_at_100_diff1": 0.5393269806507781,
        "nauc_mrr_at_100_max": 0.5077402020263404,
        "nauc_mrr_at_100_std": -0.05141505365834637,
        "nauc_mrr_at_10_diff1": 0.5394132182474621,
        "nauc_mrr_at_10_max": 0.5069210557336745,
        "nauc_mrr_at_10_std": -0.05470740639789215,
        "nauc_mrr_at_1_diff1": 0.5912613749064645,
        "nauc_mrr_at_1_max": 0.5221931185611611,
        "nauc_mrr_at_1_std": -0.06510280407753229,
        "nauc_mrr_at_20_diff1": 0.5388021781794918,
        "nauc_mrr_at_20_max": 0.5072669008880814,
        "nauc_mrr_at_20_std": -0.05270500347728701,
        "nauc_mrr_at_3_diff1": 0.5503539999274454,
        "nauc_mrr_at_3_max": 0.5135765772092359,
        "nauc_mrr_at_3_std": -0.05685966321746653,
        "nauc_mrr_at_5_diff1": 0.5440691642904028,
        "nauc_mrr_at_5_max": 0.5085226681333161,
        "nauc_mrr_at_5_std": -0.05678459770423298,
        "nauc_ndcg_at_1000_diff1": 0.48425120973914815,
        "nauc_ndcg_at_1000_max": 0.46810581764386455,
        "nauc_ndcg_at_1000_std": -0.0541878594336118,
        "nauc_ndcg_at_100_diff1": 0.4749475262799513,
        "nauc_ndcg_at_100_max": 0.4640541803064388,
        "nauc_ndcg_at_100_std": -0.05022321301090984,
        "nauc_ndcg_at_10_diff1": 0.47720909020178454,
        "nauc_ndcg_at_10_max": 0.44857054182184164,
        "nauc_ndcg_at_10_std": -0.08423413171575418,
        "nauc_ndcg_at_1_diff1": 0.5912613749064645,
        "nauc_ndcg_at_1_max": 0.5221931185611611,
        "nauc_ndcg_at_1_std": -0.06510280407753229,
        "nauc_ndcg_at_20_diff1": 0.4742320501779086,
        "nauc_ndcg_at_20_max": 0.45555913326524866,
        "nauc_ndcg_at_20_std": -0.07242279035329055,
        "nauc_ndcg_at_3_diff1": 0.4941606949248589,
        "nauc_ndcg_at_3_max": 0.45879371468455693,
        "nauc_ndcg_at_3_std": -0.08486993580330801,
        "nauc_ndcg_at_5_diff1": 0.48590760465059774,
        "nauc_ndcg_at_5_max": 0.44689886066546586,
        "nauc_ndcg_at_5_std": -0.09087365138878559,
        "nauc_precision_at_1000_diff1": 0.03320405802133401,
        "nauc_precision_at_1000_max": 0.23809362979967627,
        "nauc_precision_at_1000_std": 0.1631591074949028,
        "nauc_precision_at_100_diff1": 0.10161875475968536,
        "nauc_precision_at_100_max": 0.32724130788297345,
        "nauc_precision_at_100_std": 0.16334445330086156,
        "nauc_precision_at_10_diff1": 0.251843480592846,
        "nauc_precision_at_10_max": 0.4487188858614499,
        "nauc_precision_at_10_std": 0.03850630980008708,
        "nauc_precision_at_1_diff1": 0.5912613749064645,
        "nauc_precision_at_1_max": 0.5221931185611611,
        "nauc_precision_at_1_std": -0.06510280407753229,
        "nauc_precision_at_20_diff1": 0.2029768776424775,
        "nauc_precision_at_20_max": 0.41713549098431435,
        "nauc_precision_at_20_std": 0.07645710824704885,
        "nauc_precision_at_3_diff1": 0.3716435434957901,
        "nauc_precision_at_3_max": 0.49336995252634785,
        "nauc_precision_at_3_std": -0.021480206681279042,
        "nauc_precision_at_5_diff1": 0.32277514829950027,
        "nauc_precision_at_5_max": 0.47964059290773287,
        "nauc_precision_at_5_std": -0.0023444301852322343,
        "nauc_recall_at_1000_diff1": 0.21193977242606205,
        "nauc_recall_at_1000_max": 0.5202993532303898,
        "nauc_recall_at_1000_std": 0.5033947966553993,
        "nauc_recall_at_100_diff1": 0.2690393836747081,
        "nauc_recall_at_100_max": 0.3862951875233737,
        "nauc_recall_at_100_std": 0.11505524247678546,
        "nauc_recall_at_10_diff1": 0.3594960473330668,
        "nauc_recall_at_10_max": 0.3655794103195248,
        "nauc_recall_at_10_std": -0.07982054154117445,
        "nauc_recall_at_1_diff1": 0.5408660553923691,
        "nauc_recall_at_1_max": 0.36610161807800257,
        "nauc_recall_at_1_std": -0.10959008417415123,
        "nauc_recall_at_20_diff1": 0.33065990427986597,
        "nauc_recall_at_20_max": 0.3713068235574884,
        "nauc_recall_at_20_std": -0.03917851749285764,
        "nauc_recall_at_3_diff1": 0.4277073145509002,
        "nauc_recall_at_3_max": 0.3726946922471451,
        "nauc_recall_at_3_std": -0.11260952666626348,
        "nauc_recall_at_5_diff1": 0.39718374508408555,
        "nauc_recall_at_5_max": 0.3639376008813002,
        "nauc_recall_at_5_std": -0.10980685126250478,
        "ndcg_at_1": 0.34984,
        "ndcg_at_10": 0.39606,
        "ndcg_at_100": 0.46799,
        "ndcg_at_1000": 0.49419,
        "ndcg_at_20": 0.42216,
        "ndcg_at_3": 0.34938,
        "ndcg_at_5": 0.36625,
        "precision_at_1": 0.34984,
        "precision_at_10": 0.08867,
        "precision_at_100": 0.01478,
        "precision_at_1000": 0.00181,
        "precision_at_20": 0.05303,
        "precision_at_3": 0.19805,
        "precision_at_5": 0.14224,
        "recall_at_1": 0.22511,
        "recall_at_10": 0.49211,
        "recall_at_100": 0.79384,
        "recall_at_1000": 0.97191,
        "recall_at_20": 0.58102,
        "recall_at_3": 0.34748,
        "recall_at_5": 0.40415
      }
    ]
  },
  "task_name": "CmedqaRetrieval"
}