{
  "dataset_revision": "23d186750531a14a0357ca22cd92d712fd512ea0",
  "evaluation_time": 307.8538317680359,
  "kg_co2_emissions": null,
  "mteb_version": "1.14.18",
  "scores": {
    "test": [
      {
        "hf_subset": "default",
        "languages": [
          "cmn-Hans"
        ],
        "main_score": 0.8397580853325355,
        "map": 0.8397580853325355,
        "mrr": 0.8687309523809524,
        "nAUC_map_diff1": 0.5773523893744122,
        "nAUC_map_max": 0.628557889291392,
        "nAUC_map_std": 0.16310180957191242,
        "nAUC_mrr_diff1": 0.6492102124475356,
        "nAUC_mrr_max": 0.7380806525604506,
        "nAUC_mrr_std": 0.2519252638623047
      }
    ]
  },
  "task_name": "CMedQAv2-reranking"
}