{
  "dataset_revision": "1271c7809071a13532e05f25fb53511ffce77117",
  "evaluation_time": 1152.0386354923248,
  "kg_co2_emissions": null,
  "mteb_version": "1.14.18",
  "scores": {
    "dev": [
      {
        "hf_subset": "default",
        "languages": [
          "cmn-Hans"
        ],
        "main_score": 0.74611,
        "map_at_1": 0.61697,
        "map_at_10": 0.70455,
        "map_at_100": 0.70911,
        "map_at_1000": 0.70924,
        "map_at_20": 0.70786,
        "map_at_3": 0.68335,
        "map_at_5": 0.69754,
        "mrr_at_1": 0.6185458377239199,
        "mrr_at_10": 0.7052185257664711,
        "mrr_at_100": 0.7097408763275899,
        "mrr_at_1000": 0.7098803745204867,
        "mrr_at_20": 0.7085411702970275,
        "mrr_at_3": 0.6854583772391991,
        "mrr_at_5": 0.6984720758693362,
        "nauc_map_at_1000_diff1": 0.7675725943814812,
        "nauc_map_at_1000_max": 0.5281717441304933,
        "nauc_map_at_1000_std": -0.18296897591324918,
        "nauc_map_at_100_diff1": 0.7675155919817656,
        "nauc_map_at_100_max": 0.5283146875959536,
        "nauc_map_at_100_std": -0.18277157394385343,
        "nauc_map_at_10_diff1": 0.7663348646217384,
        "nauc_map_at_10_max": 0.530425790524329,
        "nauc_map_at_10_std": -0.18180062441262337,
        "nauc_map_at_1_diff1": 0.7881526385841754,
        "nauc_map_at_1_max": 0.48320290773484814,
        "nauc_map_at_1_std": -0.21236883202442772,
        "nauc_map_at_20_diff1": 0.7668910014452135,
        "nauc_map_at_20_max": 0.5287452260763018,
        "nauc_map_at_20_std": -0.18257605436315347,
        "nauc_map_at_3_diff1": 0.773642927676902,
        "nauc_map_at_3_max": 0.523500259100017,
        "nauc_map_at_3_std": -0.2041893405617717,
        "nauc_map_at_5_diff1": 0.7658418391282545,
        "nauc_map_at_5_max": 0.5309976605714989,
        "nauc_map_at_5_std": -0.18617639597133664,
        "nauc_mrr_at_1000_diff1": 0.7668704677206735,
        "nauc_mrr_at_1000_max": 0.5248506167211273,
        "nauc_mrr_at_1000_std": -0.18161336755097843,
        "nauc_mrr_at_100_diff1": 0.7668137859493558,
        "nauc_mrr_at_100_max": 0.5249956792052146,
        "nauc_mrr_at_100_std": -0.18141645708550613,
        "nauc_mrr_at_10_diff1": 0.765711113594613,
        "nauc_mrr_at_10_max": 0.5270891229889954,
        "nauc_mrr_at_10_std": -0.1806578300523626,
        "nauc_mrr_at_1_diff1": 0.7864153239689907,
        "nauc_mrr_at_1_max": 0.4804557206909819,
        "nauc_mrr_at_1_std": -0.2093791078585127,
        "nauc_mrr_at_20_diff1": 0.7661740828215974,
        "nauc_mrr_at_20_max": 0.5255096950596918,
        "nauc_mrr_at_20_std": -0.18096397454225174,
        "nauc_mrr_at_3_diff1": 0.7721002171589986,
        "nauc_mrr_at_3_max": 0.522883037135364,
        "nauc_mrr_at_3_std": -0.19545959072737046,
        "nauc_mrr_at_5_diff1": 0.7646099874302275,
        "nauc_mrr_at_5_max": 0.5292211351688918,
        "nauc_mrr_at_5_std": -0.1844511765622358,
        "nauc_ndcg_at_1000_diff1": 0.7618326169652239,
        "nauc_ndcg_at_1000_max": 0.5384053618351757,
        "nauc_ndcg_at_1000_std": -0.16408749477288173,
        "nauc_ndcg_at_100_diff1": 0.7604667664717789,
        "nauc_ndcg_at_100_max": 0.5427254217253044,
        "nauc_ndcg_at_100_std": -0.1566132567221129,
        "nauc_ndcg_at_10_diff1": 0.7542193778874264,
        "nauc_ndcg_at_10_max": 0.5519539818734633,
        "nauc_ndcg_at_10_std": -0.1539506065312068,
        "nauc_ndcg_at_1_diff1": 0.7864153239689907,
        "nauc_ndcg_at_1_max": 0.484057331825812,
        "nauc_ndcg_at_1_std": -0.2093791078585127,
        "nauc_ndcg_at_20_diff1": 0.7556093292455925,
        "nauc_ndcg_at_20_max": 0.5468917614522195,
        "nauc_ndcg_at_20_std": -0.15398497932890332,
        "nauc_ndcg_at_3_diff1": 0.7680423804788774,
        "nauc_ndcg_at_3_max": 0.538861968467818,
        "nauc_ndcg_at_3_std": -0.19753096759236588,
        "nauc_ndcg_at_5_diff1": 0.7526175943389999,
        "nauc_ndcg_at_5_max": 0.5544329602975464,
        "nauc_ndcg_at_5_std": -0.16406471509006385,
        "nauc_precision_at_1000_diff1": -0.17594564677766172,
        "nauc_precision_at_1000_max": 0.25513547083651555,
        "nauc_precision_at_1000_std": 0.6492396158801738,
        "nauc_precision_at_100_diff1": 0.2801364017527456,
        "nauc_precision_at_100_max": 0.532643301634607,
        "nauc_precision_at_100_std": 0.45563643563833617,
        "nauc_precision_at_10_diff1": 0.5596056097003201,
        "nauc_precision_at_10_max": 0.6291395358137856,
        "nauc_precision_at_10_std": 0.08922031261844554,
        "nauc_precision_at_1_diff1": 0.7864153239689907,
        "nauc_precision_at_1_max": 0.484057331825812,
        "nauc_precision_at_1_std": -0.2093791078585127,
        "nauc_precision_at_20_diff1": 0.4700121746281953,
        "nauc_precision_at_20_max": 0.6033712648731824,
        "nauc_precision_at_20_std": 0.19747545375060893,
        "nauc_precision_at_3_diff1": 0.7271307985461816,
        "nauc_precision_at_3_max": 0.5865581705178043,
        "nauc_precision_at_3_std": -0.16366536993901354,
        "nauc_precision_at_5_diff1": 0.6304830712201849,
        "nauc_precision_at_5_max": 0.6359926093010662,
        "nauc_precision_at_5_std": -0.02044296522641462,
        "nauc_recall_at_1000_diff1": 0.6090171738901945,
        "nauc_recall_at_1000_max": 0.6496516366211907,
        "nauc_recall_at_1000_std": 0.78593624396621,
        "nauc_recall_at_100_diff1": 0.675029631858067,
        "nauc_recall_at_100_max": 0.7573384330484156,
        "nauc_recall_at_100_std": 0.3761149938156762,
        "nauc_recall_at_10_diff1": 0.6832137368881999,
        "nauc_recall_at_10_max": 0.6771075741516854,
        "nauc_recall_at_10_std": 0.017113588559337284,
        "nauc_recall_at_1_diff1": 0.7881526385841754,
        "nauc_recall_at_1_max": 0.48320290773484814,
        "nauc_recall_at_1_std": -0.21236883202442772,
        "nauc_recall_at_20_diff1": 0.658902836623527,
        "nauc_recall_at_20_max": 0.6949761336002455,
        "nauc_recall_at_20_std": 0.11114180332182336,
        "nauc_recall_at_3_diff1": 0.7486251287062764,
        "nauc_recall_at_3_max": 0.5933624266930397,
        "nauc_recall_at_3_std": -0.178386176069064,
        "nauc_recall_at_5_diff1": 0.6921487026543612,
        "nauc_recall_at_5_max": 0.6573641694687634,
        "nauc_recall_at_5_std": -0.0657582051779332,
        "ndcg_at_1": 0.61855,
        "ndcg_at_10": 0.74611,
        "ndcg_at_100": 0.76652,
        "ndcg_at_1000": 0.77005,
        "ndcg_at_20": 0.75774,
        "ndcg_at_3": 0.70505,
        "ndcg_at_5": 0.73004,
        "precision_at_1": 0.61855,
        "precision_at_10": 0.0883,
        "precision_at_100": 0.00977,
        "precision_at_1000": 0.001,
        "precision_at_20": 0.04647,
        "precision_at_3": 0.25676,
        "precision_at_5": 0.16649,
        "recall_at_1": 0.61697,
        "recall_at_10": 0.8746,
        "recall_at_100": 0.96628,
        "recall_at_1000": 0.99368,
        "recall_at_20": 0.91939,
        "recall_at_3": 0.7666,
        "recall_at_5": 0.82613
      }
    ]
  },
  "task_name": "CovidRetrieval"
}