{
  "dataset_revision": "a1a333e290fe30b10f3f56498e3a0d911a693ced",
  "evaluation_time": 1154.7171177864075,
  "kg_co2_emissions": null,
  "mteb_version": "1.14.18",
  "scores": {
    "dev": [
      {
        "hf_subset": "default",
        "languages": [
          "cmn-Hans"
        ],
        "main_score": 0.7853,
        "map_at_1": 0.22807,
        "map_at_10": 0.69141,
        "map_at_100": 0.72436,
        "map_at_1000": 0.72524,
        "map_at_20": 0.71545,
        "map_at_3": 0.4763,
        "map_at_5": 0.60106,
        "mrr_at_1": 0.825,
        "mrr_at_10": 0.8773349206349204,
        "mrr_at_100": 0.8784844359796055,
        "mrr_at_1000": 0.8785498140276584,
        "mrr_at_20": 0.8780171663712101,
        "mrr_at_3": 0.8724166666666663,
        "mrr_at_5": 0.8758666666666663,
        "nauc_map_at_1000_diff1": 0.08590359437932307,
        "nauc_map_at_1000_max": 0.5245525560432138,
        "nauc_map_at_1000_std": 0.30556723766253086,
        "nauc_map_at_100_diff1": 0.08592513107856922,
        "nauc_map_at_100_max": 0.524316416461468,
        "nauc_map_at_100_std": 0.30602390045743716,
        "nauc_map_at_10_diff1": 0.10191713486421107,
        "nauc_map_at_10_max": 0.4841864356244892,
        "nauc_map_at_10_std": 0.23489393888575066,
        "nauc_map_at_1_diff1": 0.3613259992532976,
        "nauc_map_at_1_max": -0.004810300621690554,
        "nauc_map_at_1_std": -0.16880757208748004,
        "nauc_map_at_20_diff1": 0.0910010545909416,
        "nauc_map_at_20_max": 0.5182767521643095,
        "nauc_map_at_20_std": 0.29130253028188097,
        "nauc_map_at_3_diff1": 0.22581211158962058,
        "nauc_map_at_3_max": 0.1812571626690807,
        "nauc_map_at_3_std": -0.06289368875853822,
        "nauc_map_at_5_diff1": 0.16232315070886177,
        "nauc_map_at_5_max": 0.3389354257197119,
        "nauc_map_at_5_std": 0.06939104118117079,
        "nauc_mrr_at_1000_diff1": 0.35008245043788044,
        "nauc_mrr_at_1000_max": 0.7119743639125342,
        "nauc_mrr_at_1000_std": 0.35542797981334623,
        "nauc_mrr_at_100_diff1": 0.3499973581301977,
        "nauc_mrr_at_100_max": 0.7120593581971731,
        "nauc_mrr_at_100_std": 0.35563999758782344,
        "nauc_mrr_at_10_diff1": 0.34861226722053673,
        "nauc_mrr_at_10_max": 0.7130767115557419,
        "nauc_mrr_at_10_std": 0.35779531880045445,
        "nauc_mrr_at_1_diff1": 0.35379963261268976,
        "nauc_mrr_at_1_max": 0.6603122792143568,
        "nauc_mrr_at_1_std": 0.2739282181715418,
        "nauc_mrr_at_20_diff1": 0.3500716079077489,
        "nauc_mrr_at_20_max": 0.7128174410008542,
        "nauc_mrr_at_20_std": 0.35705130575650107,
        "nauc_mrr_at_3_diff1": 0.3554446911621168,
        "nauc_mrr_at_3_max": 0.7157653860814447,
        "nauc_mrr_at_3_std": 0.3575735031562738,
        "nauc_mrr_at_5_diff1": 0.3522059675731888,
        "nauc_mrr_at_5_max": 0.7147838016823195,
        "nauc_mrr_at_5_std": 0.3544220241488703,
        "nauc_ndcg_at_1000_diff1": 0.12572077439437745,
        "nauc_ndcg_at_1000_max": 0.6061112508390122,
        "nauc_ndcg_at_1000_std": 0.38727806392452435,
        "nauc_ndcg_at_100_diff1": 0.1210675874164081,
        "nauc_ndcg_at_100_max": 0.6050203864065193,
        "nauc_ndcg_at_100_std": 0.3991922038536649,
        "nauc_ndcg_at_10_diff1": 0.11068103832473804,
        "nauc_ndcg_at_10_max": 0.5589868521240171,
        "nauc_ndcg_at_10_std": 0.3339417177286119,
        "nauc_ndcg_at_1_diff1": 0.35379963261268976,
        "nauc_ndcg_at_1_max": 0.6603122792143568,
        "nauc_ndcg_at_1_std": 0.2739282181715418,
        "nauc_ndcg_at_20_diff1": 0.11769676557764545,
        "nauc_ndcg_at_20_max": 0.5897107616314594,
        "nauc_ndcg_at_20_std": 0.37419299454814364,
        "nauc_ndcg_at_3_diff1": 0.07791171876407663,
        "nauc_ndcg_at_3_max": 0.5464953956923908,
        "nauc_ndcg_at_3_std": 0.2930623721236591,
        "nauc_ndcg_at_5_diff1": 0.10845242858721689,
        "nauc_ndcg_at_5_max": 0.529570626222887,
        "nauc_ndcg_at_5_std": 0.2713614816949658,
        "nauc_precision_at_1000_diff1": -0.20438441238293795,
        "nauc_precision_at_1000_max": 0.23833939852644648,
        "nauc_precision_at_1000_std": 0.3599002660910658,
        "nauc_precision_at_100_diff1": -0.2092031012491012,
        "nauc_precision_at_100_max": 0.2869380101661004,
        "nauc_precision_at_100_std": 0.4140544503643363,
        "nauc_precision_at_10_diff1": -0.1944658937481208,
        "nauc_precision_at_10_max": 0.4212924068788975,
        "nauc_precision_at_10_std": 0.4433146027253772,
        "nauc_precision_at_1_diff1": 0.35379963261268976,
        "nauc_precision_at_1_max": 0.6603122792143568,
        "nauc_precision_at_1_std": 0.2739282181715418,
        "nauc_precision_at_20_diff1": -0.19914657172750846,
        "nauc_precision_at_20_max": 0.36193055057102796,
        "nauc_precision_at_20_std": 0.44760861291651083,
        "nauc_precision_at_3_diff1": -0.11520088971900819,
        "nauc_precision_at_3_max": 0.5390638763407795,
        "nauc_precision_at_3_std": 0.37622966918458356,
        "nauc_precision_at_5_diff1": -0.16233222285304158,
        "nauc_precision_at_5_max": 0.49532439430782293,
        "nauc_precision_at_5_std": 0.403437782103706,
        "nauc_recall_at_1000_diff1": 0.12626822886705094,
        "nauc_recall_at_1000_max": 0.708964086622204,
        "nauc_recall_at_1000_std": 0.7290358968779626,
        "nauc_recall_at_100_diff1": 0.06552294546864888,
        "nauc_recall_at_100_max": 0.6224487830743615,
        "nauc_recall_at_100_std": 0.6494463558169933,
        "nauc_recall_at_10_diff1": 0.06802657109125389,
        "nauc_recall_at_10_max": 0.4629418255586391,
        "nauc_recall_at_10_std": 0.2894355053940584,
        "nauc_recall_at_1_diff1": 0.3613259992532976,
        "nauc_recall_at_1_max": -0.004810300621690554,
        "nauc_recall_at_1_std": -0.16880757208748004,
        "nauc_recall_at_20_diff1": 0.05551325166076675,
        "nauc_recall_at_20_max": 0.5416756335135685,
        "nauc_recall_at_20_std": 0.4491231418850626,
        "nauc_recall_at_3_diff1": 0.19886438770796716,
        "nauc_recall_at_3_max": 0.11928482883506492,
        "nauc_recall_at_3_std": -0.09398774519838182,
        "nauc_recall_at_5_diff1": 0.14253430636188621,
        "nauc_recall_at_5_max": 0.2725699925918057,
        "nauc_recall_at_5_std": 0.03191869491636951,
        "ndcg_at_1": 0.825,
        "ndcg_at_10": 0.7853,
        "ndcg_at_100": 0.82791,
        "ndcg_at_1000": 0.83642,
        "ndcg_at_20": 0.80697,
        "ndcg_at_3": 0.7748,
        "ndcg_at_5": 0.76122,
        "precision_at_1": 0.825,
        "precision_at_10": 0.38125,
        "precision_at_100": 0.04609,
        "precision_at_1000": 0.00482,
        "precision_at_20": 0.21138,
        "precision_at_3": 0.6965,
        "precision_at_5": 0.587,
        "recall_at_1": 0.22807,
        "recall_at_10": 0.79913,
        "recall_at_100": 0.93447,
        "recall_at_1000": 0.97733,
        "recall_at_20": 0.86431,
        "recall_at_3": 0.50667,
        "recall_at_5": 0.66099
      }
    ]
  },
  "task_name": "DuRetrieval"
}