{
  "dataset_revision": "687de13dc7294d6fd9be10c6945f9e8fec8166b9",
  "evaluation_time": 145.34536266326904,
  "kg_co2_emissions": null,
  "mteb_version": "1.14.18",
  "scores": {
    "dev": [
      {
        "hf_subset": "default",
        "languages": [
          "cmn-Hans"
        ],
        "main_score": 0.57348,
        "map_at_1": 0.423,
        "map_at_10": 0.52325,
        "map_at_100": 0.53105,
        "map_at_1000": 0.53129,
        "map_at_20": 0.52815,
        "map_at_3": 0.4975,
        "map_at_5": 0.51315,
        "mrr_at_1": 0.423,
        "mrr_at_10": 0.5232511904761904,
        "mrr_at_100": 0.5310488829890898,
        "mrr_at_1000": 0.5312914746281445,
        "mrr_at_20": 0.528147396574873,
        "mrr_at_3": 0.49749999999999966,
        "mrr_at_5": 0.5131499999999994,
        "nauc_map_at_1000_diff1": 0.5850153597607969,
        "nauc_map_at_1000_max": 0.3116686423945323,
        "nauc_map_at_1000_std": -0.057656280858291435,
        "nauc_map_at_100_diff1": 0.5848962271822579,
        "nauc_map_at_100_max": 0.31185281523169434,
        "nauc_map_at_100_std": -0.05750886004300395,
        "nauc_map_at_10_diff1": 0.5832118964857901,
        "nauc_map_at_10_max": 0.31060922602373886,
        "nauc_map_at_10_std": -0.060966001965977595,
        "nauc_map_at_1_diff1": 0.6302113133813644,
        "nauc_map_at_1_max": 0.26163832417992333,
        "nauc_map_at_1_std": -0.0884812345361862,
        "nauc_map_at_20_diff1": 0.5838518853902716,
        "nauc_map_at_20_max": 0.3116415734616127,
        "nauc_map_at_20_std": -0.05918476134896676,
        "nauc_map_at_3_diff1": 0.5930068136534997,
        "nauc_map_at_3_max": 0.30179139492883367,
        "nauc_map_at_3_std": -0.07121969786368171,
        "nauc_map_at_5_diff1": 0.5846604339246688,
        "nauc_map_at_5_max": 0.3091522573257939,
        "nauc_map_at_5_std": -0.06156266850123153,
        "nauc_mrr_at_1000_diff1": 0.5850153597607969,
        "nauc_mrr_at_1000_max": 0.3116686423945323,
        "nauc_mrr_at_1000_std": -0.057656280858291435,
        "nauc_mrr_at_100_diff1": 0.5848962271822579,
        "nauc_mrr_at_100_max": 0.31185281523169434,
        "nauc_mrr_at_100_std": -0.05750886004300395,
        "nauc_mrr_at_10_diff1": 0.5832118964857901,
        "nauc_mrr_at_10_max": 0.31060922602373886,
        "nauc_mrr_at_10_std": -0.060966001965977595,
        "nauc_mrr_at_1_diff1": 0.6302113133813644,
        "nauc_mrr_at_1_max": 0.26163832417992333,
        "nauc_mrr_at_1_std": -0.0884812345361862,
        "nauc_mrr_at_20_diff1": 0.5838518853902716,
        "nauc_mrr_at_20_max": 0.3116415734616127,
        "nauc_mrr_at_20_std": -0.05918476134896676,
        "nauc_mrr_at_3_diff1": 0.5930068136534997,
        "nauc_mrr_at_3_max": 0.30179139492883367,
        "nauc_mrr_at_3_std": -0.07121969786368171,
        "nauc_mrr_at_5_diff1": 0.5846604339246688,
        "nauc_mrr_at_5_max": 0.3091522573257939,
        "nauc_mrr_at_5_std": -0.06156266850123153,
        "nauc_ndcg_at_1000_diff1": 0.5721837795949485,
        "nauc_ndcg_at_1000_max": 0.336955837075198,
        "nauc_ndcg_at_1000_std": -0.026402508535741914,
        "nauc_ndcg_at_100_diff1": 0.5681254704129626,
        "nauc_ndcg_at_100_max": 0.3418144758404584,
        "nauc_ndcg_at_100_std": -0.02182569880685817,
        "nauc_ndcg_at_10_diff1": 0.5609959728964495,
        "nauc_ndcg_at_10_max": 0.33354586115650725,
        "nauc_ndcg_at_10_std": -0.043496674127655455,
        "nauc_ndcg_at_1_diff1": 0.6302113133813644,
        "nauc_ndcg_at_1_max": 0.26163832417992333,
        "nauc_ndcg_at_1_std": -0.0884812345361862,
        "nauc_ndcg_at_20_diff1": 0.562089095550136,
        "nauc_ndcg_at_20_max": 0.338622640739085,
        "nauc_ndcg_at_20_std": -0.035268103316779265,
        "nauc_ndcg_at_3_diff1": 0.5806635570003874,
        "nauc_ndcg_at_3_max": 0.3152002610378646,
        "nauc_ndcg_at_3_std": -0.0638882703837748,
        "nauc_ndcg_at_5_diff1": 0.5648925316769414,
        "nauc_ndcg_at_5_max": 0.3290944830010362,
        "nauc_ndcg_at_5_std": -0.04627776355090495,
        "nauc_precision_at_1000_diff1": 0.4536107125777125,
        "nauc_precision_at_1000_max": 0.868506752294416,
        "nauc_precision_at_1000_std": 0.7951196738858133,
        "nauc_precision_at_100_diff1": 0.42081252790971596,
        "nauc_precision_at_100_max": 0.6865536069500278,
        "nauc_precision_at_100_std": 0.45242154832947645,
        "nauc_precision_at_10_diff1": 0.46813661500486503,
        "nauc_precision_at_10_max": 0.4296632093608328,
        "nauc_precision_at_10_std": 0.03196227818257942,
        "nauc_precision_at_1_diff1": 0.6302113133813644,
        "nauc_precision_at_1_max": 0.26163832417992333,
        "nauc_precision_at_1_std": -0.0884812345361862,
        "nauc_precision_at_20_diff1": 0.4484540997345292,
        "nauc_precision_at_20_max": 0.48685696219682995,
        "nauc_precision_at_20_std": 0.10450195464422457,
        "nauc_precision_at_3_diff1": 0.5424903662510245,
        "nauc_precision_at_3_max": 0.35669862525779183,
        "nauc_precision_at_3_std": -0.04067061739542054,
        "nauc_precision_at_5_diff1": 0.4954308051003736,
        "nauc_precision_at_5_max": 0.3987894514990251,
        "nauc_precision_at_5_std": 0.00860490542178138,
        "nauc_recall_at_1000_diff1": 0.453610712577716,
        "nauc_recall_at_1000_max": 0.8685067522944153,
        "nauc_recall_at_1000_std": 0.7951196738858128,
        "nauc_recall_at_100_diff1": 0.4208125279097143,
        "nauc_recall_at_100_max": 0.6865536069500269,
        "nauc_recall_at_100_std": 0.45242154832947556,
        "nauc_recall_at_10_diff1": 0.46813661500486553,
        "nauc_recall_at_10_max": 0.4296632093608335,
        "nauc_recall_at_10_std": 0.03196227818258062,
        "nauc_recall_at_1_diff1": 0.6302113133813644,
        "nauc_recall_at_1_max": 0.26163832417992333,
        "nauc_recall_at_1_std": -0.0884812345361862,
        "nauc_recall_at_20_diff1": 0.4484540997345292,
        "nauc_recall_at_20_max": 0.4868569621968294,
        "nauc_recall_at_20_std": 0.10450195464422427,
        "nauc_recall_at_3_diff1": 0.5424903662510242,
        "nauc_recall_at_3_max": 0.3566986252577915,
        "nauc_recall_at_3_std": -0.04067061739542137,
        "nauc_recall_at_5_diff1": 0.49543080510037374,
        "nauc_recall_at_5_max": 0.3987894514990251,
        "nauc_recall_at_5_std": 0.008604905421782012,
        "ndcg_at_1": 0.423,
        "ndcg_at_10": 0.57348,
        "ndcg_at_100": 0.61121,
        "ndcg_at_1000": 0.6177,
        "ndcg_at_20": 0.59106,
        "ndcg_at_3": 0.52106,
        "ndcg_at_5": 0.54895,
        "precision_at_1": 0.423,
        "precision_at_10": 0.0732,
        "precision_at_100": 0.00908,
        "precision_at_1000": 0.00096,
        "precision_at_20": 0.04005,
        "precision_at_3": 0.19633,
        "precision_at_5": 0.1312,
        "recall_at_1": 0.423,
        "recall_at_10": 0.732,
        "recall_at_100": 0.908,
        "recall_at_1000": 0.959,
        "recall_at_20": 0.801,
        "recall_at_3": 0.589,
        "recall_at_5": 0.656
      }
    ]
  },
  "task_name": "EcomRetrieval"
}