{
  "dataset_revision": "2039188fb5800a9803ba5048df7b76e6fb151fc6",
  "evaluation_time": 504.7221167087555,
  "kg_co2_emissions": null,
  "mteb_version": "1.14.18",
  "scores": {
    "dev": [
      {
        "hf_subset": "default",
        "languages": [
          "cmn-Hans"
        ],
        "main_score": 0.53936,
        "map_at_1": 0.457,
        "map_at_10": 0.51231,
        "map_at_100": 0.51815,
        "map_at_1000": 0.51881,
        "map_at_20": 0.51516,
        "map_at_3": 0.50033,
        "map_at_5": 0.50593,
        "mrr_at_1": 0.459,
        "mrr_at_10": 0.5133238095238095,
        "mrr_at_100": 0.5191740386959647,
        "mrr_at_1000": 0.5198300138601745,
        "mrr_at_20": 0.5161816176642413,
        "mrr_at_3": 0.5013333333333332,
        "mrr_at_5": 0.5069333333333331,
        "nauc_map_at_1000_diff1": 0.7235116216803965,
        "nauc_map_at_1000_max": 0.570132341052519,
        "nauc_map_at_1000_std": 0.1336807922585148,
        "nauc_map_at_100_diff1": 0.7233383501271357,
        "nauc_map_at_100_max": 0.5699531329288827,
        "nauc_map_at_100_std": 0.1335655991644099,
        "nauc_map_at_10_diff1": 0.7242757592278816,
        "nauc_map_at_10_max": 0.5713965118608514,
        "nauc_map_at_10_std": 0.131343175907872,
        "nauc_map_at_1_diff1": 0.7635089635328539,
        "nauc_map_at_1_max": 0.58630312847446,
        "nauc_map_at_1_std": 0.11704902409921657,
        "nauc_map_at_20_diff1": 0.7242740314013573,
        "nauc_map_at_20_max": 0.5707952782366406,
        "nauc_map_at_20_std": 0.1331865537606521,
        "nauc_map_at_3_diff1": 0.7294611682764374,
        "nauc_map_at_3_max": 0.578624801361449,
        "nauc_map_at_3_std": 0.1333814198289176,
        "nauc_map_at_5_diff1": 0.726363184732472,
        "nauc_map_at_5_max": 0.57483478506755,
        "nauc_map_at_5_std": 0.13201713985611463,
        "nauc_mrr_at_1000_diff1": 0.7207933260767938,
        "nauc_mrr_at_1000_max": 0.575507621319236,
        "nauc_mrr_at_1000_std": 0.1380113127041248,
        "nauc_mrr_at_100_diff1": 0.7206245231663183,
        "nauc_mrr_at_100_max": 0.5753193750587016,
        "nauc_mrr_at_100_std": 0.13788884943616941,
        "nauc_mrr_at_10_diff1": 0.7215926631054831,
        "nauc_mrr_at_10_max": 0.5767089446983371,
        "nauc_mrr_at_10_std": 0.1356240249131883,
        "nauc_mrr_at_1_diff1": 0.7584091592745401,
        "nauc_mrr_at_1_max": 0.5964995934494796,
        "nauc_mrr_at_1_std": 0.12526616251774958,
        "nauc_mrr_at_20_diff1": 0.7215783867225586,
        "nauc_mrr_at_20_max": 0.576132326105393,
        "nauc_mrr_at_20_std": 0.13748812597558768,
        "nauc_mrr_at_3_diff1": 0.7268227809055142,
        "nauc_mrr_at_3_max": 0.5838729956580485,
        "nauc_mrr_at_3_std": 0.13761885348663982,
        "nauc_mrr_at_5_diff1": 0.7237082672276395,
        "nauc_mrr_at_5_max": 0.5801122986346782,
        "nauc_mrr_at_5_std": 0.13627885304867576,
        "nauc_ndcg_at_1000_diff1": 0.7054793018737919,
        "nauc_ndcg_at_1000_max": 0.5569934584043472,
        "nauc_ndcg_at_1000_std": 0.14872474781064182,
        "nauc_ndcg_at_100_diff1": 0.7010574255138222,
        "nauc_ndcg_at_100_max": 0.5512362492581997,
        "nauc_ndcg_at_100_std": 0.1447440337086216,
        "nauc_ndcg_at_10_diff1": 0.7083432490819025,
        "nauc_ndcg_at_10_max": 0.5601373110244038,
        "nauc_ndcg_at_10_std": 0.13469019271341062,
        "nauc_ndcg_at_1_diff1": 0.7635089635328539,
        "nauc_ndcg_at_1_max": 0.58630312847446,
        "nauc_ndcg_at_1_std": 0.11704902409921657,
        "nauc_ndcg_at_20_diff1": 0.7076784134499867,
        "nauc_ndcg_at_20_max": 0.5575137050406545,
        "nauc_ndcg_at_20_std": 0.14170672425269776,
        "nauc_ndcg_at_3_diff1": 0.7195089237761021,
        "nauc_ndcg_at_3_max": 0.575592612553685,
        "nauc_ndcg_at_3_std": 0.1376991511399962,
        "nauc_ndcg_at_5_diff1": 0.7137693508838905,
        "nauc_ndcg_at_5_max": 0.5687455676370604,
        "nauc_ndcg_at_5_std": 0.1353575352509863,
        "nauc_precision_at_1000_diff1": 0.4407784971912251,
        "nauc_precision_at_1000_max": 0.3866388085288751,
        "nauc_precision_at_1000_std": 0.5255391774195978,
        "nauc_precision_at_100_diff1": 0.5665021338348875,
        "nauc_precision_at_100_max": 0.42891035983998627,
        "nauc_precision_at_100_std": 0.2191405466818149,
        "nauc_precision_at_10_diff1": 0.6534182029885494,
        "nauc_precision_at_10_max": 0.5183698816223552,
        "nauc_precision_at_10_std": 0.1456161459344068,
        "nauc_precision_at_1_diff1": 0.7635089635328539,
        "nauc_precision_at_1_max": 0.58630312847446,
        "nauc_precision_at_1_std": 0.11704902409921657,
        "nauc_precision_at_20_diff1": 0.644825340627424,
        "nauc_precision_at_20_max": 0.5023768617347969,
        "nauc_precision_at_20_std": 0.17894361326734676,
        "nauc_precision_at_3_diff1": 0.6900463822936724,
        "nauc_precision_at_3_max": 0.5663283686266567,
        "nauc_precision_at_3_std": 0.15031465657964374,
        "nauc_precision_at_5_diff1": 0.6747155577988573,
        "nauc_precision_at_5_max": 0.5489448846683952,
        "nauc_precision_at_5_std": 0.14496970818912938,
        "nauc_recall_at_1000_diff1": 0.44077849719122636,
        "nauc_recall_at_1000_max": 0.38663880852887544,
        "nauc_recall_at_1000_std": 0.5255391774196033,
        "nauc_recall_at_100_diff1": 0.5665021338348878,
        "nauc_recall_at_100_max": 0.42891035983998654,
        "nauc_recall_at_100_std": 0.21914054668181512,
        "nauc_recall_at_10_diff1": 0.6534182029885506,
        "nauc_recall_at_10_max": 0.5183698816223555,
        "nauc_recall_at_10_std": 0.1456161459344072,
        "nauc_recall_at_1_diff1": 0.7635089635328539,
        "nauc_recall_at_1_max": 0.58630312847446,
        "nauc_recall_at_1_std": 0.11704902409921657,
        "nauc_recall_at_20_diff1": 0.6448253406274242,
        "nauc_recall_at_20_max": 0.5023768617347977,
        "nauc_recall_at_20_std": 0.17894361326734715,
        "nauc_recall_at_3_diff1": 0.6900463822936719,
        "nauc_recall_at_3_max": 0.5663283686266563,
        "nauc_recall_at_3_std": 0.15031465657964324,
        "nauc_recall_at_5_diff1": 0.6747155577988582,
        "nauc_recall_at_5_max": 0.5489448846683954,
        "nauc_recall_at_5_std": 0.1449697081891298,
        "ndcg_at_1": 0.457,
        "ndcg_at_10": 0.53936,
        "ndcg_at_100": 0.57211,
        "ndcg_at_1000": 0.59095,
        "ndcg_at_20": 0.5499,
        "ndcg_at_3": 0.51367,
        "ndcg_at_5": 0.52386,
        "precision_at_1": 0.457,
        "precision_at_10": 0.0625,
        "precision_at_100": 0.00788,
        "precision_at_1000": 0.00094,
        "precision_at_20": 0.03335,
        "precision_at_3": 0.184,
        "precision_at_5": 0.1154,
        "recall_at_1": 0.457,
        "recall_at_10": 0.625,
        "recall_at_100": 0.788,
        "recall_at_1000": 0.939,
        "recall_at_20": 0.667,
        "recall_at_3": 0.552,
        "recall_at_5": 0.577
      }
    ]
  },
  "task_name": "MedicalRetrieval"
}