{
  "dataset_revision": "539bbde593d947e2a124ba72651aafc09eb33fc2",
  "evaluation_time": 509.91094732284546,
  "kg_co2_emissions": null,
  "mteb_version": "1.14.18",
  "scores": {
    "dev": [
      {
        "hf_subset": "default",
        "languages": [
          "cmn-Hans"
        ],
        "main_score": 0.66607,
        "map_at_1": 0.52461,
        "map_at_10": 0.62123,
        "map_at_100": 0.62674,
        "map_at_1000": 0.62698,
        "map_at_20": 0.62489,
        "map_at_3": 0.59815,
        "map_at_5": 0.61167,
        "mrr_at_1": 0.5431232091690544,
        "mrr_at_10": 0.6278350843680367,
        "mrr_at_100": 0.6328064529655735,
        "mrr_at_1000": 0.6330261390023564,
        "mrr_at_20": 0.6311300021978424,
        "mrr_at_3": 0.6064469914040141,
        "mrr_at_5": 0.6190759312320921,
        "nauc_map_at_1000_diff1": 0.6800928847522468,
        "nauc_map_at_1000_max": 0.4833541148742799,
        "nauc_map_at_1000_std": 0.03843829882290694,
        "nauc_map_at_100_diff1": 0.6799848220948052,
        "nauc_map_at_100_max": 0.48349057048506056,
        "nauc_map_at_100_std": 0.0387092074058363,
        "nauc_map_at_10_diff1": 0.6793138046148841,
        "nauc_map_at_10_max": 0.48326707451385886,
        "nauc_map_at_10_std": 0.03655787411785508,
        "nauc_map_at_1_diff1": 0.7155376455181696,
        "nauc_map_at_1_max": 0.4311356685495151,
        "nauc_map_at_1_std": -0.03113536176647522,
        "nauc_map_at_20_diff1": 0.6795915530982599,
        "nauc_map_at_20_max": 0.4837525240263444,
        "nauc_map_at_20_std": 0.038264109493889746,
        "nauc_map_at_3_diff1": 0.6812451983190055,
        "nauc_map_at_3_max": 0.47054978065607594,
        "nauc_map_at_3_std": 0.018059740376447288,
        "nauc_map_at_5_diff1": 0.678973468226727,
        "nauc_map_at_5_max": 0.4781770532028733,
        "nauc_map_at_5_std": 0.028107757195588563,
        "nauc_mrr_at_1000_diff1": 0.685524358872784,
        "nauc_mrr_at_1000_max": 0.4883083681139795,
        "nauc_mrr_at_1000_std": 0.0452840411464884,
        "nauc_mrr_at_100_diff1": 0.6854219930603435,
        "nauc_mrr_at_100_max": 0.48845563921174234,
        "nauc_mrr_at_100_std": 0.04556929469748328,
        "nauc_mrr_at_10_diff1": 0.6847091052546502,
        "nauc_mrr_at_10_max": 0.48827446981184364,
        "nauc_mrr_at_10_std": 0.044477260106721914,
        "nauc_mrr_at_1_diff1": 0.7246062652879419,
        "nauc_mrr_at_1_max": 0.45977902090472883,
        "nauc_mrr_at_1_std": -0.015400919757737356,
        "nauc_mrr_at_20_diff1": 0.6851441895739989,
        "nauc_mrr_at_20_max": 0.4886819913765131,
        "nauc_mrr_at_20_std": 0.045393457970442135,
        "nauc_mrr_at_3_diff1": 0.6873736633803722,
        "nauc_mrr_at_3_max": 0.47911912219687036,
        "nauc_mrr_at_3_std": 0.028825243446299546,
        "nauc_mrr_at_5_diff1": 0.6843675969731914,
        "nauc_mrr_at_5_max": 0.4842092687054534,
        "nauc_mrr_at_5_std": 0.03781205163250043,
        "nauc_ndcg_at_1000_diff1": 0.6706393989716399,
        "nauc_ndcg_at_1000_max": 0.5011244644359425,
        "nauc_ndcg_at_1000_std": 0.07652697292079094,
        "nauc_ndcg_at_100_diff1": 0.667532551003797,
        "nauc_ndcg_at_100_max": 0.5055882123256175,
        "nauc_ndcg_at_100_std": 0.08607927831468189,
        "nauc_ndcg_at_10_diff1": 0.6645321789354461,
        "nauc_ndcg_at_10_max": 0.5045361489762721,
        "nauc_ndcg_at_10_std": 0.07637692708233626,
        "nauc_ndcg_at_1_diff1": 0.7246062652879419,
        "nauc_ndcg_at_1_max": 0.45977902090472883,
        "nauc_ndcg_at_1_std": -0.015400919757737356,
        "nauc_ndcg_at_20_diff1": 0.6651313010787322,
        "nauc_ndcg_at_20_max": 0.5069974311258805,
        "nauc_ndcg_at_20_std": 0.0831697151912701,
        "nauc_ndcg_at_3_diff1": 0.670408758633214,
        "nauc_ndcg_at_3_max": 0.4792904983197279,
        "nauc_ndcg_at_3_std": 0.03557659179681524,
        "nauc_ndcg_at_5_diff1": 0.6646949483382192,
        "nauc_ndcg_at_5_max": 0.49152381126844075,
        "nauc_ndcg_at_5_std": 0.05386009274738964,
        "nauc_precision_at_1000_diff1": 0.01366708223095935,
        "nauc_precision_at_1000_max": 0.26694411694468045,
        "nauc_precision_at_1000_std": 0.3488116929638016,
        "nauc_precision_at_100_diff1": 0.1700759120191584,
        "nauc_precision_at_100_max": 0.40483605524378563,
        "nauc_precision_at_100_std": 0.40567598022136137,
        "nauc_precision_at_10_diff1": 0.38614843008259125,
        "nauc_precision_at_10_max": 0.49945281845755696,
        "nauc_precision_at_10_std": 0.267589628546702,
        "nauc_precision_at_1_diff1": 0.7246062652879419,
        "nauc_precision_at_1_max": 0.45977902090472883,
        "nauc_precision_at_1_std": -0.015400919757737356,
        "nauc_precision_at_20_diff1": 0.31031683657296977,
        "nauc_precision_at_20_max": 0.47887815539570777,
        "nauc_precision_at_20_std": 0.3284181796380736,
        "nauc_precision_at_3_diff1": 0.5169374900085346,
        "nauc_precision_at_3_max": 0.47118334476624846,
        "nauc_precision_at_3_std": 0.10922585490996446,
        "nauc_precision_at_5_diff1": 0.4623239329687061,
        "nauc_precision_at_5_max": 0.4889493226929449,
        "nauc_precision_at_5_std": 0.1696472597190256,
        "nauc_recall_at_1000_diff1": 0.5202753372218671,
        "nauc_recall_at_1000_max": 0.773816473466213,
        "nauc_recall_at_1000_std": 0.7386314245488055,
        "nauc_recall_at_100_diff1": 0.5343213238861054,
        "nauc_recall_at_100_max": 0.7141647372049974,
        "nauc_recall_at_100_std": 0.5742577628066146,
        "nauc_recall_at_10_diff1": 0.5843610641435149,
        "nauc_recall_at_10_max": 0.5965140899706178,
        "nauc_recall_at_10_std": 0.2563021472803453,
        "nauc_recall_at_1_diff1": 0.7155376455181696,
        "nauc_recall_at_1_max": 0.4311356685495151,
        "nauc_recall_at_1_std": -0.03113536176647522,
        "nauc_recall_at_20_diff1": 0.5662028434297689,
        "nauc_recall_at_20_max": 0.6390767645363371,
        "nauc_recall_at_20_std": 0.3496846687566812,
        "nauc_recall_at_3_diff1": 0.6274105226007066,
        "nauc_recall_at_3_max": 0.49565194427344916,
        "nauc_recall_at_3_std": 0.07947975559190873,
        "nauc_recall_at_5_diff1": 0.600755317120019,
        "nauc_recall_at_5_max": 0.5297982389489531,
        "nauc_recall_at_5_std": 0.1367695928900658,
        "ndcg_at_1": 0.54312,
        "ndcg_at_10": 0.66607,
        "ndcg_at_100": 0.69149,
        "ndcg_at_1000": 0.69787,
        "ndcg_at_20": 0.67863,
        "ndcg_at_3": 0.62037,
        "ndcg_at_5": 0.64396,
        "precision_at_1": 0.54312,
        "precision_at_10": 0.08493,
        "precision_at_100": 0.00976,
        "precision_at_1000": 0.00103,
        "precision_at_20": 0.0451,
        "precision_at_3": 0.2383,
        "precision_at_5": 0.15521,
        "recall_at_1": 0.52461,
        "recall_at_10": 0.79944,
        "recall_at_100": 0.91601,
        "recall_at_1000": 0.96591,
        "recall_at_20": 0.84782,
        "recall_at_3": 0.67634,
        "recall_at_5": 0.7328
      }
    ]
  },
  "task_name": "MMarcoRetrieval"
}