{
  "dataset_revision": "8e0c766dbe9e16e1d221116a3f36795fbade07f6",
  "evaluation_time": 495.19497561454773,
  "kg_co2_emissions": null,
  "mteb_version": "1.14.18",
  "scores": {
    "dev": [
      {
        "hf_subset": "default",
        "languages": [
          "cmn-Hans"
        ],
        "main_score": 0.1977830314940693,
        "map": 0.1977830314940693,
        "mrr": 0.18003571428571427,
        "nAUC_map_diff1": 0.3566074402561903,
        "nAUC_map_max": 0.3187614193859911,
        "nAUC_map_std": 0.004621943884524611,
        "nAUC_mrr_diff1": 0.3667550620763847,
        "nAUC_mrr_max": 0.29773738530245863,
        "nAUC_mrr_std": -0.015446312330631002
      }
    ]
  },
  "task_name": "MMarcoReranking"
}