{
  "dataset_revision": "8731a845f1bf500a4f111cf1070785c793d10e64",
  "evaluation_time": 2012.6797323226929,
  "kg_co2_emissions": null,
  "mteb_version": "1.14.18",
  "scores": {
    "dev": [
      {
        "hf_subset": "default",
        "languages": [
          "cmn-Hans"
        ],
        "main_score": 0.75809,
        "map_at_1": 0.23752,
        "map_at_10": 0.66453,
        "map_at_100": 0.70416,
        "map_at_1000": 0.70527,
        "map_at_20": 0.69297,
        "map_at_3": 0.46437,
        "map_at_5": 0.57138,
        "mrr_at_1": 0.8210152551288795,
        "mrr_at_10": 0.8644788213666458,
        "mrr_at_100": 0.8661064309852571,
        "mrr_at_1000": 0.8661701563071784,
        "mrr_at_20": 0.8655172918370121,
        "mrr_at_3": 0.8568881875036525,
        "mrr_at_5": 0.8617277456309569,
        "nauc_map_at_1000_diff1": 0.14435626314274175,
        "nauc_map_at_1000_max": 0.5380837338446213,
        "nauc_map_at_1000_std": 0.250805583871992,
        "nauc_map_at_100_diff1": 0.14434108666863285,
        "nauc_map_at_100_max": 0.536995135777887,
        "nauc_map_at_100_std": 0.2502447663614501,
        "nauc_map_at_10_diff1": 0.17150919715884627,
        "nauc_map_at_10_max": 0.4499917491245002,
        "nauc_map_at_10_std": 0.14604057647724256,
        "nauc_map_at_1_diff1": 0.4335469953764135,
        "nauc_map_at_1_max": -0.11577681040668038,
        "nauc_map_at_1_std": -0.2433020159728911,
        "nauc_map_at_20_diff1": 0.14833850006009935,
        "nauc_map_at_20_max": 0.5168376906791351,
        "nauc_map_at_20_std": 0.22435762395584544,
        "nauc_map_at_3_diff1": 0.3185327831355215,
        "nauc_map_at_3_max": 0.0631499237949682,
        "nauc_map_at_3_std": -0.1630376156051029,
        "nauc_map_at_5_diff1": 0.2508629422872358,
        "nauc_map_at_5_max": 0.23065997825990767,
        "nauc_map_at_5_std": -0.04833160170375706,
        "nauc_mrr_at_1000_diff1": 0.40759673828535464,
        "nauc_mrr_at_1000_max": 0.758312716829526,
        "nauc_mrr_at_1000_std": 0.38476535234121473,
        "nauc_mrr_at_100_diff1": 0.4075857173640671,
        "nauc_mrr_at_100_max": 0.7583610313534964,
        "nauc_mrr_at_100_std": 0.3849059882975996,
        "nauc_mrr_at_10_diff1": 0.4069965051713005,
        "nauc_mrr_at_10_max": 0.7591775370911918,
        "nauc_mrr_at_10_std": 0.3862698359693925,
        "nauc_mrr_at_1_diff1": 0.41497725834664767,
        "nauc_mrr_at_1_max": 0.7319566964055061,
        "nauc_mrr_at_1_std": 0.33548065036891084,
        "nauc_mrr_at_20_diff1": 0.4074030514045499,
        "nauc_mrr_at_20_max": 0.7587783079418888,
        "nauc_mrr_at_20_std": 0.3854250828105017,
        "nauc_mrr_at_3_diff1": 0.4071116281231194,
        "nauc_mrr_at_3_max": 0.7574198622805985,
        "nauc_mrr_at_3_std": 0.37929081698673356,
        "nauc_mrr_at_5_diff1": 0.40658453799671596,
        "nauc_mrr_at_5_max": 0.7588558834493379,
        "nauc_mrr_at_5_std": 0.38411468668028725,
        "nauc_ndcg_at_1000_diff1": 0.18810315198737226,
        "nauc_ndcg_at_1000_max": 0.6340937228028913,
        "nauc_ndcg_at_1000_std": 0.35176542491132723,
        "nauc_ndcg_at_100_diff1": 0.1830333215493092,
        "nauc_ndcg_at_100_max": 0.6237561507509872,
        "nauc_ndcg_at_100_std": 0.35227756238861957,
        "nauc_ndcg_at_10_diff1": 0.1783905813365022,
        "nauc_ndcg_at_10_max": 0.5562205420442792,
        "nauc_ndcg_at_10_std": 0.2584414429994883,
        "nauc_ndcg_at_1_diff1": 0.41497725834664767,
        "nauc_ndcg_at_1_max": 0.7319566964055061,
        "nauc_ndcg_at_1_std": 0.33548065036891084,
        "nauc_ndcg_at_20_diff1": 0.18031879785637678,
        "nauc_ndcg_at_20_max": 0.5839849179844092,
        "nauc_ndcg_at_20_std": 0.30036385678276467,
        "nauc_ndcg_at_3_diff1": 0.16235499599624167,
        "nauc_ndcg_at_3_max": 0.6592694277494542,
        "nauc_ndcg_at_3_std": 0.32479874503104994,
        "nauc_ndcg_at_5_diff1": 0.148907750022961,
        "nauc_ndcg_at_5_max": 0.6125867079196411,
        "nauc_ndcg_at_5_std": 0.29681626933735833,
        "nauc_precision_at_1000_diff1": -0.2403109503750405,
        "nauc_precision_at_1000_max": 0.47171447318314924,
        "nauc_precision_at_1000_std": 0.49789723230096095,
        "nauc_precision_at_100_diff1": -0.2383897726437521,
        "nauc_precision_at_100_max": 0.5034702268348354,
        "nauc_precision_at_100_std": 0.5262504402342896,
        "nauc_precision_at_10_diff1": -0.2193656503245158,
        "nauc_precision_at_10_max": 0.5789750546208127,
        "nauc_precision_at_10_std": 0.49665458605428225,
        "nauc_precision_at_1_diff1": 0.41497725834664767,
        "nauc_precision_at_1_max": 0.7319566964055061,
        "nauc_precision_at_1_std": 0.33548065036891084,
        "nauc_precision_at_20_diff1": -0.231614749153561,
        "nauc_precision_at_20_max": 0.5460210519284081,
        "nauc_precision_at_20_std": 0.5214808193482752,
        "nauc_precision_at_3_diff1": -0.0970197492981341,
        "nauc_precision_at_3_max": 0.6627888393074267,
        "nauc_precision_at_3_std": 0.4193602418697426,
        "nauc_precision_at_5_diff1": -0.18066926000274633,
        "nauc_precision_at_5_max": 0.6242049270200719,
        "nauc_precision_at_5_std": 0.45393614516075365,
        "nauc_recall_at_1000_diff1": 0.11432569461212516,
        "nauc_recall_at_1000_max": 0.5762253790586283,
        "nauc_recall_at_1000_std": 0.6244150794398368,
        "nauc_recall_at_100_diff1": 0.09801519424239225,
        "nauc_recall_at_100_max": 0.513685968317197,
        "nauc_recall_at_100_std": 0.4776680327272047,
        "nauc_recall_at_10_diff1": 0.1449708985514398,
        "nauc_recall_at_10_max": 0.35419868538908406,
        "nauc_recall_at_10_std": 0.1264279622042072,
        "nauc_recall_at_1_diff1": 0.4335469953764135,
        "nauc_recall_at_1_max": -0.11577681040668038,
        "nauc_recall_at_1_std": -0.2433020159728911,
        "nauc_recall_at_20_diff1": 0.11129640106695386,
        "nauc_recall_at_20_max": 0.44682802365601215,
        "nauc_recall_at_20_std": 0.27525361174471386,
        "nauc_recall_at_3_diff1": 0.29103308700330394,
        "nauc_recall_at_3_max": 0.007257254308585485,
        "nauc_recall_at_3_std": -0.18465808087028204,
        "nauc_recall_at_5_diff1": 0.22571200156515456,
        "nauc_recall_at_5_max": 0.14049678341775323,
        "nauc_recall_at_5_std": -0.08776208850621461,
        "ndcg_at_1": 0.82102,
        "ndcg_at_10": 0.75809,
        "ndcg_at_100": 0.80783,
        "ndcg_at_1000": 0.81912,
        "ndcg_at_20": 0.781,
        "ndcg_at_3": 0.77394,
        "ndcg_at_5": 0.75737,
        "precision_at_1": 0.82102,
        "precision_at_10": 0.38256,
        "precision_at_100": 0.04817,
        "precision_at_1000": 0.00509,
        "precision_at_20": 0.2165,
        "precision_at_3": 0.68049,
        "precision_at_5": 0.56987,
        "recall_at_1": 0.23752,
        "recall_at_10": 0.75315,
        "recall_at_100": 0.91157,
        "recall_at_1000": 0.96874,
        "recall_at_20": 0.82531,
        "recall_at_3": 0.48849,
        "recall_at_5": 0.61882
      }
    ]
  },
  "task_name": "T2Retrieval"
}