{
  "dataset_revision": "76631901a18387f85eaa53e5450019b87ad58ef9",
  "evaluation_time": 1517.2073063850403,
  "kg_co2_emissions": null,
  "mteb_version": "1.14.18",
  "scores": {
    "dev": [
      {
        "hf_subset": "default",
        "languages": [
          "cmn-Hans"
        ],
        "main_score": 0.6687802780998416,
        "map": 0.6687802780998416,
        "mrr": 0.7668098677069562,
        "nAUC_map_diff1": -0.10720710551902535,
        "nAUC_map_max": 0.2752695740009469,
        "nAUC_map_std": -0.021636562612918134,
        "nAUC_mrr_diff1": -0.0942987337751038,
        "nAUC_mrr_max": 0.20558577028269173,
        "nAUC_mrr_std": -0.040390595414523285
      }
    ]
  },
  "task_name": "T2Reranking"
}