{
  "dataset_revision": "58c2597a5943a2ba48f4668c3b90d796283c5639",
  "evaluation_time": 139.67983865737915,
  "kg_co2_emissions": null,
  "mteb_version": "1.14.18",
  "scores": {
    "dev": [
      {
        "hf_subset": "default",
        "languages": [
          "cmn-Hans"
        ],
        "main_score": 0.65345,
        "map_at_1": 0.5,
        "map_at_10": 0.60218,
        "map_at_100": 0.60781,
        "map_at_1000": 0.60798,
        "map_at_20": 0.6059,
        "map_at_3": 0.57633,
        "map_at_5": 0.59158,
        "mrr_at_1": 0.5,
        "mrr_at_10": 0.6021757936507937,
        "mrr_at_100": 0.6078054550504194,
        "mrr_at_1000": 0.6079794427626851,
        "mrr_at_20": 0.6059029415587852,
        "mrr_at_3": 0.5763333333333329,
        "mrr_at_5": 0.591583333333333,
        "nauc_map_at_1000_diff1": 0.5753080063123169,
        "nauc_map_at_1000_max": 0.19883574602593715,
        "nauc_map_at_1000_std": -0.2595529434241164,
        "nauc_map_at_100_diff1": 0.5753389322897872,
        "nauc_map_at_100_max": 0.19893927307650774,
        "nauc_map_at_100_std": -0.25948776075496893,
        "nauc_map_at_10_diff1": 0.5722142039564007,
        "nauc_map_at_10_max": 0.19473478702932048,
        "nauc_map_at_10_std": -0.26451424927645983,
        "nauc_map_at_1_diff1": 0.6112618254496999,
        "nauc_map_at_1_max": 0.2150379746835442,
        "nauc_map_at_1_std": -0.23267421718854067,
        "nauc_map_at_20_diff1": 0.5748283913273521,
        "nauc_map_at_20_max": 0.1982676875308778,
        "nauc_map_at_20_std": -0.26030413021668874,
        "nauc_map_at_3_diff1": 0.5772229285393621,
        "nauc_map_at_3_max": 0.19489865504923198,
        "nauc_map_at_3_std": -0.2735097129893766,
        "nauc_map_at_5_diff1": 0.5737000227429805,
        "nauc_map_at_5_max": 0.19497777918649847,
        "nauc_map_at_5_std": -0.27021633107616744,
        "nauc_mrr_at_1000_diff1": 0.5753080063123169,
        "nauc_mrr_at_1000_max": 0.19883574602593715,
        "nauc_mrr_at_1000_std": -0.2595529434241164,
        "nauc_mrr_at_100_diff1": 0.5753389322897872,
        "nauc_mrr_at_100_max": 0.19893927307650774,
        "nauc_mrr_at_100_std": -0.25948776075496893,
        "nauc_mrr_at_10_diff1": 0.5722142039564007,
        "nauc_mrr_at_10_max": 0.19473478702932048,
        "nauc_mrr_at_10_std": -0.26451424927645983,
        "nauc_mrr_at_1_diff1": 0.6112618254496999,
        "nauc_mrr_at_1_max": 0.2150379746835442,
        "nauc_mrr_at_1_std": -0.23267421718854067,
        "nauc_mrr_at_20_diff1": 0.5748283913273521,
        "nauc_mrr_at_20_max": 0.1982676875308778,
        "nauc_mrr_at_20_std": -0.26030413021668874,
        "nauc_mrr_at_3_diff1": 0.5772229285393621,
        "nauc_mrr_at_3_max": 0.19489865504923198,
        "nauc_mrr_at_3_std": -0.2735097129893766,
        "nauc_mrr_at_5_diff1": 0.5737000227429805,
        "nauc_mrr_at_5_max": 0.19497777918649847,
        "nauc_mrr_at_5_std": -0.27021633107616744,
        "nauc_ndcg_at_1000_diff1": 0.5697587297514637,
        "nauc_ndcg_at_1000_max": 0.2075404706650301,
        "nauc_ndcg_at_1000_std": -0.24378769365390526,
        "nauc_ndcg_at_100_diff1": 0.5706605520398887,
        "nauc_ndcg_at_100_max": 0.2112888139411845,
        "nauc_ndcg_at_100_std": -0.2420016862375324,
        "nauc_ndcg_at_10_diff1": 0.5549881381392835,
        "nauc_ndcg_at_10_max": 0.19076891380091748,
        "nauc_ndcg_at_10_std": -0.265592003167098,
        "nauc_ndcg_at_1_diff1": 0.6112618254496999,
        "nauc_ndcg_at_1_max": 0.2150379746835442,
        "nauc_ndcg_at_1_std": -0.23267421718854067,
        "nauc_ndcg_at_20_diff1": 0.5652637386123978,
        "nauc_ndcg_at_20_max": 0.20500906978336553,
        "nauc_ndcg_at_20_std": -0.24867631283030014,
        "nauc_ndcg_at_3_diff1": 0.5660336082966365,
        "nauc_ndcg_at_3_max": 0.1903433815044035,
        "nauc_ndcg_at_3_std": -0.28575252592496625,
        "nauc_ndcg_at_5_diff1": 0.5593112946930858,
        "nauc_ndcg_at_5_max": 0.19051111371253437,
        "nauc_ndcg_at_5_std": -0.28082401098031085,
        "nauc_precision_at_1000_diff1": 0.5587989581797537,
        "nauc_precision_at_1000_max": 0.7490294363359273,
        "nauc_precision_at_1000_std": 0.8386898619096763,
        "nauc_precision_at_100_diff1": 0.5943676905790557,
        "nauc_precision_at_100_max": 0.5098672237256492,
        "nauc_precision_at_100_std": 0.165677570463213,
        "nauc_precision_at_10_diff1": 0.46709265175718745,
        "nauc_precision_at_10_max": 0.17495905710526952,
        "nauc_precision_at_10_std": -0.25757779149998644,
        "nauc_precision_at_1_diff1": 0.6112618254496999,
        "nauc_precision_at_1_max": 0.2150379746835442,
        "nauc_precision_at_1_std": -0.23267421718854067,
        "nauc_precision_at_20_diff1": 0.5180909037781588,
        "nauc_precision_at_20_max": 0.2820033310931225,
        "nauc_precision_at_20_std": -0.12171273704818629,
        "nauc_precision_at_3_diff1": 0.5291362677961672,
        "nauc_precision_at_3_max": 0.17611865864436224,
        "nauc_precision_at_3_std": -0.3256683793507633,
        "nauc_precision_at_5_diff1": 0.5039188900575031,
        "nauc_precision_at_5_max": 0.17479861539267458,
        "nauc_precision_at_5_std": -0.3200897012778203,
        "nauc_recall_at_1000_diff1": 0.5587989581797639,
        "nauc_recall_at_1000_max": 0.7490294363359338,
        "nauc_recall_at_1000_std": 0.8386898619096741,
        "nauc_recall_at_100_diff1": 0.5943676905790563,
        "nauc_recall_at_100_max": 0.5098672237256487,
        "nauc_recall_at_100_std": 0.16567757046321502,
        "nauc_recall_at_10_diff1": 0.4670926517571889,
        "nauc_recall_at_10_max": 0.17495905710526988,
        "nauc_recall_at_10_std": -0.25757779149998544,
        "nauc_recall_at_1_diff1": 0.6112618254496999,
        "nauc_recall_at_1_max": 0.2150379746835442,
        "nauc_recall_at_1_std": -0.23267421718854067,
        "nauc_recall_at_20_diff1": 0.5180909037781621,
        "nauc_recall_at_20_max": 0.2820033310931246,
        "nauc_recall_at_20_std": -0.12171273704818354,
        "nauc_recall_at_3_diff1": 0.5291362677961672,
        "nauc_recall_at_3_max": 0.17611865864436174,
        "nauc_recall_at_3_std": -0.3256683793507637,
        "nauc_recall_at_5_diff1": 0.503918890057504,
        "nauc_recall_at_5_max": 0.1747986153926755,
        "nauc_recall_at_5_std": -0.32008970127782016,
        "ndcg_at_1": 0.5,
        "ndcg_at_10": 0.65345,
        "ndcg_at_100": 0.68054,
        "ndcg_at_1000": 0.68558,
        "ndcg_at_20": 0.66691,
        "ndcg_at_3": 0.60069,
        "ndcg_at_5": 0.62823,
        "precision_at_1": 0.5,
        "precision_at_10": 0.0815,
        "precision_at_100": 0.00941,
        "precision_at_1000": 0.00098,
        "precision_at_20": 0.0434,
        "precision_at_3": 0.22367,
        "precision_at_5": 0.1476,
        "recall_at_1": 0.5,
        "recall_at_10": 0.815,
        "recall_at_100": 0.941,
        "recall_at_1000": 0.981,
        "recall_at_20": 0.868,
        "recall_at_3": 0.671,
        "recall_at_5": 0.738
      }
    ]
  },
  "task_name": "VideoRetrieval"
}