{
  "dataset_revision": "e3dda5e115e487b39ec7e618c0c6a29137052a55",
  "evaluation_time": 28.2950599193573,
  "kg_co2_emissions": null,
  "mteb_version": "1.14.18",
  "scores": {
    "test": [
      {
        "cosine_pearson": 0.6909781805991203,
        "cosine_spearman": 0.7118569506282906,
        "euclidean_pearson": 0.6816308018386684,
        "euclidean_spearman": 0.6997673398410291,
        "hf_subset": "default",
        "languages": [
          "cmn-Hans"
        ],
        "main_score": 0.7118569506282906,
        "manhattan_pearson": 0.6813423324502595,
        "manhattan_spearman": 0.6994692538997477,
        "pearson": 0.6909781758068275,
        "spearman": 0.7118568120663609
      }
    ],
    "validation": [
      {
        "cosine_pearson": 0.7198935144758338,
        "cosine_spearman": 0.7394116967225867,
        "euclidean_pearson": 0.7131778033148386,
        "euclidean_spearman": 0.73046281367787,
        "hf_subset": "default",
        "languages": [
          "cmn-Hans"
        ],
        "main_score": 0.7394116967225867,
        "manhattan_pearson": 0.7134548308837214,
        "manhattan_spearman": 0.7307409810564951,
        "pearson": 0.719893521704801,
        "spearman": 0.7394115581540848
      }
    ]
  },
  "task_name": "BQ"
}