{
  "dataset_revision": "23d186750531a14a0357ca22cd92d712fd512ea0",
  "evaluation_time": 308.0541937351227,
  "kg_co2_emissions": null,
  "mteb_version": "1.14.18",
  "scores": {
    "test": [
      {
        "hf_subset": "default",
        "languages": [
          "cmn-Hans"
        ],
        "main_score": 0.8801739825637656,
        "map": 0.8801739825637656,
        "mrr": 0.9013210317460317,
        "nAUC_map_diff1": 0.61488826256559,
        "nAUC_map_max": 0.6483996843551484,
        "nAUC_map_std": 0.07109350707718616,
        "nAUC_mrr_diff1": 0.687340929121102,
        "nAUC_mrr_max": 0.7509051886959754,
        "nAUC_mrr_std": 0.1335078599895383
      }
    ]
  },
  "task_name": "CMedQAv2-reranking"
}