{
  "dataset_revision": "cd540c506dae1cf9e9a59c3e06f42030d54e7301",
  "evaluation_time": 1105.0001430511475,
  "kg_co2_emissions": null,
  "mteb_version": "1.14.18",
  "scores": {
    "dev": [
      {
        "hf_subset": "default",
        "languages": [
          "cmn-Hans"
        ],
        "main_score": 0.44721,
        "map_at_1": 0.25938,
        "map_at_10": 0.38176,
        "map_at_100": 0.40011,
        "map_at_1000": 0.40131,
        "map_at_20": 0.39174,
        "map_at_3": 0.34107,
        "map_at_5": 0.36302,
        "mrr_at_1": 0.39634908727181795,
        "mrr_at_10": 0.47395450052989335,
        "mrr_at_100": 0.4835115761070907,
        "mrr_at_1000": 0.4839867907179983,
        "mrr_at_20": 0.4795934958592091,
        "mrr_at_3": 0.449862465616403,
        "mrr_at_5": 0.462703175793948,
        "nauc_map_at_1000_diff1": 0.47874702396670676,
        "nauc_map_at_1000_max": 0.43498357775559,
        "nauc_map_at_1000_std": -0.12613034397350828,
        "nauc_map_at_100_diff1": 0.47838608138566513,
        "nauc_map_at_100_max": 0.4346416633861156,
        "nauc_map_at_100_std": -0.12650649083875298,
        "nauc_map_at_10_diff1": 0.47721823533373364,
        "nauc_map_at_10_max": 0.42637253974328937,
        "nauc_map_at_10_std": -0.13661078426650375,
        "nauc_map_at_1_diff1": 0.5276212978764543,
        "nauc_map_at_1_max": 0.3407620601631677,
        "nauc_map_at_1_std": -0.1409806027039683,
        "nauc_map_at_20_diff1": 0.47780711472710796,
        "nauc_map_at_20_max": 0.43156375376783684,
        "nauc_map_at_20_std": -0.13130657070714435,
        "nauc_map_at_3_diff1": 0.48595832497882224,
        "nauc_map_at_3_max": 0.40120054267780664,
        "nauc_map_at_3_std": -0.14344876243312998,
        "nauc_map_at_5_diff1": 0.4781995685236376,
        "nauc_map_at_5_max": 0.4145562025587353,
        "nauc_map_at_5_std": -0.14197802940644297,
        "nauc_mrr_at_1000_diff1": 0.5391930020434321,
        "nauc_mrr_at_1000_max": 0.5058304773118715,
        "nauc_mrr_at_1000_std": -0.08083947361953862,
        "nauc_mrr_at_100_diff1": 0.5389485191882937,
        "nauc_mrr_at_100_max": 0.505738387197752,
        "nauc_mrr_at_100_std": -0.08072500136476028,
        "nauc_mrr_at_10_diff1": 0.5389546575813831,
        "nauc_mrr_at_10_max": 0.5050922309416037,
        "nauc_mrr_at_10_std": -0.08277340748667969,
        "nauc_mrr_at_1_diff1": 0.5815617055132611,
        "nauc_mrr_at_1_max": 0.5179763618954137,
        "nauc_mrr_at_1_std": -0.08474082107735181,
        "nauc_mrr_at_20_diff1": 0.5388293861992434,
        "nauc_mrr_at_20_max": 0.5058720930611862,
        "nauc_mrr_at_20_std": -0.08120226514070594,
        "nauc_mrr_at_3_diff1": 0.5446127439828151,
        "nauc_mrr_at_3_max": 0.5102005768461038,
        "nauc_mrr_at_3_std": -0.08444490647353281,
        "nauc_mrr_at_5_diff1": 0.5394863003219844,
        "nauc_mrr_at_5_max": 0.5055567432131989,
        "nauc_mrr_at_5_std": -0.085161658598467,
        "nauc_ndcg_at_1000_diff1": 0.4845317663674276,
        "nauc_ndcg_at_1000_max": 0.4635824184742013,
        "nauc_ndcg_at_1000_std": -0.09260567030921228,
        "nauc_ndcg_at_100_diff1": 0.47752121790997326,
        "nauc_ndcg_at_100_max": 0.46007655905031347,
        "nauc_ndcg_at_100_std": -0.09021776246713809,
        "nauc_ndcg_at_10_diff1": 0.47429468744463726,
        "nauc_ndcg_at_10_max": 0.4424301339874282,
        "nauc_ndcg_at_10_std": -0.12170972954109027,
        "nauc_ndcg_at_1_diff1": 0.5815617055132611,
        "nauc_ndcg_at_1_max": 0.5179763618954137,
        "nauc_ndcg_at_1_std": -0.08474082107735181,
        "nauc_ndcg_at_20_diff1": 0.47472255156436444,
        "nauc_ndcg_at_20_max": 0.4499777234254102,
        "nauc_ndcg_at_20_std": -0.11003173314407133,
        "nauc_ndcg_at_3_diff1": 0.4857956219478543,
        "nauc_ndcg_at_3_max": 0.45241843676089133,
        "nauc_ndcg_at_3_std": -0.11213160085286289,
        "nauc_ndcg_at_5_diff1": 0.475333328449305,
        "nauc_ndcg_at_5_max": 0.4395345988408022,
        "nauc_ndcg_at_5_std": -0.12201460543978822,
        "nauc_precision_at_1000_diff1": 0.012227998504823466,
        "nauc_precision_at_1000_max": 0.24824408407527498,
        "nauc_precision_at_1000_std": 0.1903762355644343,
        "nauc_precision_at_100_diff1": 0.06949658043586451,
        "nauc_precision_at_100_max": 0.3197149163488185,
        "nauc_precision_at_100_std": 0.17752823339430987,
        "nauc_precision_at_10_diff1": 0.2105997101215219,
        "nauc_precision_at_10_max": 0.4411059553401179,
        "nauc_precision_at_10_std": 0.02898938500493659,
        "nauc_precision_at_1_diff1": 0.5815617055132611,
        "nauc_precision_at_1_max": 0.5179763618954137,
        "nauc_precision_at_1_std": -0.08474082107735181,
        "nauc_precision_at_20_diff1": 0.1651986441676813,
        "nauc_precision_at_20_max": 0.4099750021655933,
        "nauc_precision_at_20_std": 0.07659048689718083,
        "nauc_precision_at_3_diff1": 0.3324263052388073,
        "nauc_precision_at_3_max": 0.4863262813124476,
        "nauc_precision_at_3_std": -0.036032665031233216,
        "nauc_precision_at_5_diff1": 0.2686314439688587,
        "nauc_precision_at_5_max": 0.4667228771776453,
        "nauc_precision_at_5_std": -0.014028036553106232,
        "nauc_recall_at_1000_diff1": 0.10362168849975624,
        "nauc_recall_at_1000_max": 0.51615484483439,
        "nauc_recall_at_1000_std": 0.5081005147856547,
        "nauc_recall_at_100_diff1": 0.28253594975048546,
        "nauc_recall_at_100_max": 0.37747288799595163,
        "nauc_recall_at_100_std": 0.06498093782373086,
        "nauc_recall_at_10_diff1": 0.36667285529545074,
        "nauc_recall_at_10_max": 0.3554598431613187,
        "nauc_recall_at_10_std": -0.12643406624416392,
        "nauc_recall_at_1_diff1": 0.5276212978764543,
        "nauc_recall_at_1_max": 0.3407620601631677,
        "nauc_recall_at_1_std": -0.1409806027039683,
        "nauc_recall_at_20_diff1": 0.3428418400760527,
        "nauc_recall_at_20_max": 0.35790279938502284,
        "nauc_recall_at_20_std": -0.08402323018029091,
        "nauc_recall_at_3_diff1": 0.41965947917571206,
        "nauc_recall_at_3_max": 0.36170458767382613,
        "nauc_recall_at_3_std": -0.13734311442323022,
        "nauc_recall_at_5_diff1": 0.3881697928172961,
        "nauc_recall_at_5_max": 0.3535796515306128,
        "nauc_recall_at_5_std": -0.1387475381927182,
        "ndcg_at_1": 0.39635,
        "ndcg_at_10": 0.44721,
        "ndcg_at_100": 0.51882,
        "ndcg_at_1000": 0.53932,
        "ndcg_at_20": 0.47482,
        "ndcg_at_3": 0.39696,
        "ndcg_at_5": 0.41596,
        "precision_at_1": 0.39635,
        "precision_at_10": 0.09875,
        "precision_at_100": 0.01573,
        "precision_at_1000": 0.00183,
        "precision_at_20": 0.05845,
        "precision_at_3": 0.22364,
        "precision_at_5": 0.16064,
        "recall_at_1": 0.25938,
        "recall_at_10": 0.54896,
        "recall_at_100": 0.84532,
        "recall_at_1000": 0.98227,
        "recall_at_20": 0.64356,
        "recall_at_3": 0.39441,
        "recall_at_5": 0.45677
      }
    ]
  },
  "task_name": "CmedqaRetrieval"
}