{
  "dataset_revision": "1271c7809071a13532e05f25fb53511ffce77117",
  "evaluation_time": 1150.8696286678314,
  "kg_co2_emissions": null,
  "mteb_version": "1.14.18",
  "scores": {
    "dev": [
      {
        "hf_subset": "default",
        "languages": [
          "cmn-Hans"
        ],
        "main_score": 0.83838,
        "map_at_1": 0.71549,
        "map_at_10": 0.80182,
        "map_at_100": 0.80405,
        "map_at_1000": 0.8041,
        "map_at_20": 0.80358,
        "map_at_3": 0.78583,
        "map_at_5": 0.79738,
        "mrr_at_1": 0.7186512118018967,
        "mrr_at_10": 0.8018331744359148,
        "mrr_at_100": 0.8040680650116281,
        "mrr_at_1000": 0.804116138176901,
        "mrr_at_20": 0.8036003471119308,
        "mrr_at_3": 0.7862662451703551,
        "mrr_at_5": 0.7976993326308401,
        "nauc_map_at_1000_diff1": 0.8087988110400005,
        "nauc_map_at_1000_max": 0.5114296353227457,
        "nauc_map_at_1000_std": -0.35438040110357666,
        "nauc_map_at_100_diff1": 0.8087640733811104,
        "nauc_map_at_100_max": 0.5115407540267528,
        "nauc_map_at_100_std": -0.3540819129060836,
        "nauc_map_at_10_diff1": 0.8080326804970925,
        "nauc_map_at_10_max": 0.5126416207269054,
        "nauc_map_at_10_std": -0.35845794712655926,
        "nauc_map_at_1_diff1": 0.8310539602244496,
        "nauc_map_at_1_max": 0.4736949607825448,
        "nauc_map_at_1_std": -0.36111084086032436,
        "nauc_map_at_20_diff1": 0.8085340833422822,
        "nauc_map_at_20_max": 0.512145507206182,
        "nauc_map_at_20_std": -0.35360504676626114,
        "nauc_map_at_3_diff1": 0.8061948438110067,
        "nauc_map_at_3_max": 0.5113139274332688,
        "nauc_map_at_3_std": -0.3643076422639803,
        "nauc_map_at_5_diff1": 0.8074952309364095,
        "nauc_map_at_5_max": 0.5140444034833735,
        "nauc_map_at_5_std": -0.362412278266888,
        "nauc_mrr_at_1000_diff1": 0.809047166714733,
        "nauc_mrr_at_1000_max": 0.511358855760801,
        "nauc_mrr_at_1000_std": -0.35475547570099564,
        "nauc_mrr_at_100_diff1": 0.8090123636030397,
        "nauc_mrr_at_100_max": 0.5114699862936162,
        "nauc_mrr_at_100_std": -0.35445690524315876,
        "nauc_mrr_at_10_diff1": 0.8082841400787274,
        "nauc_mrr_at_10_max": 0.5125730100022162,
        "nauc_mrr_at_10_std": -0.3588727355609619,
        "nauc_mrr_at_1_diff1": 0.8302159074439481,
        "nauc_mrr_at_1_max": 0.480221500791205,
        "nauc_mrr_at_1_std": -0.35511653864445986,
        "nauc_mrr_at_20_diff1": 0.8087817313533489,
        "nauc_mrr_at_20_max": 0.5120748862562771,
        "nauc_mrr_at_20_std": -0.3539790778826394,
        "nauc_mrr_at_3_diff1": 0.8062678557656596,
        "nauc_mrr_at_3_max": 0.5116566701847267,
        "nauc_mrr_at_3_std": -0.3615588894807131,
        "nauc_mrr_at_5_diff1": 0.8072763856629354,
        "nauc_mrr_at_5_max": 0.514487547078078,
        "nauc_mrr_at_5_std": -0.360437355202716,
        "nauc_ndcg_at_1000_diff1": 0.8057438134272411,
        "nauc_ndcg_at_1000_max": 0.5187096591907607,
        "nauc_ndcg_at_1000_std": -0.3474520396084242,
        "nauc_ndcg_at_100_diff1": 0.8045689646619506,
        "nauc_ndcg_at_100_max": 0.521920636857727,
        "nauc_ndcg_at_100_std": -0.33910914197121217,
        "nauc_ndcg_at_10_diff1": 0.8010984071478833,
        "nauc_ndcg_at_10_max": 0.5291743292340407,
        "nauc_ndcg_at_10_std": -0.35498526710755607,
        "nauc_ndcg_at_1_diff1": 0.8302159074439481,
        "nauc_ndcg_at_1_max": 0.480221500791205,
        "nauc_ndcg_at_1_std": -0.35511653864445986,
        "nauc_ndcg_at_20_diff1": 0.8027315081290876,
        "nauc_ndcg_at_20_max": 0.5271336030700888,
        "nauc_ndcg_at_20_std": -0.33323640776099067,
        "nauc_ndcg_at_3_diff1": 0.7980504876440377,
        "nauc_ndcg_at_3_max": 0.5252344123602061,
        "nauc_ndcg_at_3_std": -0.3662911979277943,
        "nauc_ndcg_at_5_diff1": 0.7998706805982115,
        "nauc_ndcg_at_5_max": 0.5334110929199176,
        "nauc_ndcg_at_5_std": -0.3627214024690534,
        "nauc_precision_at_1000_diff1": -0.4341622570665622,
        "nauc_precision_at_1000_max": 0.015258205355425235,
        "nauc_precision_at_1000_std": 0.6508763118100187,
        "nauc_precision_at_100_diff1": -0.09020968351333912,
        "nauc_precision_at_100_max": 0.2977810037670097,
        "nauc_precision_at_100_std": 0.6549457495573218,
        "nauc_precision_at_10_diff1": 0.419026102546424,
        "nauc_precision_at_10_max": 0.5128276316107969,
        "nauc_precision_at_10_std": -0.05637965444049826,
        "nauc_precision_at_1_diff1": 0.8302159074439481,
        "nauc_precision_at_1_max": 0.480221500791205,
        "nauc_precision_at_1_std": -0.35511653864445986,
        "nauc_precision_at_20_diff1": 0.21097875208394784,
        "nauc_precision_at_20_max": 0.47315300371289293,
        "nauc_precision_at_20_std": 0.40157957639071395,
        "nauc_precision_at_3_diff1": 0.6722395134343305,
        "nauc_precision_at_3_max": 0.5470980551074377,
        "nauc_precision_at_3_std": -0.3101411467069058,
        "nauc_precision_at_5_diff1": 0.5763824247224986,
        "nauc_precision_at_5_max": 0.5672359374416944,
        "nauc_precision_at_5_std": -0.22180820584790945,
        "nauc_recall_at_1000_diff1": NaN,
        "nauc_recall_at_1000_max": NaN,
        "nauc_recall_at_1000_std": NaN,
        "nauc_recall_at_100_diff1": 0.657036750451347,
        "nauc_recall_at_100_max": 0.9115695602701479,
        "nauc_recall_at_100_std": 0.6637867150819642,
        "nauc_recall_at_10_diff1": 0.7345282637074344,
        "nauc_recall_at_10_max": 0.6968247848096792,
        "nauc_recall_at_10_std": -0.3179171957488235,
        "nauc_recall_at_1_diff1": 0.8310539602244496,
        "nauc_recall_at_1_max": 0.4736949607825448,
        "nauc_recall_at_1_std": -0.36111084086032436,
        "nauc_recall_at_20_diff1": 0.6984871350611457,
        "nauc_recall_at_20_max": 0.8191665876499138,
        "nauc_recall_at_20_std": 0.21319556941866677,
        "nauc_recall_at_3_diff1": 0.7633083472187097,
        "nauc_recall_at_3_max": 0.5856832088623114,
        "nauc_recall_at_3_std": -0.37917680109598134,
        "nauc_recall_at_5_diff1": 0.7540826466564836,
        "nauc_recall_at_5_max": 0.6595455636196824,
        "nauc_recall_at_5_std": -0.3724984880029166,
        "ndcg_at_1": 0.71865,
        "ndcg_at_10": 0.83838,
        "ndcg_at_100": 0.84785,
        "ndcg_at_1000": 0.84897,
        "ndcg_at_20": 0.84478,
        "ndcg_at_3": 0.80731,
        "ndcg_at_5": 0.82794,
        "precision_at_1": 0.71865,
        "precision_at_10": 0.0961,
        "precision_at_100": 0.01002,
        "precision_at_1000": 0.00101,
        "precision_at_20": 0.04932,
        "precision_at_3": 0.29189,
        "precision_at_5": 0.18546,
        "recall_at_1": 0.71549,
        "recall_at_10": 0.95047,
        "recall_at_100": 0.99157,
        "recall_at_1000": 1.0,
        "recall_at_20": 0.97576,
        "recall_at_3": 0.86881,
        "recall_at_5": 0.91834
      }
    ]
  },
  "task_name": "CovidRetrieval"
}