{
  "dataset_revision": "a1a333e290fe30b10f3f56498e3a0d911a693ced",
  "evaluation_time": 1152.590903043747,
  "kg_co2_emissions": null,
  "mteb_version": "1.14.18",
  "scores": {
    "dev": [
      {
        "hf_subset": "default",
        "languages": [
          "cmn-Hans"
        ],
        "main_score": 0.86776,
        "map_at_1": 0.26582,
        "map_at_10": 0.79492,
        "map_at_100": 0.82334,
        "map_at_1000": 0.82376,
        "map_at_20": 0.81671,
        "map_at_3": 0.55589,
        "map_at_5": 0.69778,
        "mrr_at_1": 0.9055,
        "mrr_at_10": 0.9338261904761905,
        "mrr_at_100": 0.9345702726150865,
        "mrr_at_1000": 0.9345970403598903,
        "mrr_at_20": 0.9343112423309404,
        "mrr_at_3": 0.93175,
        "mrr_at_5": 0.932975,
        "nauc_map_at_1000_diff1": -0.007993088427068409,
        "nauc_map_at_1000_max": 0.47716034545055763,
        "nauc_map_at_1000_std": 0.26259464304448044,
        "nauc_map_at_100_diff1": -0.007446101124408969,
        "nauc_map_at_100_max": 0.4774807216160116,
        "nauc_map_at_100_std": 0.2624601935488161,
        "nauc_map_at_10_diff1": 0.036317433531532765,
        "nauc_map_at_10_max": 0.4286695210036779,
        "nauc_map_at_10_std": 0.1448702540659892,
        "nauc_map_at_1_diff1": 0.43302161766473757,
        "nauc_map_at_1_max": -0.12953818609152182,
        "nauc_map_at_1_std": -0.30891373812851314,
        "nauc_map_at_20_diff1": 0.0009045203368668646,
        "nauc_map_at_20_max": 0.47211712934754785,
        "nauc_map_at_20_std": 0.23786497812860122,
        "nauc_map_at_3_diff1": 0.2687053485690456,
        "nauc_map_at_3_max": 0.05139765978932884,
        "nauc_map_at_3_std": -0.22310165381457375,
        "nauc_map_at_5_diff1": 0.15516198183943414,
        "nauc_map_at_5_max": 0.23287405919513238,
        "nauc_map_at_5_std": -0.08153252158297992,
        "nauc_mrr_at_1000_diff1": 0.3183501032075881,
        "nauc_mrr_at_1000_max": 0.7306675230079948,
        "nauc_mrr_at_1000_std": 0.41682175283011386,
        "nauc_mrr_at_100_diff1": 0.31845030564842847,
        "nauc_mrr_at_100_max": 0.7307756233080633,
        "nauc_mrr_at_100_std": 0.4169704822852946,
        "nauc_mrr_at_10_diff1": 0.3165911901006554,
        "nauc_mrr_at_10_max": 0.7325043817164676,
        "nauc_mrr_at_10_std": 0.4186081279559637,
        "nauc_mrr_at_1_diff1": 0.34242585923258334,
        "nauc_mrr_at_1_max": 0.6620574155588156,
        "nauc_mrr_at_1_std": 0.3511775080402548,
        "nauc_mrr_at_20_diff1": 0.31811406688590954,
        "nauc_mrr_at_20_max": 0.7312577091744253,
        "nauc_mrr_at_20_std": 0.4177207251737012,
        "nauc_mrr_at_3_diff1": 0.3138315155121885,
        "nauc_mrr_at_3_max": 0.736991662761971,
        "nauc_mrr_at_3_std": 0.4154693216317857,
        "nauc_mrr_at_5_diff1": 0.3160303285805185,
        "nauc_mrr_at_5_max": 0.7344118964673199,
        "nauc_mrr_at_5_std": 0.4127336458227035,
        "nauc_ndcg_at_1000_diff1": 0.02361126844007936,
        "nauc_ndcg_at_1000_max": 0.5707678269118074,
        "nauc_ndcg_at_1000_std": 0.37109413513470146,
        "nauc_ndcg_at_100_diff1": 0.026469915149384658,
        "nauc_ndcg_at_100_max": 0.5735577947127428,
        "nauc_ndcg_at_100_std": 0.37803868677336894,
        "nauc_ndcg_at_10_diff1": 0.017032538923460662,
        "nauc_ndcg_at_10_max": 0.5177599518435889,
        "nauc_ndcg_at_10_std": 0.29769493018684284,
        "nauc_ndcg_at_1_diff1": 0.34242585923258334,
        "nauc_ndcg_at_1_max": 0.6620574155588156,
        "nauc_ndcg_at_1_std": 0.3511775080402548,
        "nauc_ndcg_at_20_diff1": 0.026894479417764506,
        "nauc_ndcg_at_20_max": 0.5586313975254351,
        "nauc_ndcg_at_20_std": 0.3377874453164482,
        "nauc_ndcg_at_3_diff1": -0.030782154492881814,
        "nauc_ndcg_at_3_max": 0.5142095703954358,
        "nauc_ndcg_at_3_std": 0.312763438058295,
        "nauc_ndcg_at_5_diff1": 0.003385167774964627,
        "nauc_ndcg_at_5_max": 0.4713353811233734,
        "nauc_ndcg_at_5_std": 0.2439848861684168,
        "nauc_precision_at_1000_diff1": -0.33926183305436647,
        "nauc_precision_at_1000_max": 0.20338787541786277,
        "nauc_precision_at_1000_std": 0.4868902355837941,
        "nauc_precision_at_100_diff1": -0.3414662955481526,
        "nauc_precision_at_100_max": 0.22830466977578165,
        "nauc_precision_at_100_std": 0.5095114791762062,
        "nauc_precision_at_10_diff1": -0.35666834567596917,
        "nauc_precision_at_10_max": 0.34841707283967915,
        "nauc_precision_at_10_std": 0.5030606347546016,
        "nauc_precision_at_1_diff1": 0.34242585923258334,
        "nauc_precision_at_1_max": 0.6620574155588156,
        "nauc_precision_at_1_std": 0.3511775080402548,
        "nauc_precision_at_20_diff1": -0.3478542501034903,
        "nauc_precision_at_20_max": 0.28567532082134245,
        "nauc_precision_at_20_std": 0.5178811452311962,
        "nauc_precision_at_3_diff1": -0.3345807116465737,
        "nauc_precision_at_3_max": 0.5082295131412484,
        "nauc_precision_at_3_std": 0.45088264617910895,
        "nauc_precision_at_5_diff1": -0.36194591898637896,
        "nauc_precision_at_5_max": 0.4386601588676613,
        "nauc_precision_at_5_std": 0.46755276359994963,
        "nauc_recall_at_1000_diff1": -0.07742450096691708,
        "nauc_recall_at_1000_max": 0.6898291936603959,
        "nauc_recall_at_1000_std": 0.7249731072662099,
        "nauc_recall_at_100_diff1": 0.022918884646965076,
        "nauc_recall_at_100_max": 0.6516915945145771,
        "nauc_recall_at_100_std": 0.6506279760006087,
        "nauc_recall_at_10_diff1": 0.03762662544774926,
        "nauc_recall_at_10_max": 0.4161415030262348,
        "nauc_recall_at_10_std": 0.14511080084889058,
        "nauc_recall_at_1_diff1": 0.43302161766473757,
        "nauc_recall_at_1_max": -0.12953818609152182,
        "nauc_recall_at_1_std": -0.30891373812851314,
        "nauc_recall_at_20_diff1": 0.010956430912180399,
        "nauc_recall_at_20_max": 0.5369161233709532,
        "nauc_recall_at_20_std": 0.36069531130714183,
        "nauc_recall_at_3_diff1": 0.25865835483675875,
        "nauc_recall_at_3_max": 0.00918457380335511,
        "nauc_recall_at_3_std": -0.25379488849119075,
        "nauc_recall_at_5_diff1": 0.1597431013903717,
        "nauc_recall_at_5_max": 0.17193587201294705,
        "nauc_recall_at_5_std": -0.14069481963677602,
        "ndcg_at_1": 0.9055,
        "ndcg_at_10": 0.86776,
        "ndcg_at_100": 0.89669,
        "ndcg_at_1000": 0.90056,
        "ndcg_at_20": 0.88337,
        "ndcg_at_3": 0.86209,
        "ndcg_at_5": 0.8478,
        "precision_at_1": 0.9055,
        "precision_at_10": 0.41275,
        "precision_at_100": 0.04766,
        "precision_at_1000": 0.00486,
        "precision_at_20": 0.22498,
        "precision_at_3": 0.77,
        "precision_at_5": 0.6468,
        "recall_at_1": 0.26582,
        "recall_at_10": 0.87276,
        "recall_at_100": 0.96827,
        "recall_at_1000": 0.98796,
        "recall_at_20": 0.92379,
        "recall_at_3": 0.57518,
        "recall_at_5": 0.73801
      }
    ]
  },
  "task_name": "DuRetrieval"
}