{
  "dataset_revision": "687de13dc7294d6fd9be10c6945f9e8fec8166b9",
  "evaluation_time": 146.59201455116272,
  "kg_co2_emissions": null,
  "mteb_version": "1.14.18",
  "scores": {
    "dev": [
      {
        "hf_subset": "default",
        "languages": [
          "cmn-Hans"
        ],
        "main_score": 0.6514,
        "map_at_1": 0.49,
        "map_at_10": 0.59656,
        "map_at_100": 0.60262,
        "map_at_1000": 0.6028,
        "map_at_20": 0.60088,
        "map_at_3": 0.56783,
        "map_at_5": 0.58543,
        "mrr_at_1": 0.49,
        "mrr_at_10": 0.596559523809524,
        "mrr_at_100": 0.6026238174232845,
        "mrr_at_1000": 0.6027977311745922,
        "mrr_at_20": 0.600877057234991,
        "mrr_at_3": 0.5678333333333333,
        "mrr_at_5": 0.5854333333333334,
        "nauc_map_at_1000_diff1": 0.6573744760209234,
        "nauc_map_at_1000_max": 0.25402400706058165,
        "nauc_map_at_1000_std": -0.12836337500169612,
        "nauc_map_at_100_diff1": 0.6573489406848535,
        "nauc_map_at_100_max": 0.2541303309840355,
        "nauc_map_at_100_std": -0.12824960059684937,
        "nauc_map_at_10_diff1": 0.655757552880924,
        "nauc_map_at_10_max": 0.2542128801553966,
        "nauc_map_at_10_std": -0.1290115768605719,
        "nauc_map_at_1_diff1": 0.700069045184762,
        "nauc_map_at_1_max": 0.2103501387542654,
        "nauc_map_at_1_std": -0.15910135036447884,
        "nauc_map_at_20_diff1": 0.6560147228380572,
        "nauc_map_at_20_max": 0.25448901399136536,
        "nauc_map_at_20_std": -0.12760635043501084,
        "nauc_map_at_3_diff1": 0.6600821092664677,
        "nauc_map_at_3_max": 0.24610221382259226,
        "nauc_map_at_3_std": -0.1468443151097905,
        "nauc_map_at_5_diff1": 0.6536567750002904,
        "nauc_map_at_5_max": 0.24919457714740376,
        "nauc_map_at_5_std": -0.1401216602548039,
        "nauc_mrr_at_1000_diff1": 0.6573744760209234,
        "nauc_mrr_at_1000_max": 0.25402400706058165,
        "nauc_mrr_at_1000_std": -0.12836337500169612,
        "nauc_mrr_at_100_diff1": 0.6573489406848535,
        "nauc_mrr_at_100_max": 0.2541303309840355,
        "nauc_mrr_at_100_std": -0.12824960059684937,
        "nauc_mrr_at_10_diff1": 0.655757552880924,
        "nauc_mrr_at_10_max": 0.2542128801553966,
        "nauc_mrr_at_10_std": -0.1290115768605719,
        "nauc_mrr_at_1_diff1": 0.700069045184762,
        "nauc_mrr_at_1_max": 0.2103501387542654,
        "nauc_mrr_at_1_std": -0.15910135036447884,
        "nauc_mrr_at_20_diff1": 0.6560147228380572,
        "nauc_mrr_at_20_max": 0.25448901399136536,
        "nauc_mrr_at_20_std": -0.12760635043501084,
        "nauc_mrr_at_3_diff1": 0.6600821092664677,
        "nauc_mrr_at_3_max": 0.24610221382259226,
        "nauc_mrr_at_3_std": -0.1468443151097905,
        "nauc_mrr_at_5_diff1": 0.6536567750002904,
        "nauc_mrr_at_5_max": 0.24919457714740376,
        "nauc_mrr_at_5_std": -0.1401216602548039,
        "nauc_ndcg_at_1000_diff1": 0.6500785395187406,
        "nauc_ndcg_at_1000_max": 0.274795833944402,
        "nauc_ndcg_at_1000_std": -0.09999780344869959,
        "nauc_ndcg_at_100_diff1": 0.6488633165938178,
        "nauc_ndcg_at_100_max": 0.2786301598278626,
        "nauc_ndcg_at_100_std": -0.09460863601636214,
        "nauc_ndcg_at_10_diff1": 0.6399780901773651,
        "nauc_ndcg_at_10_max": 0.2790436882570851,
        "nauc_ndcg_at_10_std": -0.098808644154239,
        "nauc_ndcg_at_1_diff1": 0.700069045184762,
        "nauc_ndcg_at_1_max": 0.2103501387542654,
        "nauc_ndcg_at_1_std": -0.15910135036447884,
        "nauc_ndcg_at_20_diff1": 0.64080543351852,
        "nauc_ndcg_at_20_max": 0.28104883499493877,
        "nauc_ndcg_at_20_std": -0.09187431701940223,
        "nauc_ndcg_at_3_diff1": 0.6478575578731438,
        "nauc_ndcg_at_3_max": 0.25790421159225924,
        "nauc_ndcg_at_3_std": -0.14198651093105905,
        "nauc_ndcg_at_5_diff1": 0.6347805124049251,
        "nauc_ndcg_at_5_max": 0.26415817077151793,
        "nauc_ndcg_at_5_std": -0.1300680749906523,
        "nauc_precision_at_1000_diff1": 0.6125541125541061,
        "nauc_precision_at_1000_max": 0.9044223750106078,
        "nauc_precision_at_1000_std": 0.8938120702826653,
        "nauc_precision_at_100_diff1": 0.5887107929591552,
        "nauc_precision_at_100_max": 0.6776377217553677,
        "nauc_precision_at_100_std": 0.5186741363211942,
        "nauc_precision_at_10_diff1": 0.5602430408365118,
        "nauc_precision_at_10_max": 0.4209382506711872,
        "nauc_precision_at_10_std": 0.08485233856153715,
        "nauc_precision_at_1_diff1": 0.700069045184762,
        "nauc_precision_at_1_max": 0.2103501387542654,
        "nauc_precision_at_1_std": -0.15910135036447884,
        "nauc_precision_at_20_diff1": 0.532809196397356,
        "nauc_precision_at_20_max": 0.5037250070754319,
        "nauc_precision_at_20_std": 0.23105032713469778,
        "nauc_precision_at_3_diff1": 0.6081106397783996,
        "nauc_precision_at_3_max": 0.2966351750993596,
        "nauc_precision_at_3_std": -0.1257359927203624,
        "nauc_precision_at_5_diff1": 0.5596520078510413,
        "nauc_precision_at_5_max": 0.32282719137527754,
        "nauc_precision_at_5_std": -0.08953820038112821,
        "nauc_recall_at_1000_diff1": 0.6125541125541173,
        "nauc_recall_at_1000_max": 0.9044223750106061,
        "nauc_recall_at_1000_std": 0.8938120702826544,
        "nauc_recall_at_100_diff1": 0.5887107929591585,
        "nauc_recall_at_100_max": 0.6776377217553686,
        "nauc_recall_at_100_std": 0.5186741363211983,
        "nauc_recall_at_10_diff1": 0.560243040836513,
        "nauc_recall_at_10_max": 0.42093825067118895,
        "nauc_recall_at_10_std": 0.08485233856153805,
        "nauc_recall_at_1_diff1": 0.700069045184762,
        "nauc_recall_at_1_max": 0.2103501387542654,
        "nauc_recall_at_1_std": -0.15910135036447884,
        "nauc_recall_at_20_diff1": 0.5328091963973564,
        "nauc_recall_at_20_max": 0.5037250070754319,
        "nauc_recall_at_20_std": 0.2310503271346991,
        "nauc_recall_at_3_diff1": 0.6081106397783992,
        "nauc_recall_at_3_max": 0.2966351750993587,
        "nauc_recall_at_3_std": -0.1257359927203631,
        "nauc_recall_at_5_diff1": 0.5596520078510425,
        "nauc_recall_at_5_max": 0.32282719137527854,
        "nauc_recall_at_5_std": -0.08953820038112677,
        "ndcg_at_1": 0.49,
        "ndcg_at_10": 0.6514,
        "ndcg_at_100": 0.67847,
        "ndcg_at_1000": 0.68264,
        "ndcg_at_20": 0.66693,
        "ndcg_at_3": 0.59258,
        "ndcg_at_5": 0.62451,
        "precision_at_1": 0.49,
        "precision_at_10": 0.0825,
        "precision_at_100": 0.00946,
        "precision_at_1000": 0.00098,
        "precision_at_20": 0.0443,
        "precision_at_3": 0.22133,
        "precision_at_5": 0.1484,
        "recall_at_1": 0.49,
        "recall_at_10": 0.825,
        "recall_at_100": 0.946,
        "recall_at_1000": 0.978,
        "recall_at_20": 0.886,
        "recall_at_3": 0.664,
        "recall_at_5": 0.742
      }
    ]
  },
  "task_name": "EcomRetrieval"
}