{
  "dataset_revision": "2039188fb5800a9803ba5048df7b76e6fb151fc6",
  "evaluation_time": 505.50473141670227,
  "kg_co2_emissions": null,
  "mteb_version": "1.14.18",
  "scores": {
    "dev": [
      {
        "hf_subset": "default",
        "languages": [
          "cmn-Hans"
        ],
        "main_score": 0.6307,
        "map_at_1": 0.528,
        "map_at_10": 0.59752,
        "map_at_100": 0.60343,
        "map_at_1000": 0.60389,
        "map_at_20": 0.60103,
        "map_at_3": 0.58233,
        "map_at_5": 0.59058,
        "mrr_at_1": 0.53,
        "mrr_at_10": 0.5986797619047619,
        "mrr_at_100": 0.604591040716262,
        "mrr_at_1000": 0.6050488079766041,
        "mrr_at_20": 0.6021857727197122,
        "mrr_at_3": 0.5834999999999999,
        "mrr_at_5": 0.5917499999999999,
        "nauc_map_at_1000_diff1": 0.7708631698176261,
        "nauc_map_at_1000_max": 0.559429319376886,
        "nauc_map_at_1000_std": 0.12079663068814453,
        "nauc_map_at_100_diff1": 0.7705639722791572,
        "nauc_map_at_100_max": 0.5591651576035263,
        "nauc_map_at_100_std": 0.12066761981813222,
        "nauc_map_at_10_diff1": 0.7710810889861227,
        "nauc_map_at_10_max": 0.5603036828861476,
        "nauc_map_at_10_std": 0.12040098453025444,
        "nauc_map_at_1_diff1": 0.8126906658765691,
        "nauc_map_at_1_max": 0.5749234593099812,
        "nauc_map_at_1_std": 0.11556821174611509,
        "nauc_map_at_20_diff1": 0.7706413522820603,
        "nauc_map_at_20_max": 0.5595501414755434,
        "nauc_map_at_20_std": 0.11955239631671126,
        "nauc_map_at_3_diff1": 0.7765341099418281,
        "nauc_map_at_3_max": 0.5688917977921006,
        "nauc_map_at_3_std": 0.12041755785205238,
        "nauc_map_at_5_diff1": 0.7732525234530575,
        "nauc_map_at_5_max": 0.5642608360408949,
        "nauc_map_at_5_std": 0.11987500825735185,
        "nauc_mrr_at_1000_diff1": 0.7683935821684887,
        "nauc_mrr_at_1000_max": 0.5649589525302959,
        "nauc_mrr_at_1000_std": 0.12509773175605046,
        "nauc_mrr_at_100_diff1": 0.7680975244875013,
        "nauc_mrr_at_100_max": 0.5646864766500996,
        "nauc_mrr_at_100_std": 0.12496233758263994,
        "nauc_mrr_at_10_diff1": 0.7686526815667308,
        "nauc_mrr_at_10_max": 0.5657459139329222,
        "nauc_mrr_at_10_std": 0.12463512438281633,
        "nauc_mrr_at_1_diff1": 0.808515580970185,
        "nauc_mrr_at_1_max": 0.5846499608242038,
        "nauc_mrr_at_1_std": 0.1225941250051545,
        "nauc_mrr_at_20_diff1": 0.7681921584399976,
        "nauc_mrr_at_20_max": 0.5650364353225499,
        "nauc_mrr_at_20_std": 0.1238204374263328,
        "nauc_mrr_at_3_diff1": 0.7741904510017282,
        "nauc_mrr_at_3_max": 0.5741991933917354,
        "nauc_mrr_at_3_std": 0.12452012014401347,
        "nauc_mrr_at_5_diff1": 0.7708698193145812,
        "nauc_mrr_at_5_max": 0.5696392533282306,
        "nauc_mrr_at_5_std": 0.12403685045173517,
        "nauc_ndcg_at_1000_diff1": 0.7591406735599282,
        "nauc_ndcg_at_1000_max": 0.550909756989835,
        "nauc_ndcg_at_1000_std": 0.12773673487320508,
        "nauc_ndcg_at_100_diff1": 0.75016344624094,
        "nauc_ndcg_at_100_max": 0.5433192094300174,
        "nauc_ndcg_at_100_std": 0.12755388730698944,
        "nauc_ndcg_at_10_diff1": 0.7522170200211705,
        "nauc_ndcg_at_10_max": 0.5478583380673359,
        "nauc_ndcg_at_10_std": 0.12384874362119305,
        "nauc_ndcg_at_1_diff1": 0.8126906658765691,
        "nauc_ndcg_at_1_max": 0.5749234593099812,
        "nauc_ndcg_at_1_std": 0.11556821174611509,
        "nauc_ndcg_at_20_diff1": 0.7500153120340084,
        "nauc_ndcg_at_20_max": 0.5449907914438503,
        "nauc_ndcg_at_20_std": 0.12069325217816648,
        "nauc_ndcg_at_3_diff1": 0.7644710343009871,
        "nauc_ndcg_at_3_max": 0.5664851536945809,
        "nauc_ndcg_at_3_std": 0.12383602437484935,
        "nauc_ndcg_at_5_diff1": 0.7579315424595471,
        "nauc_ndcg_at_5_max": 0.5575283636852612,
        "nauc_ndcg_at_5_std": 0.12237738667201489,
        "nauc_precision_at_1000_diff1": 0.7509920634920622,
        "nauc_precision_at_1000_max": 0.5052229225023249,
        "nauc_precision_at_1000_std": 0.5192577030812288,
        "nauc_precision_at_100_diff1": 0.5971022558041086,
        "nauc_precision_at_100_max": 0.4114804596259662,
        "nauc_precision_at_100_std": 0.19679500242980896,
        "nauc_precision_at_10_diff1": 0.6769989320398035,
        "nauc_precision_at_10_max": 0.49443962032517846,
        "nauc_precision_at_10_std": 0.1376091664919998,
        "nauc_precision_at_1_diff1": 0.8126906658765691,
        "nauc_precision_at_1_max": 0.5749234593099812,
        "nauc_precision_at_1_std": 0.11556821174611509,
        "nauc_precision_at_20_diff1": 0.6520919899038898,
        "nauc_precision_at_20_max": 0.47065261460654895,
        "nauc_precision_at_20_std": 0.12266257947639954,
        "nauc_precision_at_3_diff1": 0.7263738024080482,
        "nauc_precision_at_3_max": 0.558745718118287,
        "nauc_precision_at_3_std": 0.13526620076341725,
        "nauc_precision_at_5_diff1": 0.705504633403965,
        "nauc_precision_at_5_max": 0.5331256659812011,
        "nauc_precision_at_5_std": 0.13074699406722545,
        "nauc_recall_at_1000_diff1": 0.7509920634920604,
        "nauc_recall_at_1000_max": 0.5052229225023295,
        "nauc_recall_at_1000_std": 0.519257703081231,
        "nauc_recall_at_100_diff1": 0.5971022558041097,
        "nauc_recall_at_100_max": 0.4114804596259665,
        "nauc_recall_at_100_std": 0.19679500242981046,
        "nauc_recall_at_10_diff1": 0.6769989320398037,
        "nauc_recall_at_10_max": 0.49443962032517863,
        "nauc_recall_at_10_std": 0.13760916649200036,
        "nauc_recall_at_1_diff1": 0.8126906658765691,
        "nauc_recall_at_1_max": 0.5749234593099812,
        "nauc_recall_at_1_std": 0.11556821174611509,
        "nauc_recall_at_20_diff1": 0.65209198990389,
        "nauc_recall_at_20_max": 0.47065261460654934,
        "nauc_recall_at_20_std": 0.12266257947639903,
        "nauc_recall_at_3_diff1": 0.7263738024080477,
        "nauc_recall_at_3_max": 0.5587457181182862,
        "nauc_recall_at_3_std": 0.13526620076341658,
        "nauc_recall_at_5_diff1": 0.7055046334039655,
        "nauc_recall_at_5_max": 0.533125665981202,
        "nauc_recall_at_5_std": 0.13074699406722684,
        "ndcg_at_1": 0.528,
        "ndcg_at_10": 0.6307,
        "ndcg_at_100": 0.66061,
        "ndcg_at_1000": 0.6738,
        "ndcg_at_20": 0.64305,
        "ndcg_at_3": 0.59902,
        "ndcg_at_5": 0.61387,
        "precision_at_1": 0.528,
        "precision_at_10": 0.0735,
        "precision_at_100": 0.00878,
        "precision_at_1000": 0.00098,
        "precision_at_20": 0.03915,
        "precision_at_3": 0.21567,
        "precision_at_5": 0.1366,
        "recall_at_1": 0.528,
        "recall_at_10": 0.735,
        "recall_at_100": 0.878,
        "recall_at_1000": 0.984,
        "recall_at_20": 0.783,
        "recall_at_3": 0.647,
        "recall_at_5": 0.683
      }
    ]
  },
  "task_name": "MedicalRetrieval"
}