{
  "dataset_revision": "539bbde593d947e2a124ba72651aafc09eb33fc2",
  "evaluation_time": 508.4783935546875,
  "kg_co2_emissions": null,
  "mteb_version": "1.14.18",
  "scores": {
    "dev": [
      {
        "hf_subset": "default",
        "languages": [
          "cmn-Hans"
        ],
        "main_score": 0.7698,
        "map_at_1": 0.63418,
        "map_at_10": 0.72945,
        "map_at_100": 0.73332,
        "map_at_1000": 0.73344,
        "map_at_20": 0.73207,
        "map_at_3": 0.70883,
        "map_at_5": 0.72177,
        "mrr_at_1": 0.6558739255014326,
        "mrr_at_10": 0.7354383271933403,
        "mrr_at_100": 0.7388956183979944,
        "mrr_at_1000": 0.7389979295383241,
        "mrr_at_20": 0.7377816635324798,
        "mrr_at_3": 0.7172874880611271,
        "mrr_at_5": 0.728462273161411,
        "nauc_map_at_1000_diff1": 0.737658399653621,
        "nauc_map_at_1000_max": 0.4650726822792235,
        "nauc_map_at_1000_std": -0.07225636761462782,
        "nauc_map_at_100_diff1": 0.7376083219463682,
        "nauc_map_at_100_max": 0.46517294208841437,
        "nauc_map_at_100_std": -0.07199724360940092,
        "nauc_map_at_10_diff1": 0.7367568907410174,
        "nauc_map_at_10_max": 0.46684607510134984,
        "nauc_map_at_10_std": -0.07311129680012142,
        "nauc_map_at_1_diff1": 0.760092246651136,
        "nauc_map_at_1_max": 0.39388806074732735,
        "nauc_map_at_1_std": -0.13014579977751123,
        "nauc_map_at_20_diff1": 0.7369321034159635,
        "nauc_map_at_20_max": 0.46567593636143295,
        "nauc_map_at_20_std": -0.0719649432720385,
        "nauc_map_at_3_diff1": 0.7373539918880092,
        "nauc_map_at_3_max": 0.4585562124775366,
        "nauc_map_at_3_std": -0.08556355783580687,
        "nauc_map_at_5_diff1": 0.7360316906383122,
        "nauc_map_at_5_max": 0.46466231218837445,
        "nauc_map_at_5_std": -0.07932918735363197,
        "nauc_mrr_at_1000_diff1": 0.7421660495111955,
        "nauc_mrr_at_1000_max": 0.47021370055075795,
        "nauc_mrr_at_1000_std": -0.06508202668783925,
        "nauc_mrr_at_100_diff1": 0.7421143037284781,
        "nauc_mrr_at_100_max": 0.4703082482078775,
        "nauc_mrr_at_100_std": -0.06481974750659591,
        "nauc_mrr_at_10_diff1": 0.7413270297236716,
        "nauc_mrr_at_10_max": 0.4723198404931965,
        "nauc_mrr_at_10_std": -0.06459878381463145,
        "nauc_mrr_at_1_diff1": 0.7702833879770598,
        "nauc_mrr_at_1_max": 0.4311090483124117,
        "nauc_mrr_at_1_std": -0.11370894822265214,
        "nauc_mrr_at_20_diff1": 0.7415524485781686,
        "nauc_mrr_at_20_max": 0.47095224064368213,
        "nauc_mrr_at_20_std": -0.06447010971622903,
        "nauc_mrr_at_3_diff1": 0.741547342224702,
        "nauc_mrr_at_3_max": 0.46761245281010444,
        "nauc_mrr_at_3_std": -0.07310065831854391,
        "nauc_mrr_at_5_diff1": 0.740914336001192,
        "nauc_mrr_at_5_max": 0.47142698862287374,
        "nauc_mrr_at_5_std": -0.06923779884201223,
        "nauc_ndcg_at_1000_diff1": 0.7317254666294034,
        "nauc_ndcg_at_1000_max": 0.4793912757767238,
        "nauc_ndcg_at_1000_std": -0.04654744434840998,
        "nauc_ndcg_at_100_diff1": 0.7303466926744137,
        "nauc_ndcg_at_100_max": 0.4829823137714619,
        "nauc_ndcg_at_100_std": -0.037458739456208506,
        "nauc_ndcg_at_10_diff1": 0.7258276341603717,
        "nauc_ndcg_at_10_max": 0.4924551299281378,
        "nauc_ndcg_at_10_std": -0.03958571576489407,
        "nauc_ndcg_at_1_diff1": 0.7702833879770598,
        "nauc_ndcg_at_1_max": 0.4311090483124117,
        "nauc_ndcg_at_1_std": -0.11370894822265214,
        "nauc_ndcg_at_20_diff1": 0.7262854460448225,
        "nauc_ndcg_at_20_max": 0.4885556585928104,
        "nauc_ndcg_at_20_std": -0.03492800691855905,
        "nauc_ndcg_at_3_diff1": 0.727910096893738,
        "nauc_ndcg_at_3_max": 0.47589685205531207,
        "nauc_ndcg_at_3_std": -0.06736836347743573,
        "nauc_ndcg_at_5_diff1": 0.7251087229018011,
        "nauc_ndcg_at_5_max": 0.4867977859220642,
        "nauc_ndcg_at_5_std": -0.05613452388646197,
        "nauc_precision_at_1000_diff1": -0.1724054093450646,
        "nauc_precision_at_1000_max": 0.1449769384999167,
        "nauc_precision_at_1000_std": 0.2604412076140087,
        "nauc_precision_at_100_diff1": -0.036893280393988676,
        "nauc_precision_at_100_max": 0.25569031457139074,
        "nauc_precision_at_100_std": 0.3231393315905267,
        "nauc_precision_at_10_diff1": 0.2558668806371056,
        "nauc_precision_at_10_max": 0.4288406978640152,
        "nauc_precision_at_10_std": 0.1958443965776168,
        "nauc_precision_at_1_diff1": 0.7702833879770598,
        "nauc_precision_at_1_max": 0.4311090483124117,
        "nauc_precision_at_1_std": -0.11370894822265214,
        "nauc_precision_at_20_diff1": 0.14399505645147295,
        "nauc_precision_at_20_max": 0.37499664590018644,
        "nauc_precision_at_20_std": 0.2649569175743774,
        "nauc_precision_at_3_diff1": 0.4756896722803147,
        "nauc_precision_at_3_max": 0.46433385690791157,
        "nauc_precision_at_3_std": 0.044573244494549975,
        "nauc_precision_at_5_diff1": 0.3718518017832687,
        "nauc_precision_at_5_max": 0.45197252802153604,
        "nauc_precision_at_5_std": 0.09923238331462321,
        "nauc_recall_at_1000_diff1": 0.4755578898225998,
        "nauc_recall_at_1000_max": 0.7156932773109222,
        "nauc_recall_at_1000_std": 0.7053828197945758,
        "nauc_recall_at_100_diff1": 0.5923292393880663,
        "nauc_recall_at_100_max": 0.7098237160156682,
        "nauc_recall_at_100_std": 0.5878919841768112,
        "nauc_recall_at_10_diff1": 0.647247724664523,
        "nauc_recall_at_10_max": 0.6354175120888621,
        "nauc_recall_at_10_std": 0.1534712663315275,
        "nauc_recall_at_1_diff1": 0.760092246651136,
        "nauc_recall_at_1_max": 0.39388806074732735,
        "nauc_recall_at_1_std": -0.13014579977751123,
        "nauc_recall_at_20_diff1": 0.6172719308628904,
        "nauc_recall_at_20_max": 0.6589489166423875,
        "nauc_recall_at_20_std": 0.2792026525252245,
        "nauc_recall_at_3_diff1": 0.6874676815672079,
        "nauc_recall_at_3_max": 0.5235009285646071,
        "nauc_recall_at_3_std": -0.01774812823258028,
        "nauc_recall_at_5_diff1": 0.6656864519533773,
        "nauc_recall_at_5_max": 0.5706479923114353,
        "nauc_recall_at_5_std": 0.03050542122108887,
        "ndcg_at_1": 0.65587,
        "ndcg_at_10": 0.7698,
        "ndcg_at_100": 0.7872,
        "ndcg_at_1000": 0.79016,
        "ndcg_at_20": 0.77879,
        "ndcg_at_3": 0.73034,
        "ndcg_at_5": 0.75221,
        "precision_at_1": 0.65587,
        "precision_at_10": 0.09453,
        "precision_at_100": 0.01031,
        "precision_at_1000": 0.00106,
        "precision_at_20": 0.04914,
        "precision_at_3": 0.2765,
        "precision_at_5": 0.17748,
        "recall_at_1": 0.63418,
        "recall_at_10": 0.88863,
        "recall_at_100": 0.96756,
        "recall_at_1000": 0.99045,
        "recall_at_20": 0.92344,
        "recall_at_3": 0.78388,
        "recall_at_5": 0.83585
      }
    ]
  },
  "task_name": "MMarcoRetrieval"
}