{
  "dataset_revision": "8731a845f1bf500a4f111cf1070785c793d10e64",
  "evaluation_time": 1994.0812780857086,
  "kg_co2_emissions": null,
  "mteb_version": "1.14.18",
  "scores": {
    "dev": [
      {
        "hf_subset": "default",
        "languages": [
          "cmn-Hans"
        ],
        "main_score": 0.82467,
        "map_at_1": 0.26328,
        "map_at_10": 0.74299,
        "map_at_100": 0.78047,
        "map_at_1000": 0.78123,
        "map_at_20": 0.77104,
        "map_at_3": 0.52098,
        "map_at_5": 0.64139,
        "mrr_at_1": 0.8778274592319831,
        "mrr_at_10": 0.9101058792504091,
        "mrr_at_100": 0.911150906889937,
        "mrr_at_1000": 0.9111869109675923,
        "mrr_at_20": 0.9108241693608624,
        "mrr_at_3": 0.9050134432170193,
        "mrr_at_5": 0.9082792682214049,
        "nauc_map_at_1000_diff1": 0.13705898793655116,
        "nauc_map_at_1000_max": 0.47142274115169164,
        "nauc_map_at_1000_std": 0.18726757325254637,
        "nauc_map_at_100_diff1": 0.13704719126856557,
        "nauc_map_at_100_max": 0.47025962359640106,
        "nauc_map_at_100_std": 0.18681176779679715,
        "nauc_map_at_10_diff1": 0.17753702579081157,
        "nauc_map_at_10_max": 0.3554729912328991,
        "nauc_map_at_10_std": 0.050956967847965925,
        "nauc_map_at_1_diff1": 0.4886312553392382,
        "nauc_map_at_1_max": -0.2285978931321182,
        "nauc_map_at_1_std": -0.3207941963601145,
        "nauc_map_at_20_diff1": 0.1434038666103033,
        "nauc_map_at_20_max": 0.44523794359963753,
        "nauc_map_at_20_std": 0.15516117699869178,
        "nauc_map_at_3_diff1": 0.35745020607407796,
        "nauc_map_at_3_max": -0.09022639760338223,
        "nauc_map_at_3_std": -0.2828483925385104,
        "nauc_map_at_5_diff1": 0.2860202698094169,
        "nauc_map_at_5_max": 0.07979886278940587,
        "nauc_map_at_5_std": -0.18169820790611135,
        "nauc_mrr_at_1000_diff1": 0.4321593722833457,
        "nauc_mrr_at_1000_max": 0.7747376579354733,
        "nauc_mrr_at_1000_std": 0.3664278515931338,
        "nauc_mrr_at_100_diff1": 0.4321424257533376,
        "nauc_mrr_at_100_max": 0.7748061511363187,
        "nauc_mrr_at_100_std": 0.3665976145019394,
        "nauc_mrr_at_10_diff1": 0.43230613775120064,
        "nauc_mrr_at_10_max": 0.7757930544645917,
        "nauc_mrr_at_10_std": 0.3672860346112465,
        "nauc_mrr_at_1_diff1": 0.4389350501746234,
        "nauc_mrr_at_1_max": 0.744861202444677,
        "nauc_mrr_at_1_std": 0.31374136472555686,
        "nauc_mrr_at_20_diff1": 0.4321716491342402,
        "nauc_mrr_at_20_max": 0.7751877177810377,
        "nauc_mrr_at_20_std": 0.36725363765606744,
        "nauc_mrr_at_3_diff1": 0.4309598204489026,
        "nauc_mrr_at_3_max": 0.7750394194509002,
        "nauc_mrr_at_3_std": 0.36271959299074463,
        "nauc_mrr_at_5_diff1": 0.431845434386229,
        "nauc_mrr_at_5_max": 0.7758250838838765,
        "nauc_mrr_at_5_std": 0.36544612018437284,
        "nauc_ndcg_at_1000_diff1": 0.17497810370315547,
        "nauc_ndcg_at_1000_max": 0.5904361822767369,
        "nauc_ndcg_at_1000_std": 0.3010454836495022,
        "nauc_ndcg_at_100_diff1": 0.16981741711460036,
        "nauc_ndcg_at_100_max": 0.5791239412565834,
        "nauc_ndcg_at_100_std": 0.30253572189696626,
        "nauc_ndcg_at_10_diff1": 0.1729987710132806,
        "nauc_ndcg_at_10_max": 0.48785307528028926,
        "nauc_ndcg_at_10_std": 0.1900378186966268,
        "nauc_ndcg_at_1_diff1": 0.4391622741827637,
        "nauc_ndcg_at_1_max": 0.7444162789332396,
        "nauc_ndcg_at_1_std": 0.31357821048740075,
        "nauc_ndcg_at_20_diff1": 0.17126862059234135,
        "nauc_ndcg_at_20_max": 0.5242475327481432,
        "nauc_ndcg_at_20_std": 0.23897121443628763,
        "nauc_ndcg_at_3_diff1": 0.13809687446455293,
        "nauc_ndcg_at_3_max": 0.6431087813352616,
        "nauc_ndcg_at_3_std": 0.29412157233051606,
        "nauc_ndcg_at_5_diff1": 0.13790825379185503,
        "nauc_ndcg_at_5_max": 0.5701833521962001,
        "nauc_ndcg_at_5_std": 0.24810758006684738,
        "nauc_precision_at_1000_diff1": -0.31347174600709826,
        "nauc_precision_at_1000_max": 0.49852020995716945,
        "nauc_precision_at_1000_std": 0.5432041147230945,
        "nauc_precision_at_100_diff1": -0.31402209902324035,
        "nauc_precision_at_100_max": 0.5155356114467781,
        "nauc_precision_at_100_std": 0.560613924164603,
        "nauc_precision_at_10_diff1": -0.3033739414659216,
        "nauc_precision_at_10_max": 0.5664511843289789,
        "nauc_precision_at_10_std": 0.5126746475785467,
        "nauc_precision_at_1_diff1": 0.4391622741827637,
        "nauc_precision_at_1_max": 0.7444162789332396,
        "nauc_precision_at_1_std": 0.31357821048740075,
        "nauc_precision_at_20_diff1": -0.31144215602249886,
        "nauc_precision_at_20_max": 0.5427328637053956,
        "nauc_precision_at_20_std": 0.5490401349973812,
        "nauc_precision_at_3_diff1": -0.23031920816084983,
        "nauc_precision_at_3_max": 0.6626551059150343,
        "nauc_precision_at_3_std": 0.43370677735034396,
        "nauc_precision_at_5_diff1": -0.2883764788304565,
        "nauc_precision_at_5_max": 0.6148601914259829,
        "nauc_precision_at_5_std": 0.4680750468325098,
        "nauc_recall_at_1000_diff1": 0.04956656420647291,
        "nauc_recall_at_1000_max": 0.5618178299517335,
        "nauc_recall_at_1000_std": 0.6320288317028686,
        "nauc_recall_at_100_diff1": 0.055907676882170604,
        "nauc_recall_at_100_max": 0.47809416846666225,
        "nauc_recall_at_100_std": 0.4686812929656584,
        "nauc_recall_at_10_diff1": 0.15916362495804925,
        "nauc_recall_at_10_max": 0.23428872246756707,
        "nauc_recall_at_10_std": -0.0008218607975516904,
        "nauc_recall_at_1_diff1": 0.4886312553392382,
        "nauc_recall_at_1_max": -0.2285978931321182,
        "nauc_recall_at_1_std": -0.3207941963601145,
        "nauc_recall_at_20_diff1": 0.09828712121554618,
        "nauc_recall_at_20_max": 0.357902129441303,
        "nauc_recall_at_20_std": 0.19496451621568348,
        "nauc_recall_at_3_diff1": 0.33569696304752306,
        "nauc_recall_at_3_max": -0.14619106529517029,
        "nauc_recall_at_3_std": -0.30767650517508105,
        "nauc_recall_at_5_diff1": 0.2691538791793158,
        "nauc_recall_at_5_max": -0.022324456574899152,
        "nauc_recall_at_5_std": -0.23589731478017611,
        "ndcg_at_1": 0.87778,
        "ndcg_at_10": 0.82467,
        "ndcg_at_100": 0.86458,
        "ndcg_at_1000": 0.8718,
        "ndcg_at_20": 0.84413,
        "ndcg_at_3": 0.83855,
        "ndcg_at_5": 0.8245,
        "precision_at_1": 0.87778,
        "precision_at_10": 0.41126,
        "precision_at_100": 0.04976,
        "precision_at_1000": 0.00515,
        "precision_at_20": 0.22958,
        "precision_at_3": 0.73467,
        "precision_at_5": 0.61615,
        "recall_at_1": 0.26328,
        "recall_at_10": 0.818,
        "recall_at_100": 0.94631,
        "recall_at_1000": 0.98267,
        "recall_at_20": 0.88173,
        "recall_at_3": 0.54211,
        "recall_at_5": 0.68198
      }
    ]
  },
  "task_name": "T2Retrieval"
}