{
  "dataset_revision": "76631901a18387f85eaa53e5450019b87ad58ef9",
  "evaluation_time": 1514.8502268791199,
  "kg_co2_emissions": null,
  "mteb_version": "1.14.18",
  "scores": {
    "dev": [
      {
        "hf_subset": "default",
        "languages": [
          "cmn-Hans"
        ],
        "main_score": 0.6831304695286852,
        "map": 0.6831304695286852,
        "mrr": 0.7872111798905975,
        "nAUC_map_diff1": -0.0977428983825067,
        "nAUC_map_max": 0.3508951206029424,
        "nAUC_map_std": -0.02519385148420663,
        "nAUC_mrr_diff1": -0.06895462161936528,
        "nAUC_mrr_max": 0.3018356493916899,
        "nAUC_mrr_std": -0.035873869139436056
      }
    ]
  },
  "task_name": "T2Reranking"
}