{
  "dataset_revision": "58c2597a5943a2ba48f4668c3b90d796283c5639",
  "evaluation_time": 140.48089599609375,
  "kg_co2_emissions": null,
  "mteb_version": "1.14.18",
  "scores": {
    "dev": [
      {
        "hf_subset": "default",
        "languages": [
          "cmn-Hans"
        ],
        "main_score": 0.73557,
        "map_at_1": 0.575,
        "map_at_10": 0.68567,
        "map_at_100": 0.68984,
        "map_at_1000": 0.68993,
        "map_at_20": 0.68844,
        "map_at_3": 0.6665,
        "map_at_5": 0.67655,
        "mrr_at_1": 0.574,
        "mrr_at_10": 0.6851670634920639,
        "mrr_at_100": 0.6893359168585627,
        "mrr_at_1000": 0.6894255730534694,
        "mrr_at_20": 0.6879399411819695,
        "mrr_at_3": 0.6660000000000004,
        "mrr_at_5": 0.6760500000000004,
        "nauc_map_at_1000_diff1": 0.6078443075069474,
        "nauc_map_at_1000_max": 0.1633361920248391,
        "nauc_map_at_1000_std": -0.348836802803493,
        "nauc_map_at_100_diff1": 0.6078182552176606,
        "nauc_map_at_100_max": 0.16333621557224204,
        "nauc_map_at_100_std": -0.34890425706608635,
        "nauc_map_at_10_diff1": 0.6068453297622627,
        "nauc_map_at_10_max": 0.16234409217718584,
        "nauc_map_at_10_std": -0.3554498127149792,
        "nauc_map_at_1_diff1": 0.640115444280097,
        "nauc_map_at_1_max": 0.17060211407337933,
        "nauc_map_at_1_std": -0.30112774631119416,
        "nauc_map_at_20_diff1": 0.6070907949692356,
        "nauc_map_at_20_max": 0.16346681291775178,
        "nauc_map_at_20_std": -0.35026556588441077,
        "nauc_map_at_3_diff1": 0.607451352456528,
        "nauc_map_at_3_max": 0.16011179129375802,
        "nauc_map_at_3_std": -0.35883572222188664,
        "nauc_map_at_5_diff1": 0.6021056673388548,
        "nauc_map_at_5_max": 0.15508726911954504,
        "nauc_map_at_5_std": -0.3597420747539237,
        "nauc_mrr_at_1000_diff1": 0.6094054800336087,
        "nauc_mrr_at_1000_max": 0.15974737985363485,
        "nauc_mrr_at_1000_std": -0.3508858197947235,
        "nauc_mrr_at_100_diff1": 0.6093788879365629,
        "nauc_mrr_at_100_max": 0.1597486870682399,
        "nauc_mrr_at_100_std": -0.3509524929616724,
        "nauc_mrr_at_10_diff1": 0.608381753190351,
        "nauc_mrr_at_10_max": 0.1588144845528185,
        "nauc_mrr_at_10_std": -0.35746077702145596,
        "nauc_mrr_at_1_diff1": 0.6424953368831645,
        "nauc_mrr_at_1_max": 0.16504118245687904,
        "nauc_mrr_at_1_std": -0.3043508970193526,
        "nauc_mrr_at_20_diff1": 0.6086433008464227,
        "nauc_mrr_at_20_max": 0.15989906120795247,
        "nauc_mrr_at_20_std": -0.3523014906252083,
        "nauc_mrr_at_3_diff1": 0.6088973551108486,
        "nauc_mrr_at_3_max": 0.15679046215679315,
        "nauc_mrr_at_3_std": -0.36072662270212835,
        "nauc_mrr_at_5_diff1": 0.603598959597974,
        "nauc_mrr_at_5_max": 0.15166911551489026,
        "nauc_mrr_at_5_std": -0.3616894315342206,
        "nauc_ndcg_at_1000_diff1": 0.6021808768070789,
        "nauc_ndcg_at_1000_max": 0.16784294701160893,
        "nauc_ndcg_at_1000_std": -0.347382428553334,
        "nauc_ndcg_at_100_diff1": 0.6014565674487705,
        "nauc_ndcg_at_100_max": 0.16789981744669805,
        "nauc_ndcg_at_100_std": -0.3491732838630494,
        "nauc_ndcg_at_10_diff1": 0.5954585947416356,
        "nauc_ndcg_at_10_max": 0.16323601003296165,
        "nauc_ndcg_at_10_std": -0.3793530589207258,
        "nauc_ndcg_at_1_diff1": 0.640115444280097,
        "nauc_ndcg_at_1_max": 0.17060211407337933,
        "nauc_ndcg_at_1_std": -0.30112774631119416,
        "nauc_ndcg_at_20_diff1": 0.5962797637664126,
        "nauc_ndcg_at_20_max": 0.16802151407808738,
        "nauc_ndcg_at_20_std": -0.35943237238422165,
        "nauc_ndcg_at_3_diff1": 0.5956468354389164,
        "nauc_ndcg_at_3_max": 0.1552422482663505,
        "nauc_ndcg_at_3_std": -0.383840877708033,
        "nauc_ndcg_at_5_diff1": 0.5842967366520319,
        "nauc_ndcg_at_5_max": 0.1450555237973586,
        "nauc_ndcg_at_5_std": -0.38765132057171814,
        "nauc_precision_at_1000_diff1": 0.5125466853407946,
        "nauc_precision_at_1000_max": 0.8392857142857063,
        "nauc_precision_at_1000_std": 0.8794934640522849,
        "nauc_precision_at_100_diff1": 0.5259492685963143,
        "nauc_precision_at_100_max": 0.39880952380951945,
        "nauc_precision_at_100_std": -0.046043417366946816,
        "nauc_precision_at_10_diff1": 0.5240216835961518,
        "nauc_precision_at_10_max": 0.1795088284449963,
        "nauc_precision_at_10_std": -0.5404186042483929,
        "nauc_precision_at_1_diff1": 0.640115444280097,
        "nauc_precision_at_1_max": 0.17060211407337933,
        "nauc_precision_at_1_std": -0.30112774631119416,
        "nauc_precision_at_20_diff1": 0.4968854208349996,
        "nauc_precision_at_20_max": 0.24391756702680867,
        "nauc_precision_at_20_std": -0.4013738828864886,
        "nauc_precision_at_3_diff1": 0.5507971291381428,
        "nauc_precision_at_3_max": 0.1362669588476046,
        "nauc_precision_at_3_std": -0.4806691004847684,
        "nauc_precision_at_5_diff1": 0.5020782559342968,
        "nauc_precision_at_5_max": 0.0973302618546826,
        "nauc_precision_at_5_std": -0.5157246352619126,
        "nauc_recall_at_1000_diff1": 0.5125466853407976,
        "nauc_recall_at_1000_max": 0.8392857142857023,
        "nauc_recall_at_1000_std": 0.8794934640522823,
        "nauc_recall_at_100_diff1": 0.5259492685963243,
        "nauc_recall_at_100_max": 0.3988095238095202,
        "nauc_recall_at_100_std": -0.04604341736694579,
        "nauc_recall_at_10_diff1": 0.5240216835961519,
        "nauc_recall_at_10_max": 0.179508828445,
        "nauc_recall_at_10_std": -0.5404186042483925,
        "nauc_recall_at_1_diff1": 0.640115444280097,
        "nauc_recall_at_1_max": 0.17060211407337933,
        "nauc_recall_at_1_std": -0.30112774631119416,
        "nauc_recall_at_20_diff1": 0.49688542083500054,
        "nauc_recall_at_20_max": 0.2439175670268103,
        "nauc_recall_at_20_std": -0.4013738828864896,
        "nauc_recall_at_3_diff1": 0.5507971291381429,
        "nauc_recall_at_3_max": 0.13626695884760417,
        "nauc_recall_at_3_std": -0.48066910048476913,
        "nauc_recall_at_5_diff1": 0.502078255934298,
        "nauc_recall_at_5_max": 0.09733026185468296,
        "nauc_recall_at_5_std": -0.5157246352619105,
        "ndcg_at_1": 0.575,
        "ndcg_at_10": 0.73557,
        "ndcg_at_100": 0.75448,
        "ndcg_at_1000": 0.7566,
        "ndcg_at_20": 0.74551,
        "ndcg_at_3": 0.69522,
        "ndcg_at_5": 0.71334,
        "precision_at_1": 0.575,
        "precision_at_10": 0.0891,
        "precision_at_100": 0.00976,
        "precision_at_1000": 0.00099,
        "precision_at_20": 0.0465,
        "precision_at_3": 0.25933,
        "precision_at_5": 0.1644,
        "recall_at_1": 0.575,
        "recall_at_10": 0.891,
        "recall_at_100": 0.976,
        "recall_at_1000": 0.992,
        "recall_at_20": 0.93,
        "recall_at_3": 0.778,
        "recall_at_5": 0.822
      }
    ]
  },
  "task_name": "VideoRetrieval"
}