{
  "dataset_revision": "e3dda5e115e487b39ec7e618c0c6a29137052a55",
  "evaluation_time": 29.97713828086853,
  "kg_co2_emissions": null,
  "mteb_version": "1.14.18",
  "scores": {
    "test": [
      {
        "cosine_pearson": 0.716016578854638,
        "cosine_spearman": 0.7379803992233369,
        "euclidean_pearson": 0.7214889242034168,
        "euclidean_spearman": 0.7339675492268914,
        "hf_subset": "default",
        "languages": [
          "cmn-Hans"
        ],
        "main_score": 0.7379803992233369,
        "manhattan_pearson": 0.7213239462678959,
        "manhattan_spearman": 0.7338263524443511,
        "pearson": 0.7160165800164016,
        "spearman": 0.7379803645646089
      }
    ],
    "validation": [
      {
        "cosine_pearson": 0.7422207640691184,
        "cosine_spearman": 0.7643368432784557,
        "euclidean_pearson": 0.7485968012989734,
        "euclidean_spearman": 0.7592295796592978,
        "hf_subset": "default",
        "languages": [
          "cmn-Hans"
        ],
        "main_score": 0.7643368432784557,
        "manhattan_pearson": 0.7483107774341026,
        "manhattan_spearman": 0.7589476364388155,
        "pearson": 0.7422207624302328,
        "spearman": 0.7643371550521888
      }
    ]
  },
  "task_name": "BQ"
}