{
  "dataset_revision": "23d186750531a14a0357ca22cd92d712fd512ea0",
  "evaluation_time": 310.5639715194702,
  "kg_co2_emissions": null,
  "mteb_version": "1.14.18",
  "scores": {
    "test": [
      {
        "hf_subset": "default",
        "languages": [
          "cmn-Hans"
        ],
        "main_score": 0.8558651587009165,
        "map": 0.8558651587009165,
        "mrr": 0.8776170634920635,
        "nAUC_map_diff1": 0.5800303756791967,
        "nAUC_map_max": 0.5738194376384216,
        "nAUC_map_std": 0.04145933732115515,
        "nAUC_mrr_diff1": 0.6473634028213885,
        "nAUC_mrr_max": 0.6742751154061302,
        "nAUC_mrr_std": 0.13633677014623793
      }
    ]
  },
  "task_name": "CMedQAv2-reranking"
}