{
  "dataset_revision": "8d7f1e942507dac42dc58017c1a001c3717da7df",
  "evaluation_time": 280.1806056499481,
  "kg_co2_emissions": null,
  "mteb_version": "1.14.18",
  "scores": {
    "test": [
      {
        "hf_subset": "default",
        "languages": [
          "cmn-Hans"
        ],
        "main_score": 0.8699180341063849,
        "map": 0.8699180341063849,
        "mrr": 0.8919170634920636,
        "nAUC_map_diff1": 0.5347479819604746,
        "nAUC_map_max": 0.5239180083991294,
        "nAUC_map_std": 0.12245045382774127,
        "nAUC_mrr_diff1": 0.5699468934688899,
        "nAUC_mrr_max": 0.6066151894264795,
        "nAUC_mrr_std": 0.20918795752885982
      }
    ]
  },
  "task_name": "CMedQAv1-reranking"
}