{
  "dataset_revision": "cd540c506dae1cf9e9a59c3e06f42030d54e7301",
  "evaluation_time": 1106.4228394031525,
  "kg_co2_emissions": null,
  "mteb_version": "1.14.18",
  "scores": {
    "dev": [
      {
        "hf_subset": "default",
        "languages": [
          "cmn-Hans"
        ],
        "main_score": 0.42164,
        "map_at_1": 0.24495,
        "map_at_10": 0.35881,
        "map_at_100": 0.37748,
        "map_at_1000": 0.3787,
        "map_at_20": 0.36866,
        "map_at_3": 0.32061,
        "map_at_5": 0.34115,
        "mrr_at_1": 0.37559389847461866,
        "mrr_at_10": 0.449643462452914,
        "mrr_at_100": 0.45952640044533943,
        "mrr_at_1000": 0.46005795878564815,
        "mrr_at_20": 0.45514572392180774,
        "mrr_at_3": 0.4261482037175951,
        "mrr_at_5": 0.43920146703342466,
        "nauc_map_at_1000_diff1": 0.480117467186607,
        "nauc_map_at_1000_max": 0.3682843818491333,
        "nauc_map_at_1000_std": -0.1036260620154185,
        "nauc_map_at_100_diff1": 0.4797060969705307,
        "nauc_map_at_100_max": 0.3676319565075301,
        "nauc_map_at_100_std": -0.10407125008104208,
        "nauc_map_at_10_diff1": 0.4808751688294003,
        "nauc_map_at_10_max": 0.3591004985255684,
        "nauc_map_at_10_std": -0.11352373751707384,
        "nauc_map_at_1_diff1": 0.5245788387335067,
        "nauc_map_at_1_max": 0.2995980606236055,
        "nauc_map_at_1_std": -0.11721704345322374,
        "nauc_map_at_20_diff1": 0.4797521509402344,
        "nauc_map_at_20_max": 0.36404447758439096,
        "nauc_map_at_20_std": -0.10870777642579801,
        "nauc_map_at_3_diff1": 0.4859744009645753,
        "nauc_map_at_3_max": 0.33760105947798774,
        "nauc_map_at_3_std": -0.11996995417041448,
        "nauc_map_at_5_diff1": 0.48183554446711124,
        "nauc_map_at_5_max": 0.34977834267169367,
        "nauc_map_at_5_std": -0.11665287078060309,
        "nauc_mrr_at_1000_diff1": 0.5399105995793009,
        "nauc_mrr_at_1000_max": 0.4453815498581485,
        "nauc_mrr_at_1000_std": -0.06807484967814222,
        "nauc_mrr_at_100_diff1": 0.539625790655717,
        "nauc_mrr_at_100_max": 0.44523816161564844,
        "nauc_mrr_at_100_std": -0.06789288699119744,
        "nauc_mrr_at_10_diff1": 0.5404948752869511,
        "nauc_mrr_at_10_max": 0.44458540737320346,
        "nauc_mrr_at_10_std": -0.07026634519296131,
        "nauc_mrr_at_1_diff1": 0.5871751301767051,
        "nauc_mrr_at_1_max": 0.4659498497250546,
        "nauc_mrr_at_1_std": -0.07136666761126845,
        "nauc_mrr_at_20_diff1": 0.5392518270494406,
        "nauc_mrr_at_20_max": 0.44463978693121997,
        "nauc_mrr_at_20_std": -0.06928442758166209,
        "nauc_mrr_at_3_diff1": 0.5505399816541547,
        "nauc_mrr_at_3_max": 0.4480635549241826,
        "nauc_mrr_at_3_std": -0.07537081012698746,
        "nauc_mrr_at_5_diff1": 0.5431883529959903,
        "nauc_mrr_at_5_max": 0.4458153060621161,
        "nauc_mrr_at_5_std": -0.07122934539199585,
        "nauc_ndcg_at_1000_diff1": 0.48105448147758706,
        "nauc_ndcg_at_1000_max": 0.398704597108135,
        "nauc_ndcg_at_1000_std": -0.07184552768990374,
        "nauc_ndcg_at_100_diff1": 0.4718335304248223,
        "nauc_ndcg_at_100_max": 0.3905652789835421,
        "nauc_ndcg_at_100_std": -0.07148754563183483,
        "nauc_ndcg_at_10_diff1": 0.4755539043428363,
        "nauc_ndcg_at_10_max": 0.3728531288852807,
        "nauc_ndcg_at_10_std": -0.10246597033365924,
        "nauc_ndcg_at_1_diff1": 0.5871751301767051,
        "nauc_ndcg_at_1_max": 0.4659498497250546,
        "nauc_ndcg_at_1_std": -0.07136666761126845,
        "nauc_ndcg_at_20_diff1": 0.4701233300533119,
        "nauc_ndcg_at_20_max": 0.37813912007085937,
        "nauc_ndcg_at_20_std": -0.09321220478212679,
        "nauc_ndcg_at_3_diff1": 0.4939413370494377,
        "nauc_ndcg_at_3_max": 0.3892060441664801,
        "nauc_ndcg_at_3_std": -0.09816050257408668,
        "nauc_ndcg_at_5_diff1": 0.4806374480385311,
        "nauc_ndcg_at_5_max": 0.37435953503537367,
        "nauc_ndcg_at_5_std": -0.10063437197311233,
        "nauc_precision_at_1000_diff1": 0.03498670420840867,
        "nauc_precision_at_1000_max": 0.2796666860783636,
        "nauc_precision_at_1000_std": 0.1804774825386087,
        "nauc_precision_at_100_diff1": 0.08823862564427894,
        "nauc_precision_at_100_max": 0.3250620961416457,
        "nauc_precision_at_100_std": 0.15862178107953173,
        "nauc_precision_at_10_diff1": 0.24954516458114606,
        "nauc_precision_at_10_max": 0.40250100781584325,
        "nauc_precision_at_10_std": 0.018328000699451313,
        "nauc_precision_at_1_diff1": 0.5871751301767051,
        "nauc_precision_at_1_max": 0.4659498497250546,
        "nauc_precision_at_1_std": -0.07136666761126845,
        "nauc_precision_at_20_diff1": 0.19117851094190413,
        "nauc_precision_at_20_max": 0.3808446236637774,
        "nauc_precision_at_20_std": 0.06329207536985303,
        "nauc_precision_at_3_diff1": 0.36552738789008005,
        "nauc_precision_at_3_max": 0.43277197484976787,
        "nauc_precision_at_3_std": -0.03590775861938586,
        "nauc_precision_at_5_diff1": 0.30608170257623235,
        "nauc_precision_at_5_max": 0.42532229240348124,
        "nauc_precision_at_5_std": -0.008351220503986236,
        "nauc_recall_at_1000_diff1": 0.1416416691584036,
        "nauc_recall_at_1000_max": 0.495935275127902,
        "nauc_recall_at_1000_std": 0.5311763038874434,
        "nauc_recall_at_100_diff1": 0.2540709335160172,
        "nauc_recall_at_100_max": 0.28737887502483944,
        "nauc_recall_at_100_std": 0.06729794755633264,
        "nauc_recall_at_10_diff1": 0.36495591514528525,
        "nauc_recall_at_10_max": 0.28482082495679545,
        "nauc_recall_at_10_std": -0.10876080860559385,
        "nauc_recall_at_1_diff1": 0.5245788387335067,
        "nauc_recall_at_1_max": 0.2995980606236055,
        "nauc_recall_at_1_std": -0.11721704345322374,
        "nauc_recall_at_20_diff1": 0.3273323005805993,
        "nauc_recall_at_20_max": 0.2816326813073436,
        "nauc_recall_at_20_std": -0.08205277448564857,
        "nauc_recall_at_3_diff1": 0.4268069434062679,
        "nauc_recall_at_3_max": 0.29318293533102396,
        "nauc_recall_at_3_std": -0.1241497216983269,
        "nauc_recall_at_5_diff1": 0.39408410878616534,
        "nauc_recall_at_5_max": 0.28780976653081813,
        "nauc_recall_at_5_std": -0.11377164171166229,
        "ndcg_at_1": 0.37559,
        "ndcg_at_10": 0.42164,
        "ndcg_at_100": 0.49582,
        "ndcg_at_1000": 0.51816,
        "ndcg_at_20": 0.44862,
        "ndcg_at_3": 0.37361,
        "ndcg_at_5": 0.39215,
        "precision_at_1": 0.37559,
        "precision_at_10": 0.09362,
        "precision_at_100": 0.01539,
        "precision_at_1000": 0.00182,
        "precision_at_20": 0.0559,
        "precision_at_3": 0.21105,
        "precision_at_5": 0.15214,
        "recall_at_1": 0.24495,
        "recall_at_10": 0.51706,
        "recall_at_100": 0.82613,
        "recall_at_1000": 0.97731,
        "recall_at_20": 0.60795,
        "recall_at_3": 0.37076,
        "recall_at_5": 0.43019
      }
    ]
  },
  "task_name": "CmedqaRetrieval"
}