{
  "dataset_revision": "1271c7809071a13532e05f25fb53511ffce77117",
  "evaluation_time": 1153.5210828781128,
  "kg_co2_emissions": null,
  "mteb_version": "1.14.18",
  "scores": {
    "dev": [
      {
        "hf_subset": "default",
        "languages": [
          "cmn-Hans"
        ],
        "main_score": 0.7671,
        "map_at_1": 0.63962,
        "map_at_10": 0.72663,
        "map_at_100": 0.73111,
        "map_at_1000": 0.73116,
        "map_at_20": 0.72968,
        "map_at_3": 0.70636,
        "map_at_5": 0.71991,
        "mrr_at_1": 0.6406743940990516,
        "mrr_at_10": 0.7266654958435782,
        "mrr_at_100": 0.7310399560917049,
        "mrr_at_1000": 0.7310963996685612,
        "mrr_at_20": 0.7296094521739,
        "mrr_at_3": 0.7068844397611521,
        "mrr_at_5": 0.7200561995082546,
        "nauc_map_at_1000_diff1": 0.7589262695573861,
        "nauc_map_at_1000_max": 0.4223254351223609,
        "nauc_map_at_1000_std": -0.21443370850962298,
        "nauc_map_at_100_diff1": 0.7589037527382312,
        "nauc_map_at_100_max": 0.4223972081507148,
        "nauc_map_at_100_std": -0.21438677570879486,
        "nauc_map_at_10_diff1": 0.7572683641463408,
        "nauc_map_at_10_max": 0.4236676398328275,
        "nauc_map_at_10_std": -0.2139936544197544,
        "nauc_map_at_1_diff1": 0.7961001125977908,
        "nauc_map_at_1_max": 0.3994279508906739,
        "nauc_map_at_1_std": -0.218177043584372,
        "nauc_map_at_20_diff1": 0.7580902021385652,
        "nauc_map_at_20_max": 0.4226894706274695,
        "nauc_map_at_20_std": -0.21340631336958346,
        "nauc_map_at_3_diff1": 0.7583584305768367,
        "nauc_map_at_3_max": 0.41365397513607927,
        "nauc_map_at_3_std": -0.23020217122974487,
        "nauc_map_at_5_diff1": 0.7560378891414233,
        "nauc_map_at_5_max": 0.42305970920241104,
        "nauc_map_at_5_std": -0.21952427849762635,
        "nauc_mrr_at_1000_diff1": 0.758585175979278,
        "nauc_mrr_at_1000_max": 0.4247667887443558,
        "nauc_mrr_at_1000_std": -0.20980353028507137,
        "nauc_mrr_at_100_diff1": 0.7585627488558336,
        "nauc_mrr_at_100_max": 0.42483794103165484,
        "nauc_mrr_at_100_std": -0.20975775355592594,
        "nauc_mrr_at_10_diff1": 0.7568917831894512,
        "nauc_mrr_at_10_max": 0.4260675681522682,
        "nauc_mrr_at_10_std": -0.2090979899569021,
        "nauc_mrr_at_1_diff1": 0.7943196190545557,
        "nauc_mrr_at_1_max": 0.40671506557699005,
        "nauc_mrr_at_1_std": -0.20611762817213058,
        "nauc_mrr_at_20_diff1": 0.7577513346646595,
        "nauc_mrr_at_20_max": 0.4251075610476348,
        "nauc_mrr_at_20_std": -0.20881396999231985,
        "nauc_mrr_at_3_diff1": 0.7575146075838833,
        "nauc_mrr_at_3_max": 0.4186809321546915,
        "nauc_mrr_at_3_std": -0.22279013956645752,
        "nauc_mrr_at_5_diff1": 0.7552833353143793,
        "nauc_mrr_at_5_max": 0.4260620233699763,
        "nauc_mrr_at_5_std": -0.21407845157339364,
        "nauc_ndcg_at_1000_diff1": 0.75279305996301,
        "nauc_ndcg_at_1000_max": 0.4292023425245474,
        "nauc_ndcg_at_1000_std": -0.20660131919455502,
        "nauc_ndcg_at_100_diff1": 0.7519772533247926,
        "nauc_ndcg_at_100_max": 0.43150513487247727,
        "nauc_ndcg_at_100_std": -0.20464545935830847,
        "nauc_ndcg_at_10_diff1": 0.7426388656540225,
        "nauc_ndcg_at_10_max": 0.43731608813781003,
        "nauc_ndcg_at_10_std": -0.20093112897459675,
        "nauc_ndcg_at_1_diff1": 0.7943196190545557,
        "nauc_ndcg_at_1_max": 0.4020797693253741,
        "nauc_ndcg_at_1_std": -0.2155230338697501,
        "nauc_ndcg_at_20_diff1": 0.7462282785674971,
        "nauc_ndcg_at_20_max": 0.4342201941770588,
        "nauc_ndcg_at_20_std": -0.1973156448216115,
        "nauc_ndcg_at_3_diff1": 0.7447095336652607,
        "nauc_ndcg_at_3_max": 0.4191013511032594,
        "nauc_ndcg_at_3_std": -0.2330438249833328,
        "nauc_ndcg_at_5_diff1": 0.7392219621988658,
        "nauc_ndcg_at_5_max": 0.4365210031751025,
        "nauc_ndcg_at_5_std": -0.21259614390614084,
        "nauc_precision_at_1000_diff1": -0.36050423877900745,
        "nauc_precision_at_1000_max": 0.2587058112953044,
        "nauc_precision_at_1000_std": 0.7071187812123528,
        "nauc_precision_at_100_diff1": 0.052719913410466876,
        "nauc_precision_at_100_max": 0.42367009131837646,
        "nauc_precision_at_100_std": 0.4255014994177799,
        "nauc_precision_at_10_diff1": 0.5154870499460587,
        "nauc_precision_at_10_max": 0.4980699471940449,
        "nauc_precision_at_10_std": 0.004753996231552842,
        "nauc_precision_at_1_diff1": 0.7943196190545557,
        "nauc_precision_at_1_max": 0.4020797693253741,
        "nauc_precision_at_1_std": -0.2155230338697501,
        "nauc_precision_at_20_diff1": 0.39610320808309746,
        "nauc_precision_at_20_max": 0.4650090313537468,
        "nauc_precision_at_20_std": 0.14456644494564042,
        "nauc_precision_at_3_diff1": 0.6643496164680496,
        "nauc_precision_at_3_max": 0.433041516792684,
        "nauc_precision_at_3_std": -0.21915800825728607,
        "nauc_precision_at_5_diff1": 0.5840977417569174,
        "nauc_precision_at_5_max": 0.4877783786350558,
        "nauc_precision_at_5_std": -0.11005167476821325,
        "nauc_recall_at_1000_diff1": 0.6380965844355385,
        "nauc_recall_at_1000_max": 0.9346328695412744,
        "nauc_recall_at_1000_std": 1.0,
        "nauc_recall_at_100_diff1": 0.6646618073741086,
        "nauc_recall_at_100_max": 0.7049347333735947,
        "nauc_recall_at_100_std": 0.13824763700186846,
        "nauc_recall_at_10_diff1": 0.654342871720536,
        "nauc_recall_at_10_max": 0.5229370914370975,
        "nauc_recall_at_10_std": -0.11219628638786651,
        "nauc_recall_at_1_diff1": 0.7961001125977908,
        "nauc_recall_at_1_max": 0.3994279508906739,
        "nauc_recall_at_1_std": -0.218177043584372,
        "nauc_recall_at_20_diff1": 0.6444180554415259,
        "nauc_recall_at_20_max": 0.5459508266337355,
        "nauc_recall_at_20_std": -0.006114227987996177,
        "nauc_recall_at_3_diff1": 0.6953764157325925,
        "nauc_recall_at_3_max": 0.4360452974204246,
        "nauc_recall_at_3_std": -0.24476092797256155,
        "nauc_recall_at_5_diff1": 0.6624109709558839,
        "nauc_recall_at_5_max": 0.49694351091902117,
        "nauc_recall_at_5_std": -0.1824767668324746,
        "ndcg_at_1": 0.64067,
        "ndcg_at_10": 0.7671,
        "ndcg_at_100": 0.78736,
        "ndcg_at_1000": 0.78905,
        "ndcg_at_20": 0.778,
        "ndcg_at_3": 0.72685,
        "ndcg_at_5": 0.75096,
        "precision_at_1": 0.64067,
        "precision_at_10": 0.0902,
        "precision_at_100": 0.00995,
        "precision_at_1000": 0.00101,
        "precision_at_20": 0.04731,
        "precision_at_3": 0.26308,
        "precision_at_5": 0.17007,
        "recall_at_1": 0.63962,
        "recall_at_10": 0.89305,
        "recall_at_100": 0.98419,
        "recall_at_1000": 0.99789,
        "recall_at_20": 0.93572,
        "recall_at_3": 0.78556,
        "recall_at_5": 0.84299
      }
    ]
  },
  "task_name": "CovidRetrieval"
}