{
  "dataset_revision": "a1a333e290fe30b10f3f56498e3a0d911a693ced",
  "evaluation_time": 1154.2453241348267,
  "kg_co2_emissions": null,
  "mteb_version": "1.14.18",
  "scores": {
    "dev": [
      {
        "hf_subset": "default",
        "languages": [
          "cmn-Hans"
        ],
        "main_score": 0.85813,
        "map_at_1": 0.25797,
        "map_at_10": 0.78184,
        "map_at_100": 0.81137,
        "map_at_1000": 0.81184,
        "map_at_20": 0.8046,
        "map_at_3": 0.54612,
        "map_at_5": 0.68595,
        "mrr_at_1": 0.898,
        "mrr_at_10": 0.9276091269841267,
        "mrr_at_100": 0.9284670656279828,
        "mrr_at_1000": 0.9285056154109732,
        "mrr_at_20": 0.9282481522863099,
        "mrr_at_3": 0.924583333333333,
        "mrr_at_5": 0.926733333333333,
        "nauc_map_at_1000_diff1": 0.08285142733555076,
        "nauc_map_at_1000_max": 0.4370354721416043,
        "nauc_map_at_1000_std": 0.19571239962785894,
        "nauc_map_at_100_diff1": 0.08319806581696705,
        "nauc_map_at_100_max": 0.4373188526505119,
        "nauc_map_at_100_std": 0.1956517506643823,
        "nauc_map_at_10_diff1": 0.11837178397063328,
        "nauc_map_at_10_max": 0.39238517627755515,
        "nauc_map_at_10_std": 0.0957458645136826,
        "nauc_map_at_1_diff1": 0.43005447115156803,
        "nauc_map_at_1_max": -0.07659875683693516,
        "nauc_map_at_1_std": -0.25634642094147086,
        "nauc_map_at_20_diff1": 0.08831868697664658,
        "nauc_map_at_20_max": 0.4285574954841837,
        "nauc_map_at_20_std": 0.17307253150839488,
        "nauc_map_at_3_diff1": 0.27229567494406137,
        "nauc_map_at_3_max": 0.07981997288877207,
        "nauc_map_at_3_std": -0.19788329809343744,
        "nauc_map_at_5_diff1": 0.19203177289002285,
        "nauc_map_at_5_max": 0.2194392157416449,
        "nauc_map_at_5_std": -0.0898864004791795,
        "nauc_mrr_at_1000_diff1": 0.3973952548825776,
        "nauc_mrr_at_1000_max": 0.7219746315296902,
        "nauc_mrr_at_1000_std": 0.4053072153762437,
        "nauc_mrr_at_100_diff1": 0.39721339548360185,
        "nauc_mrr_at_100_max": 0.7220757288142868,
        "nauc_mrr_at_100_std": 0.4055533547264613,
        "nauc_mrr_at_10_diff1": 0.398374592919474,
        "nauc_mrr_at_10_max": 0.7229697134012072,
        "nauc_mrr_at_10_std": 0.4061708760763888,
        "nauc_mrr_at_1_diff1": 0.41778326389016257,
        "nauc_mrr_at_1_max": 0.6744392540518714,
        "nauc_mrr_at_1_std": 0.33099612709017795,
        "nauc_mrr_at_20_diff1": 0.3970765729734979,
        "nauc_mrr_at_20_max": 0.7223668980007945,
        "nauc_mrr_at_20_std": 0.40555671984515784,
        "nauc_mrr_at_3_diff1": 0.3966302353822674,
        "nauc_mrr_at_3_max": 0.727160168462392,
        "nauc_mrr_at_3_std": 0.4128212283285509,
        "nauc_mrr_at_5_diff1": 0.3984308307140265,
        "nauc_mrr_at_5_max": 0.7244425514222564,
        "nauc_mrr_at_5_std": 0.4088773662068108,
        "nauc_ndcg_at_1000_diff1": 0.12355671641807096,
        "nauc_ndcg_at_1000_max": 0.5388648225204739,
        "nauc_ndcg_at_1000_std": 0.30923247570070683,
        "nauc_ndcg_at_100_diff1": 0.12141286776839427,
        "nauc_ndcg_at_100_max": 0.541175886475993,
        "nauc_ndcg_at_100_std": 0.3150365997282371,
        "nauc_ndcg_at_10_diff1": 0.12006018616759387,
        "nauc_ndcg_at_10_max": 0.47442793216581686,
        "nauc_ndcg_at_10_std": 0.22593181136673254,
        "nauc_ndcg_at_1_diff1": 0.41778326389016257,
        "nauc_ndcg_at_1_max": 0.6744392540518714,
        "nauc_ndcg_at_1_std": 0.33099612709017795,
        "nauc_ndcg_at_20_diff1": 0.11137041450273705,
        "nauc_ndcg_at_20_max": 0.515293223101575,
        "nauc_ndcg_at_20_std": 0.2728163747689167,
        "nauc_ndcg_at_3_diff1": 0.08110659250331023,
        "nauc_ndcg_at_3_max": 0.4838046498204399,
        "nauc_ndcg_at_3_std": 0.2270571765578848,
        "nauc_ndcg_at_5_diff1": 0.09632734444133069,
        "nauc_ndcg_at_5_max": 0.41307236552882604,
        "nauc_ndcg_at_5_std": 0.1734675196800627,
        "nauc_precision_at_1000_diff1": -0.2750969021447897,
        "nauc_precision_at_1000_max": 0.18135735437164424,
        "nauc_precision_at_1000_std": 0.42115593416961794,
        "nauc_precision_at_100_diff1": -0.274375108380845,
        "nauc_precision_at_100_max": 0.20466302230261868,
        "nauc_precision_at_100_std": 0.4384988991798802,
        "nauc_precision_at_10_diff1": -0.2713161826359377,
        "nauc_precision_at_10_max": 0.3070167495595433,
        "nauc_precision_at_10_std": 0.41960472788546443,
        "nauc_precision_at_1_diff1": 0.41778326389016257,
        "nauc_precision_at_1_max": 0.6744392540518714,
        "nauc_precision_at_1_std": 0.33099612709017795,
        "nauc_precision_at_20_diff1": -0.28033300960235275,
        "nauc_precision_at_20_max": 0.25066412764916746,
        "nauc_precision_at_20_std": 0.4410717953653557,
        "nauc_precision_at_3_diff1": -0.22281136100459797,
        "nauc_precision_at_3_max": 0.46835511334722224,
        "nauc_precision_at_3_std": 0.3513598355861349,
        "nauc_precision_at_5_diff1": -0.2653301591998167,
        "nauc_precision_at_5_max": 0.37945430202599034,
        "nauc_precision_at_5_std": 0.37798778841058794,
        "nauc_recall_at_1000_diff1": 0.17344388115167655,
        "nauc_recall_at_1000_max": 0.7559937895381469,
        "nauc_recall_at_1000_std": 0.6938704558609825,
        "nauc_recall_at_100_diff1": 0.0782538059113334,
        "nauc_recall_at_100_max": 0.6414966896927983,
        "nauc_recall_at_100_std": 0.5766364575873628,
        "nauc_recall_at_10_diff1": 0.11416703918640288,
        "nauc_recall_at_10_max": 0.36327710252970763,
        "nauc_recall_at_10_std": 0.08706907058805867,
        "nauc_recall_at_1_diff1": 0.43005447115156803,
        "nauc_recall_at_1_max": -0.07659875683693516,
        "nauc_recall_at_1_std": -0.25634642094147086,
        "nauc_recall_at_20_diff1": 0.03879337809940098,
        "nauc_recall_at_20_max": 0.47180055661211967,
        "nauc_recall_at_20_std": 0.2948778749505317,
        "nauc_recall_at_3_diff1": 0.2510766737991608,
        "nauc_recall_at_3_max": 0.02556507467353406,
        "nauc_recall_at_3_std": -0.23201563558731741,
        "nauc_recall_at_5_diff1": 0.1790178782165948,
        "nauc_recall_at_5_max": 0.14004566178985614,
        "nauc_recall_at_5_std": -0.14505164899937947,
        "ndcg_at_1": 0.898,
        "ndcg_at_10": 0.85813,
        "ndcg_at_100": 0.88904,
        "ndcg_at_1000": 0.89352,
        "ndcg_at_20": 0.87575,
        "ndcg_at_3": 0.85213,
        "ndcg_at_5": 0.83824,
        "precision_at_1": 0.898,
        "precision_at_10": 0.4096,
        "precision_at_100": 0.04765,
        "precision_at_1000": 0.00487,
        "precision_at_20": 0.22433,
        "precision_at_3": 0.763,
        "precision_at_5": 0.6404,
        "recall_at_1": 0.25797,
        "recall_at_10": 0.86596,
        "recall_at_100": 0.96506,
        "recall_at_1000": 0.98818,
        "recall_at_20": 0.92244,
        "recall_at_3": 0.56795,
        "recall_at_5": 0.73222
      }
    ]
  },
  "task_name": "DuRetrieval"
}