{
  "dataset_revision": "687de13dc7294d6fd9be10c6945f9e8fec8166b9",
  "evaluation_time": 149.65525436401367,
  "kg_co2_emissions": null,
  "mteb_version": "1.14.18",
  "scores": {
    "dev": [
      {
        "hf_subset": "default",
        "languages": [
          "cmn-Hans"
        ],
        "main_score": 0.63505,
        "map_at_1": 0.478,
        "map_at_10": 0.58408,
        "map_at_100": 0.59032,
        "map_at_1000": 0.59053,
        "map_at_20": 0.58811,
        "map_at_3": 0.56,
        "map_at_5": 0.57505,
        "mrr_at_1": 0.478,
        "mrr_at_10": 0.5840769841269842,
        "mrr_at_100": 0.5903241812854559,
        "mrr_at_1000": 0.5905339064355681,
        "mrr_at_20": 0.5881064302484581,
        "mrr_at_3": 0.56,
        "mrr_at_5": 0.5750500000000001,
        "nauc_map_at_1000_diff1": 0.6258683593198267,
        "nauc_map_at_1000_max": 0.3117696423356906,
        "nauc_map_at_1000_std": -0.0705458442941363,
        "nauc_map_at_100_diff1": 0.6258333388143614,
        "nauc_map_at_100_max": 0.3118668769897195,
        "nauc_map_at_100_std": -0.07044199675613735,
        "nauc_map_at_10_diff1": 0.6220528873517921,
        "nauc_map_at_10_max": 0.3093550940459003,
        "nauc_map_at_10_std": -0.07408085430810112,
        "nauc_map_at_1_diff1": 0.6762441721782501,
        "nauc_map_at_1_max": 0.2897395958671722,
        "nauc_map_at_1_std": -0.09377669294420359,
        "nauc_map_at_20_diff1": 0.6246072545452247,
        "nauc_map_at_20_max": 0.31193387840253467,
        "nauc_map_at_20_std": -0.0712484888320524,
        "nauc_map_at_3_diff1": 0.6264260887541615,
        "nauc_map_at_3_max": 0.3022697150430745,
        "nauc_map_at_3_std": -0.08175726979232523,
        "nauc_map_at_5_diff1": 0.6237086950158268,
        "nauc_map_at_5_max": 0.3063686623940131,
        "nauc_map_at_5_std": -0.0785091701396361,
        "nauc_mrr_at_1000_diff1": 0.6258683593198267,
        "nauc_mrr_at_1000_max": 0.3117696423356906,
        "nauc_mrr_at_1000_std": -0.0705458442941363,
        "nauc_mrr_at_100_diff1": 0.6258333388143614,
        "nauc_mrr_at_100_max": 0.3118668769897195,
        "nauc_mrr_at_100_std": -0.07044199675613735,
        "nauc_mrr_at_10_diff1": 0.6220528873517921,
        "nauc_mrr_at_10_max": 0.3093550940459003,
        "nauc_mrr_at_10_std": -0.07408085430810112,
        "nauc_mrr_at_1_diff1": 0.6762441721782501,
        "nauc_mrr_at_1_max": 0.2897395958671722,
        "nauc_mrr_at_1_std": -0.09377669294420359,
        "nauc_mrr_at_20_diff1": 0.6246072545452247,
        "nauc_mrr_at_20_max": 0.31193387840253467,
        "nauc_mrr_at_20_std": -0.0712484888320524,
        "nauc_mrr_at_3_diff1": 0.6264260887541615,
        "nauc_mrr_at_3_max": 0.3022697150430745,
        "nauc_mrr_at_3_std": -0.08175726979232523,
        "nauc_mrr_at_5_diff1": 0.6237086950158268,
        "nauc_mrr_at_5_max": 0.3063686623940131,
        "nauc_mrr_at_5_std": -0.0785091701396361,
        "nauc_ndcg_at_1000_diff1": 0.6171588254427198,
        "nauc_ndcg_at_1000_max": 0.33006825191376044,
        "nauc_ndcg_at_1000_std": -0.04449814044525025,
        "nauc_ndcg_at_100_diff1": 0.6161621107295682,
        "nauc_ndcg_at_100_max": 0.33413709208401793,
        "nauc_ndcg_at_100_std": -0.04005922846042712,
        "nauc_ndcg_at_10_diff1": 0.5990606015882836,
        "nauc_ndcg_at_10_max": 0.322649065906686,
        "nauc_ndcg_at_10_std": -0.05928535599409891,
        "nauc_ndcg_at_1_diff1": 0.6762441721782501,
        "nauc_ndcg_at_1_max": 0.2897395958671722,
        "nauc_ndcg_at_1_std": -0.09377669294420359,
        "nauc_ndcg_at_20_diff1": 0.608361309521204,
        "nauc_ndcg_at_20_max": 0.3344887049504707,
        "nauc_ndcg_at_20_std": -0.04562367064648689,
        "nauc_ndcg_at_3_diff1": 0.6107533177836345,
        "nauc_ndcg_at_3_max": 0.307256561426947,
        "nauc_ndcg_at_3_std": -0.07669106302128353,
        "nauc_ndcg_at_5_diff1": 0.6046419829020795,
        "nauc_ndcg_at_5_max": 0.31502782275219343,
        "nauc_ndcg_at_5_std": -0.0710113090230129,
        "nauc_precision_at_1000_diff1": 0.5538091779921778,
        "nauc_precision_at_1000_max": 0.8539267558875356,
        "nauc_precision_at_1000_std": 0.8426876923608884,
        "nauc_precision_at_100_diff1": 0.5627186197862233,
        "nauc_precision_at_100_max": 0.6752511950053682,
        "nauc_precision_at_100_std": 0.4609376088743979,
        "nauc_precision_at_10_diff1": 0.48834086760508044,
        "nauc_precision_at_10_max": 0.3896945863501037,
        "nauc_precision_at_10_std": 0.016866968037535224,
        "nauc_precision_at_1_diff1": 0.6762441721782501,
        "nauc_precision_at_1_max": 0.2897395958671722,
        "nauc_precision_at_1_std": -0.09377669294420359,
        "nauc_precision_at_20_diff1": 0.5186180725749052,
        "nauc_precision_at_20_max": 0.50290536801328,
        "nauc_precision_at_20_std": 0.14965609929638538,
        "nauc_precision_at_3_diff1": 0.5597281688738425,
        "nauc_precision_at_3_max": 0.32390719904411064,
        "nauc_precision_at_3_std": -0.05968668060672367,
        "nauc_precision_at_5_diff1": 0.5327339680467981,
        "nauc_precision_at_5_max": 0.34891954987394985,
        "nauc_precision_at_5_std": -0.042169212900920516,
        "nauc_recall_at_1000_diff1": 0.5538091779921824,
        "nauc_recall_at_1000_max": 0.8539267558875385,
        "nauc_recall_at_1000_std": 0.8426876923608942,
        "nauc_recall_at_100_diff1": 0.5627186197862207,
        "nauc_recall_at_100_max": 0.6752511950053643,
        "nauc_recall_at_100_std": 0.4609376088743929,
        "nauc_recall_at_10_diff1": 0.4883408676050818,
        "nauc_recall_at_10_max": 0.38969458635010457,
        "nauc_recall_at_10_std": 0.016866968037536244,
        "nauc_recall_at_1_diff1": 0.6762441721782501,
        "nauc_recall_at_1_max": 0.2897395958671722,
        "nauc_recall_at_1_std": -0.09377669294420359,
        "nauc_recall_at_20_diff1": 0.5186180725749068,
        "nauc_recall_at_20_max": 0.5029053680132822,
        "nauc_recall_at_20_std": 0.14965609929638762,
        "nauc_recall_at_3_diff1": 0.5597281688738425,
        "nauc_recall_at_3_max": 0.32390719904410986,
        "nauc_recall_at_3_std": -0.05968668060672452,
        "nauc_recall_at_5_diff1": 0.5327339680467993,
        "nauc_recall_at_5_max": 0.34891954987395063,
        "nauc_recall_at_5_std": -0.04216921290092051,
        "ndcg_at_1": 0.478,
        "ndcg_at_10": 0.63505,
        "ndcg_at_100": 0.66484,
        "ndcg_at_1000": 0.66999,
        "ndcg_at_20": 0.64955,
        "ndcg_at_3": 0.58576,
        "ndcg_at_5": 0.61291,
        "precision_at_1": 0.478,
        "precision_at_10": 0.0795,
        "precision_at_100": 0.00933,
        "precision_at_1000": 0.00097,
        "precision_at_20": 0.0426,
        "precision_at_3": 0.22,
        "precision_at_5": 0.1452,
        "recall_at_1": 0.478,
        "recall_at_10": 0.795,
        "recall_at_100": 0.933,
        "recall_at_1000": 0.973,
        "recall_at_20": 0.852,
        "recall_at_3": 0.66,
        "recall_at_5": 0.726
      }
    ]
  },
  "task_name": "EcomRetrieval"
}