{
  "dataset_revision": "2039188fb5800a9803ba5048df7b76e6fb151fc6",
  "evaluation_time": 508.61354303359985,
  "kg_co2_emissions": null,
  "mteb_version": "1.14.18",
  "scores": {
    "dev": [
      {
        "hf_subset": "default",
        "languages": [
          "cmn-Hans"
        ],
        "main_score": 0.60376,
        "map_at_1": 0.51,
        "map_at_10": 0.57347,
        "map_at_100": 0.58017,
        "map_at_1000": 0.58068,
        "map_at_20": 0.57737,
        "map_at_3": 0.559,
        "map_at_5": 0.56775,
        "mrr_at_1": 0.511,
        "mrr_at_10": 0.5740285714285716,
        "mrr_at_100": 0.5807279695758508,
        "mrr_at_1000": 0.5812429633724817,
        "mrr_at_20": 0.5779319105687916,
        "mrr_at_3": 0.5598333333333332,
        "mrr_at_5": 0.5683333333333334,
        "nauc_map_at_1000_diff1": 0.785815942971497,
        "nauc_map_at_1000_max": 0.5159463513807452,
        "nauc_map_at_1000_std": 0.173414253841534,
        "nauc_map_at_100_diff1": 0.7856575818514507,
        "nauc_map_at_100_max": 0.5157958116222847,
        "nauc_map_at_100_std": 0.17333745955587693,
        "nauc_map_at_10_diff1": 0.7861085413622146,
        "nauc_map_at_10_max": 0.516769620150161,
        "nauc_map_at_10_std": 0.17308703222047878,
        "nauc_map_at_1_diff1": 0.8260342204811333,
        "nauc_map_at_1_max": 0.5486490852550384,
        "nauc_map_at_1_std": 0.15253826582125127,
        "nauc_map_at_20_diff1": 0.7861567391633928,
        "nauc_map_at_20_max": 0.5158683704594643,
        "nauc_map_at_20_std": 0.17436134961405783,
        "nauc_map_at_3_diff1": 0.7917199602959499,
        "nauc_map_at_3_max": 0.5221054149172839,
        "nauc_map_at_3_std": 0.1681550943018613,
        "nauc_map_at_5_diff1": 0.7865683390236236,
        "nauc_map_at_5_max": 0.5188513423176986,
        "nauc_map_at_5_std": 0.17023811371892528,
        "nauc_mrr_at_1000_diff1": 0.784663537593153,
        "nauc_mrr_at_1000_max": 0.517922325050638,
        "nauc_mrr_at_1000_std": 0.17608754224086393,
        "nauc_mrr_at_100_diff1": 0.7845068218749709,
        "nauc_mrr_at_100_max": 0.517768679841594,
        "nauc_mrr_at_100_std": 0.17600663201622038,
        "nauc_mrr_at_10_diff1": 0.7849759884407131,
        "nauc_mrr_at_10_max": 0.5187124319255839,
        "nauc_mrr_at_10_std": 0.17571450093649946,
        "nauc_mrr_at_1_diff1": 0.8240014661827906,
        "nauc_mrr_at_1_max": 0.5525406872462313,
        "nauc_mrr_at_1_std": 0.15771841474376158,
        "nauc_mrr_at_20_diff1": 0.7850142044921852,
        "nauc_mrr_at_20_max": 0.5178277578771471,
        "nauc_mrr_at_20_std": 0.17701290232295527,
        "nauc_mrr_at_3_diff1": 0.790509591985998,
        "nauc_mrr_at_3_max": 0.52355771250843,
        "nauc_mrr_at_3_std": 0.16997896986773023,
        "nauc_mrr_at_5_diff1": 0.7854260487139899,
        "nauc_mrr_at_5_max": 0.5207713409714374,
        "nauc_mrr_at_5_std": 0.17279176972969584,
        "nauc_ndcg_at_1000_diff1": 0.772443638355932,
        "nauc_ndcg_at_1000_max": 0.5034070152373387,
        "nauc_ndcg_at_1000_std": 0.1834957127162365,
        "nauc_ndcg_at_100_diff1": 0.7665556077995116,
        "nauc_ndcg_at_100_max": 0.4976898552711114,
        "nauc_ndcg_at_100_std": 0.18265501605579162,
        "nauc_ndcg_at_10_diff1": 0.7695895754297907,
        "nauc_ndcg_at_10_max": 0.501067334794396,
        "nauc_ndcg_at_10_std": 0.1832066078276849,
        "nauc_ndcg_at_1_diff1": 0.8260342204811333,
        "nauc_ndcg_at_1_max": 0.5486490852550384,
        "nauc_ndcg_at_1_std": 0.15253826582125127,
        "nauc_ndcg_at_20_diff1": 0.7695671749732081,
        "nauc_ndcg_at_20_max": 0.4969061195795999,
        "nauc_ndcg_at_20_std": 0.18805953390796243,
        "nauc_ndcg_at_3_diff1": 0.7811178579505156,
        "nauc_ndcg_at_3_max": 0.5127987987104842,
        "nauc_ndcg_at_3_std": 0.17184722558879909,
        "nauc_ndcg_at_5_diff1": 0.7712940281816237,
        "nauc_ndcg_at_5_max": 0.5068661877857171,
        "nauc_ndcg_at_5_std": 0.17621740759931281,
        "nauc_precision_at_1000_diff1": 0.5344862582714174,
        "nauc_precision_at_1000_max": 0.3211139528274972,
        "nauc_precision_at_1000_std": 0.5545609548167096,
        "nauc_precision_at_100_diff1": 0.6252410859997035,
        "nauc_precision_at_100_max": 0.3679625848658053,
        "nauc_precision_at_100_std": 0.24379887952411672,
        "nauc_precision_at_10_diff1": 0.7085407352679465,
        "nauc_precision_at_10_max": 0.4413495192229906,
        "nauc_precision_at_10_std": 0.2224750892974307,
        "nauc_precision_at_1_diff1": 0.8260342204811333,
        "nauc_precision_at_1_max": 0.5486490852550384,
        "nauc_precision_at_1_std": 0.15253826582125127,
        "nauc_precision_at_20_diff1": 0.6984002103647017,
        "nauc_precision_at_20_max": 0.4081032822831349,
        "nauc_precision_at_20_std": 0.2540599115280699,
        "nauc_precision_at_3_diff1": 0.7485928389693729,
        "nauc_precision_at_3_max": 0.4838430833770643,
        "nauc_precision_at_3_std": 0.18275881588871865,
        "nauc_precision_at_5_diff1": 0.7199740351511466,
        "nauc_precision_at_5_max": 0.46674938169149366,
        "nauc_precision_at_5_std": 0.19628275391732256,
        "nauc_recall_at_1000_diff1": 0.5344862582714268,
        "nauc_recall_at_1000_max": 0.3211139528275092,
        "nauc_recall_at_1000_std": 0.5545609548167116,
        "nauc_recall_at_100_diff1": 0.625241085999703,
        "nauc_recall_at_100_max": 0.36796258486580397,
        "nauc_recall_at_100_std": 0.24379887952411497,
        "nauc_recall_at_10_diff1": 0.7085407352679458,
        "nauc_recall_at_10_max": 0.44134951922299065,
        "nauc_recall_at_10_std": 0.2224750892974314,
        "nauc_recall_at_1_diff1": 0.8260342204811333,
        "nauc_recall_at_1_max": 0.5486490852550384,
        "nauc_recall_at_1_std": 0.15253826582125127,
        "nauc_recall_at_20_diff1": 0.6984002103647035,
        "nauc_recall_at_20_max": 0.4081032822831357,
        "nauc_recall_at_20_std": 0.2540599115280707,
        "nauc_recall_at_3_diff1": 0.7485928389693722,
        "nauc_recall_at_3_max": 0.483843083377064,
        "nauc_recall_at_3_std": 0.18275881588871842,
        "nauc_recall_at_5_diff1": 0.7199740351511468,
        "nauc_recall_at_5_max": 0.4667493816914945,
        "nauc_recall_at_5_std": 0.1962827539173237,
        "ndcg_at_1": 0.51,
        "ndcg_at_10": 0.60376,
        "ndcg_at_100": 0.63797,
        "ndcg_at_1000": 0.65232,
        "ndcg_at_20": 0.61777,
        "ndcg_at_3": 0.57397,
        "ndcg_at_5": 0.58968,
        "precision_at_1": 0.51,
        "precision_at_10": 0.0699,
        "precision_at_100": 0.00863,
        "precision_at_1000": 0.00098,
        "precision_at_20": 0.0377,
        "precision_at_3": 0.20567,
        "precision_at_5": 0.131,
        "recall_at_1": 0.51,
        "recall_at_10": 0.699,
        "recall_at_100": 0.863,
        "recall_at_1000": 0.977,
        "recall_at_20": 0.754,
        "recall_at_3": 0.617,
        "recall_at_5": 0.655
      }
    ]
  },
  "task_name": "MedicalRetrieval"
}