{
  "dataset_revision": "539bbde593d947e2a124ba72651aafc09eb33fc2",
  "evaluation_time": 514.2773852348328,
  "kg_co2_emissions": null,
  "mteb_version": "1.14.18",
  "scores": {
    "dev": [
      {
        "hf_subset": "default",
        "languages": [
          "cmn-Hans"
        ],
        "main_score": 0.75474,
        "map_at_1": 0.61965,
        "map_at_10": 0.71374,
        "map_at_100": 0.71799,
        "map_at_1000": 0.71813,
        "map_at_20": 0.71657,
        "map_at_3": 0.69193,
        "map_at_5": 0.70615,
        "mrr_at_1": 0.6411174785100286,
        "mrr_at_10": 0.7208297516714414,
        "mrr_at_100": 0.724604615735902,
        "mrr_at_1000": 0.7247371344335484,
        "mrr_at_20": 0.7233146729899265,
        "mrr_at_3": 0.7015520534861517,
        "mrr_at_5": 0.7142741165233986,
        "nauc_map_at_1000_diff1": 0.740093145214503,
        "nauc_map_at_1000_max": 0.4435845277144908,
        "nauc_map_at_1000_std": -0.0739048663797644,
        "nauc_map_at_100_diff1": 0.7400168305333071,
        "nauc_map_at_100_max": 0.44370243189671676,
        "nauc_map_at_100_std": -0.07363260456210566,
        "nauc_map_at_10_diff1": 0.7393247114448341,
        "nauc_map_at_10_max": 0.4457746228223113,
        "nauc_map_at_10_std": -0.07515065404137146,
        "nauc_map_at_1_diff1": 0.7613800762305253,
        "nauc_map_at_1_max": 0.3777836543584806,
        "nauc_map_at_1_std": -0.1238049129054893,
        "nauc_map_at_20_diff1": 0.7395442672134123,
        "nauc_map_at_20_max": 0.44449551841911117,
        "nauc_map_at_20_std": -0.07334177015916162,
        "nauc_map_at_3_diff1": 0.7393940640370263,
        "nauc_map_at_3_max": 0.4327796158518611,
        "nauc_map_at_3_std": -0.08936914145264824,
        "nauc_map_at_5_diff1": 0.7383883477423862,
        "nauc_map_at_5_max": 0.44041199834503514,
        "nauc_map_at_5_std": -0.0812859739727403,
        "nauc_mrr_at_1000_diff1": 0.7462569441303883,
        "nauc_mrr_at_1000_max": 0.44967888361019837,
        "nauc_mrr_at_1000_std": -0.06812945573378969,
        "nauc_mrr_at_100_diff1": 0.7461782559519654,
        "nauc_mrr_at_100_max": 0.44978309230620384,
        "nauc_mrr_at_100_std": -0.06784788500863977,
        "nauc_mrr_at_10_diff1": 0.7457005641484308,
        "nauc_mrr_at_10_max": 0.4522224211758577,
        "nauc_mrr_at_10_std": -0.06839906682498892,
        "nauc_mrr_at_1_diff1": 0.7743949221252713,
        "nauc_mrr_at_1_max": 0.4175999523204247,
        "nauc_mrr_at_1_std": -0.10900788661430326,
        "nauc_mrr_at_20_diff1": 0.7456970241459365,
        "nauc_mrr_at_20_max": 0.4506227914350094,
        "nauc_mrr_at_20_std": -0.06731751860926048,
        "nauc_mrr_at_3_diff1": 0.7463864600657009,
        "nauc_mrr_at_3_max": 0.4436187343669841,
        "nauc_mrr_at_3_std": -0.07940698809544205,
        "nauc_mrr_at_5_diff1": 0.7451972452262808,
        "nauc_mrr_at_5_max": 0.448167654402464,
        "nauc_mrr_at_5_std": -0.07352058926464315,
        "nauc_ndcg_at_1000_diff1": 0.7356061576169486,
        "nauc_ndcg_at_1000_max": 0.45700145013173304,
        "nauc_ndcg_at_1000_std": -0.04889724115761208,
        "nauc_ndcg_at_100_diff1": 0.7333724994455267,
        "nauc_ndcg_at_100_max": 0.4608282497426965,
        "nauc_ndcg_at_100_std": -0.03975807421270855,
        "nauc_ndcg_at_10_diff1": 0.7297760193355839,
        "nauc_ndcg_at_10_max": 0.47173161362582056,
        "nauc_ndcg_at_10_std": -0.04401197344000497,
        "nauc_ndcg_at_1_diff1": 0.7743949221252713,
        "nauc_ndcg_at_1_max": 0.4175999523204247,
        "nauc_ndcg_at_1_std": -0.10900788661430326,
        "nauc_ndcg_at_20_diff1": 0.7300746746605205,
        "nauc_ndcg_at_20_max": 0.4672001936725043,
        "nauc_ndcg_at_20_std": -0.03690424310952503,
        "nauc_ndcg_at_3_diff1": 0.731077128531283,
        "nauc_ndcg_at_3_max": 0.4454850380297316,
        "nauc_ndcg_at_3_std": -0.07530342578738528,
        "nauc_ndcg_at_5_diff1": 0.7284682363246638,
        "nauc_ndcg_at_5_max": 0.45824673668227645,
        "nauc_ndcg_at_5_std": -0.060630571400213856,
        "nauc_precision_at_1000_diff1": -0.14132121885977764,
        "nauc_precision_at_1000_max": 0.17101582741348798,
        "nauc_precision_at_1000_std": 0.2558567867584593,
        "nauc_precision_at_100_diff1": 0.010045671367255303,
        "nauc_precision_at_100_max": 0.2848321431964798,
        "nauc_precision_at_100_std": 0.30740676851323384,
        "nauc_precision_at_10_diff1": 0.2977966332764201,
        "nauc_precision_at_10_max": 0.4456594844095899,
        "nauc_precision_at_10_std": 0.1758843654446665,
        "nauc_precision_at_1_diff1": 0.7743949221252713,
        "nauc_precision_at_1_max": 0.4175999523204247,
        "nauc_precision_at_1_std": -0.10900788661430326,
        "nauc_precision_at_20_diff1": 0.19519344374002767,
        "nauc_precision_at_20_max": 0.3943182255308006,
        "nauc_precision_at_20_std": 0.24776625189358809,
        "nauc_precision_at_3_diff1": 0.5065083987042731,
        "nauc_precision_at_3_max": 0.4454469308206917,
        "nauc_precision_at_3_std": 0.02269516191616682,
        "nauc_precision_at_5_diff1": 0.4113507136161969,
        "nauc_precision_at_5_max": 0.45000038970970097,
        "nauc_precision_at_5_std": 0.08919213756348301,
        "nauc_recall_at_1000_diff1": 0.614062931417865,
        "nauc_recall_at_1000_max": 0.6429203735670297,
        "nauc_recall_at_1000_std": 0.7360086246688227,
        "nauc_recall_at_100_diff1": 0.615102835771726,
        "nauc_recall_at_100_max": 0.6543279103231785,
        "nauc_recall_at_100_std": 0.522961164965682,
        "nauc_recall_at_10_diff1": 0.6605948794356753,
        "nauc_recall_at_10_max": 0.6103870240617999,
        "nauc_recall_at_10_std": 0.1291129741145046,
        "nauc_recall_at_1_diff1": 0.7613800762305253,
        "nauc_recall_at_1_max": 0.3777836543584806,
        "nauc_recall_at_1_std": -0.1238049129054893,
        "nauc_recall_at_20_diff1": 0.6371313844082195,
        "nauc_recall_at_20_max": 0.6239014926047958,
        "nauc_recall_at_20_std": 0.253912999439371,
        "nauc_recall_at_3_diff1": 0.6924828002714303,
        "nauc_recall_at_3_max": 0.47314284893713604,
        "nauc_recall_at_3_std": -0.04005325091564249,
        "nauc_recall_at_5_diff1": 0.6710322263219353,
        "nauc_recall_at_5_max": 0.5190296387631793,
        "nauc_recall_at_5_std": 0.016934357052399786,
        "ndcg_at_1": 0.64112,
        "ndcg_at_10": 0.75474,
        "ndcg_at_100": 0.77382,
        "ndcg_at_1000": 0.7775,
        "ndcg_at_20": 0.7644,
        "ndcg_at_3": 0.71332,
        "ndcg_at_5": 0.73755,
        "precision_at_1": 0.64112,
        "precision_at_10": 0.09302,
        "precision_at_100": 0.01024,
        "precision_at_1000": 0.00105,
        "precision_at_20": 0.04855,
        "precision_at_3": 0.26987,
        "precision_at_5": 0.17456,
        "recall_at_1": 0.61965,
        "recall_at_10": 0.8744,
        "recall_at_100": 0.96082,
        "recall_at_1000": 0.98942,
        "recall_at_20": 0.91174,
        "recall_at_3": 0.76539,
        "recall_at_5": 0.82295
      }
    ]
  },
  "task_name": "MMarcoRetrieval"
}