{
  "dataset_revision": "8731a845f1bf500a4f111cf1070785c793d10e64",
  "evaluation_time": 1996.814442396164,
  "kg_co2_emissions": null,
  "mteb_version": "1.14.18",
  "scores": {
    "dev": [
      {
        "hf_subset": "default",
        "languages": [
          "cmn-Hans"
        ],
        "main_score": 0.79884,
        "map_at_1": 0.25304,
        "map_at_10": 0.71199,
        "map_at_100": 0.75092,
        "map_at_1000": 0.75179,
        "map_at_20": 0.74062,
        "map_at_3": 0.49674,
        "map_at_5": 0.6123,
        "mrr_at_1": 0.8569612484657197,
        "mrr_at_10": 0.8920388600819982,
        "mrr_at_100": 0.8933345115261718,
        "mrr_at_1000": 0.8933793785899039,
        "mrr_at_20": 0.8929167345646176,
        "mrr_at_3": 0.885791104097258,
        "mrr_at_5": 0.8897583143374855,
        "nauc_map_at_1000_diff1": 0.18560137455297815,
        "nauc_map_at_1000_max": 0.4141738288137683,
        "nauc_map_at_1000_std": 0.19811623785443094,
        "nauc_map_at_100_diff1": 0.18566213424283223,
        "nauc_map_at_100_max": 0.41300000523445657,
        "nauc_map_at_100_std": 0.1977377233645789,
        "nauc_map_at_10_diff1": 0.21073253835995429,
        "nauc_map_at_10_max": 0.30671369318863195,
        "nauc_map_at_10_std": 0.0835818854727137,
        "nauc_map_at_1_diff1": 0.4562397993260985,
        "nauc_map_at_1_max": -0.2202813723916797,
        "nauc_map_at_1_std": -0.2738975359271585,
        "nauc_map_at_20_diff1": 0.1898761542502226,
        "nauc_map_at_20_max": 0.38879271981897556,
        "nauc_map_at_20_std": 0.1711220560033909,
        "nauc_map_at_3_diff1": 0.342130743594698,
        "nauc_map_at_3_max": -0.08725971642330704,
        "nauc_map_at_3_std": -0.21804036071178415,
        "nauc_map_at_5_diff1": 0.2880728017969596,
        "nauc_map_at_5_max": 0.06686307455653234,
        "nauc_map_at_5_std": -0.11701591931044432,
        "nauc_mrr_at_1000_diff1": 0.4767082320005337,
        "nauc_mrr_at_1000_max": 0.6883987042458117,
        "nauc_mrr_at_1000_std": 0.35118364629250587,
        "nauc_mrr_at_100_diff1": 0.47671566332167686,
        "nauc_mrr_at_100_max": 0.6884718729211503,
        "nauc_mrr_at_100_std": 0.35132287422460956,
        "nauc_mrr_at_10_diff1": 0.4762742312124524,
        "nauc_mrr_at_10_max": 0.6894971031881012,
        "nauc_mrr_at_10_std": 0.35185789160500164,
        "nauc_mrr_at_1_diff1": 0.48302536309739297,
        "nauc_mrr_at_1_max": 0.6589723218732253,
        "nauc_mrr_at_1_std": 0.3047519966462852,
        "nauc_mrr_at_20_diff1": 0.47651476822357597,
        "nauc_mrr_at_20_max": 0.6887380244829878,
        "nauc_mrr_at_20_std": 0.3515093822478699,
        "nauc_mrr_at_3_diff1": 0.4763193621930272,
        "nauc_mrr_at_3_max": 0.6883049008310772,
        "nauc_mrr_at_3_std": 0.3486185129150265,
        "nauc_mrr_at_5_diff1": 0.4766166923146327,
        "nauc_mrr_at_5_max": 0.6899813985082087,
        "nauc_mrr_at_5_std": 0.35141791799847466,
        "nauc_ndcg_at_1000_diff1": 0.2317909831271346,
        "nauc_ndcg_at_1000_max": 0.5290903891377836,
        "nauc_ndcg_at_1000_std": 0.30024326644988514,
        "nauc_ndcg_at_100_diff1": 0.2282407350959513,
        "nauc_ndcg_at_100_max": 0.5175479481752057,
        "nauc_ndcg_at_100_std": 0.3019142089981434,
        "nauc_ndcg_at_10_diff1": 0.22088465629893425,
        "nauc_ndcg_at_10_max": 0.4284106002343787,
        "nauc_ndcg_at_10_std": 0.20023133093886764,
        "nauc_ndcg_at_1_diff1": 0.48302536309739297,
        "nauc_ndcg_at_1_max": 0.6589723218732253,
        "nauc_ndcg_at_1_std": 0.3047519966462852,
        "nauc_ndcg_at_20_diff1": 0.22503728920769744,
        "nauc_ndcg_at_20_max": 0.46430849216406683,
        "nauc_ndcg_at_20_std": 0.24773130334147256,
        "nauc_ndcg_at_3_diff1": 0.193783364165854,
        "nauc_ndcg_at_3_max": 0.5716326176073716,
        "nauc_ndcg_at_3_std": 0.2830923432846436,
        "nauc_ndcg_at_5_diff1": 0.190991172328333,
        "nauc_ndcg_at_5_max": 0.505037370352124,
        "nauc_ndcg_at_5_std": 0.2444090758792761,
        "nauc_precision_at_1000_diff1": -0.25317668707663493,
        "nauc_precision_at_1000_max": 0.5067057887268227,
        "nauc_precision_at_1000_std": 0.4840987805001162,
        "nauc_precision_at_100_diff1": -0.24822306491852145,
        "nauc_precision_at_100_max": 0.5227075396009667,
        "nauc_precision_at_100_std": 0.5048595942420019,
        "nauc_precision_at_10_diff1": -0.22803825572960923,
        "nauc_precision_at_10_max": 0.5555707901902782,
        "nauc_precision_at_10_std": 0.46656283967834683,
        "nauc_precision_at_1_diff1": 0.48302536309739297,
        "nauc_precision_at_1_max": 0.6589723218732253,
        "nauc_precision_at_1_std": 0.3047519966462852,
        "nauc_precision_at_20_diff1": -0.23854345507388486,
        "nauc_precision_at_20_max": 0.5421647858524644,
        "nauc_precision_at_20_std": 0.49777771648460883,
        "nauc_precision_at_3_diff1": -0.12464855805635942,
        "nauc_precision_at_3_max": 0.6116885305404696,
        "nauc_precision_at_3_std": 0.3950835677823278,
        "nauc_precision_at_5_diff1": -0.1952115898514267,
        "nauc_precision_at_5_max": 0.5867733396845999,
        "nauc_precision_at_5_std": 0.42759068678899304,
        "nauc_recall_at_1000_diff1": 0.11136083372329945,
        "nauc_recall_at_1000_max": 0.5275542513632123,
        "nauc_recall_at_1000_std": 0.6294914839340802,
        "nauc_recall_at_100_diff1": 0.1334971171810952,
        "nauc_recall_at_100_max": 0.4268874250027501,
        "nauc_recall_at_100_std": 0.45373149423056797,
        "nauc_recall_at_10_diff1": 0.18348889151848394,
        "nauc_recall_at_10_max": 0.19741144604751604,
        "nauc_recall_at_10_std": 0.04802689973287956,
        "nauc_recall_at_1_diff1": 0.4562397993260985,
        "nauc_recall_at_1_max": -0.2202813723916797,
        "nauc_recall_at_1_std": -0.2738975359271585,
        "nauc_recall_at_20_diff1": 0.14803807170819647,
        "nauc_recall_at_20_max": 0.31065237142699365,
        "nauc_recall_at_20_std": 0.21862900780161018,
        "nauc_recall_at_3_diff1": 0.31485341663161504,
        "nauc_recall_at_3_max": -0.13526422359484858,
        "nauc_recall_at_3_std": -0.23764219064112008,
        "nauc_recall_at_5_diff1": 0.2659940677228859,
        "nauc_recall_at_5_max": -0.022863131281200877,
        "nauc_recall_at_5_std": -0.1613821918873837,
        "ndcg_at_1": 0.85696,
        "ndcg_at_10": 0.79884,
        "ndcg_at_100": 0.84341,
        "ndcg_at_1000": 0.85201,
        "ndcg_at_20": 0.82011,
        "ndcg_at_3": 0.81153,
        "ndcg_at_5": 0.79695,
        "precision_at_1": 0.85696,
        "precision_at_10": 0.40142,
        "precision_at_100": 0.04936,
        "precision_at_1000": 0.00514,
        "precision_at_20": 0.22542,
        "precision_at_3": 0.71265,
        "precision_at_5": 0.59806,
        "recall_at_1": 0.25304,
        "recall_at_10": 0.79372,
        "recall_at_100": 0.93651,
        "recall_at_1000": 0.98004,
        "recall_at_20": 0.86206,
        "recall_at_3": 0.51846,
        "recall_at_5": 0.6558
      }
    ]
  },
  "task_name": "T2Retrieval"
}