{
  "dataset_revision": "76631901a18387f85eaa53e5450019b87ad58ef9",
  "evaluation_time": 1514.4654052257538,
  "kg_co2_emissions": null,
  "mteb_version": "1.14.18",
  "scores": {
    "dev": [
      {
        "hf_subset": "default",
        "languages": [
          "cmn-Hans"
        ],
        "main_score": 0.6834545486096133,
        "map": 0.6834545486096133,
        "mrr": 0.7916212614587699,
        "nAUC_map_diff1": -0.08117720370855525,
        "nAUC_map_max": 0.38287738573271457,
        "nAUC_map_std": 0.000830480669332669,
        "nAUC_mrr_diff1": -0.06855119619489526,
        "nAUC_mrr_max": 0.3107311439157197,
        "nAUC_mrr_std": -0.00573377390143876
      }
    ]
  },
  "task_name": "T2Reranking"
}