{
  "dataset_revision": "58c2597a5943a2ba48f4668c3b90d796283c5639",
  "evaluation_time": 143.5214958190918,
  "kg_co2_emissions": null,
  "mteb_version": "1.14.18",
  "scores": {
    "dev": [
      {
        "hf_subset": "default",
        "languages": [
          "cmn-Hans"
        ],
        "main_score": 0.70677,
        "map_at_1": 0.548,
        "map_at_10": 0.65711,
        "map_at_100": 0.66217,
        "map_at_1000": 0.6623,
        "map_at_20": 0.66052,
        "map_at_3": 0.63833,
        "map_at_5": 0.64788,
        "mrr_at_1": 0.548,
        "mrr_at_10": 0.6571099206349206,
        "mrr_at_100": 0.6621702927393773,
        "mrr_at_1000": 0.6622997761283832,
        "mrr_at_20": 0.6605155757383314,
        "mrr_at_3": 0.6383333333333335,
        "mrr_at_5": 0.6478833333333336,
        "nauc_map_at_1000_diff1": 0.5606663397908875,
        "nauc_map_at_1000_max": 0.1447238334581735,
        "nauc_map_at_1000_std": -0.2941734775254454,
        "nauc_map_at_100_diff1": 0.5605826238986377,
        "nauc_map_at_100_max": 0.14482334141697278,
        "nauc_map_at_100_std": -0.2939883743584475,
        "nauc_map_at_10_diff1": 0.5596412990888123,
        "nauc_map_at_10_max": 0.14252441634901097,
        "nauc_map_at_10_std": -0.2994945667725996,
        "nauc_map_at_1_diff1": 0.59183336042282,
        "nauc_map_at_1_max": 0.1346814556582463,
        "nauc_map_at_1_std": -0.26444476827279295,
        "nauc_map_at_20_diff1": 0.560358913583818,
        "nauc_map_at_20_max": 0.1441682794055099,
        "nauc_map_at_20_std": -0.2964628649039752,
        "nauc_map_at_3_diff1": 0.5590038449904757,
        "nauc_map_at_3_max": 0.1504127029111293,
        "nauc_map_at_3_std": -0.2962452073869598,
        "nauc_map_at_5_diff1": 0.556523029491574,
        "nauc_map_at_5_max": 0.14626183051760372,
        "nauc_map_at_5_std": -0.29623453837179076,
        "nauc_mrr_at_1000_diff1": 0.5606663397908875,
        "nauc_mrr_at_1000_max": 0.1447238334581735,
        "nauc_mrr_at_1000_std": -0.2941734775254454,
        "nauc_mrr_at_100_diff1": 0.5605826238986377,
        "nauc_mrr_at_100_max": 0.14482334141697278,
        "nauc_mrr_at_100_std": -0.2939883743584475,
        "nauc_mrr_at_10_diff1": 0.5596412990888123,
        "nauc_mrr_at_10_max": 0.14252441634901097,
        "nauc_mrr_at_10_std": -0.2994945667725996,
        "nauc_mrr_at_1_diff1": 0.59183336042282,
        "nauc_mrr_at_1_max": 0.1346814556582463,
        "nauc_mrr_at_1_std": -0.26444476827279295,
        "nauc_mrr_at_20_diff1": 0.560358913583818,
        "nauc_mrr_at_20_max": 0.1441682794055099,
        "nauc_mrr_at_20_std": -0.2964628649039752,
        "nauc_mrr_at_3_diff1": 0.5590038449904757,
        "nauc_mrr_at_3_max": 0.1504127029111293,
        "nauc_mrr_at_3_std": -0.2962452073869598,
        "nauc_mrr_at_5_diff1": 0.556523029491574,
        "nauc_mrr_at_5_max": 0.14626183051760372,
        "nauc_mrr_at_5_std": -0.29623453837179076,
        "nauc_ndcg_at_1000_diff1": 0.5552548566359545,
        "nauc_ndcg_at_1000_max": 0.1477115304609667,
        "nauc_ndcg_at_1000_std": -0.28882383732019357,
        "nauc_ndcg_at_100_diff1": 0.5535277945410508,
        "nauc_ndcg_at_100_max": 0.1509697809229126,
        "nauc_ndcg_at_100_std": -0.28265483822652837,
        "nauc_ndcg_at_10_diff1": 0.5494947369503766,
        "nauc_ndcg_at_10_max": 0.13836399796227905,
        "nauc_ndcg_at_10_std": -0.3127423576665352,
        "nauc_ndcg_at_1_diff1": 0.59183336042282,
        "nauc_ndcg_at_1_max": 0.1346814556582463,
        "nauc_ndcg_at_1_std": -0.26444476827279295,
        "nauc_ndcg_at_20_diff1": 0.5516306792702607,
        "nauc_ndcg_at_20_max": 0.14594234431754835,
        "nauc_ndcg_at_20_std": -0.30027266818154635,
        "nauc_ndcg_at_3_diff1": 0.5477096048786805,
        "nauc_ndcg_at_3_max": 0.15641557670713502,
        "nauc_ndcg_at_3_std": -0.30598116514065604,
        "nauc_ndcg_at_5_diff1": 0.5420745103361053,
        "nauc_ndcg_at_5_max": 0.14859050553747524,
        "nauc_ndcg_at_5_std": -0.30540630921354556,
        "nauc_precision_at_1000_diff1": 0.4469343292872606,
        "nauc_precision_at_1000_max": 0.3040771864301259,
        "nauc_precision_at_1000_std": 0.5389563232700351,
        "nauc_precision_at_100_diff1": 0.44323966145597504,
        "nauc_precision_at_100_max": 0.3769916568778014,
        "nauc_precision_at_100_std": 0.298289208156373,
        "nauc_precision_at_10_diff1": 0.494571091677311,
        "nauc_precision_at_10_max": 0.10323699097404482,
        "nauc_precision_at_10_std": -0.3885231404146621,
        "nauc_precision_at_1_diff1": 0.59183336042282,
        "nauc_precision_at_1_max": 0.1346814556582463,
        "nauc_precision_at_1_std": -0.26444476827279295,
        "nauc_precision_at_20_diff1": 0.4872756510011387,
        "nauc_precision_at_20_max": 0.165904139433548,
        "nauc_precision_at_20_std": -0.30010374520178773,
        "nauc_precision_at_3_diff1": 0.5068421359110237,
        "nauc_precision_at_3_max": 0.17839049670995202,
        "nauc_precision_at_3_std": -0.3406926154844388,
        "nauc_precision_at_5_diff1": 0.48132978376773594,
        "nauc_precision_at_5_max": 0.15661211180648846,
        "nauc_precision_at_5_std": -0.34127721608503553,
        "nauc_recall_at_1000_diff1": 0.44693432928727894,
        "nauc_recall_at_1000_max": 0.30407718643012366,
        "nauc_recall_at_1000_std": 0.5389563232700555,
        "nauc_recall_at_100_diff1": 0.44323966145597815,
        "nauc_recall_at_100_max": 0.37699165687780606,
        "nauc_recall_at_100_std": 0.29828920815638194,
        "nauc_recall_at_10_diff1": 0.49457109167731184,
        "nauc_recall_at_10_max": 0.10323699097404473,
        "nauc_recall_at_10_std": -0.38852314041466113,
        "nauc_recall_at_1_diff1": 0.59183336042282,
        "nauc_recall_at_1_max": 0.1346814556582463,
        "nauc_recall_at_1_std": -0.26444476827279295,
        "nauc_recall_at_20_diff1": 0.4872756510011401,
        "nauc_recall_at_20_max": 0.16590413943355103,
        "nauc_recall_at_20_std": -0.3001037452017848,
        "nauc_recall_at_3_diff1": 0.5068421359110235,
        "nauc_recall_at_3_max": 0.17839049670995197,
        "nauc_recall_at_3_std": -0.34069261548444013,
        "nauc_recall_at_5_diff1": 0.48132978376773616,
        "nauc_recall_at_5_max": 0.15661211180648887,
        "nauc_recall_at_5_std": -0.34127721608503553,
        "ndcg_at_1": 0.548,
        "ndcg_at_10": 0.70677,
        "ndcg_at_100": 0.73024,
        "ndcg_at_1000": 0.73315,
        "ndcg_at_20": 0.719,
        "ndcg_at_3": 0.66659,
        "ndcg_at_5": 0.68406,
        "precision_at_1": 0.548,
        "precision_at_10": 0.0862,
        "precision_at_100": 0.00969,
        "precision_at_1000": 0.00099,
        "precision_at_20": 0.0455,
        "precision_at_3": 0.24933,
        "precision_at_5": 0.1582,
        "recall_at_1": 0.548,
        "recall_at_10": 0.862,
        "recall_at_100": 0.969,
        "recall_at_1000": 0.991,
        "recall_at_20": 0.91,
        "recall_at_3": 0.748,
        "recall_at_5": 0.791
      }
    ]
  },
  "task_name": "VideoRetrieval"
}