{
  "dataset_revision": "e3dda5e115e487b39ec7e618c0c6a29137052a55",
  "evaluation_time": 28.348127603530884,
  "kg_co2_emissions": null,
  "mteb_version": "1.14.18",
  "scores": {
    "test": [
      {
        "cosine_pearson": 0.7013266855292353,
        "cosine_spearman": 0.7227189530533925,
        "euclidean_pearson": 0.6959791215186965,
        "euclidean_spearman": 0.7121829918589934,
        "hf_subset": "default",
        "languages": [
          "cmn-Hans"
        ],
        "main_score": 0.7227189530533925,
        "manhattan_pearson": 0.695826959337635,
        "manhattan_spearman": 0.7121114581538731,
        "pearson": 0.7013266941793463,
        "spearman": 0.7227188837735279
      }
    ],
    "validation": [
      {
        "cosine_pearson": 0.7296132512462294,
        "cosine_spearman": 0.7507355331834609,
        "euclidean_pearson": 0.7239101271654236,
        "euclidean_spearman": 0.7395225133249373,
        "hf_subset": "default",
        "languages": [
          "cmn-Hans"
        ],
        "main_score": 0.7507355331834609,
        "manhattan_pearson": 0.7236011950986156,
        "manhattan_spearman": 0.7392075225568412,
        "pearson": 0.7296132532840693,
        "spearman": 0.750735463919446
      }
    ]
  },
  "task_name": "BQ"
}