{
  "dataset_revision": "8d7f1e942507dac42dc58017c1a001c3717da7df",
  "evaluation_time": 278.3866493701935,
  "kg_co2_emissions": null,
  "mteb_version": "1.14.18",
  "scores": {
    "test": [
      {
        "hf_subset": "default",
        "languages": [
          "cmn-Hans"
        ],
        "main_score": 0.8996098368764482,
        "map": 0.8996098368764482,
        "mrr": 0.9177265873015873,
        "nAUC_map_diff1": 0.5974078476099504,
        "nAUC_map_max": 0.5568826748566718,
        "nAUC_map_std": 0.1932649349134261,
        "nAUC_mrr_diff1": 0.6414011715283904,
        "nAUC_mrr_max": 0.6331757552923499,
        "nAUC_mrr_std": 0.3086061174974909
      }
    ]
  },
  "task_name": "CMedQAv1-reranking"
}