{
  "dataset_revision": "23d186750531a14a0357ca22cd92d712fd512ea0",
  "evaluation_time": 307.68631505966187,
  "kg_co2_emissions": null,
  "mteb_version": "1.14.18",
  "scores": {
    "test": [
      {
        "hf_subset": "default",
        "languages": [
          "cmn-Hans"
        ],
        "main_score": 0.8931675529168744,
        "map": 0.8931675529168744,
        "mrr": 0.9152369047619048,
        "nAUC_map_diff1": 0.5898690440411748,
        "nAUC_map_max": 0.6294267228837367,
        "nAUC_map_std": 0.06360882581473971,
        "nAUC_mrr_diff1": 0.6693335619625148,
        "nAUC_mrr_max": 0.7666986622728486,
        "nAUC_mrr_std": 0.1993395955517812
      }
    ]
  },
  "task_name": "CMedQAv2-reranking"
}