{
  "dataset_revision": "cd540c506dae1cf9e9a59c3e06f42030d54e7301",
  "evaluation_time": 1104.4537811279297,
  "kg_co2_emissions": null,
  "mteb_version": "1.14.18",
  "scores": {
    "dev": [
      {
        "hf_subset": "default",
        "languages": [
          "cmn-Hans"
        ],
        "main_score": 0.45312,
        "map_at_1": 0.25882,
        "map_at_10": 0.3866,
        "map_at_100": 0.40516,
        "map_at_1000": 0.40624,
        "map_at_20": 0.3967,
        "map_at_3": 0.34428,
        "map_at_5": 0.36734,
        "mrr_at_1": 0.39509877469367344,
        "mrr_at_10": 0.47694552606405494,
        "mrr_at_100": 0.4867587143721128,
        "mrr_at_1000": 0.48719302643050993,
        "mrr_at_20": 0.48266615408653246,
        "mrr_at_3": 0.45194631991331075,
        "mrr_at_5": 0.46634992081353654,
        "nauc_map_at_1000_diff1": 0.48635497518522763,
        "nauc_map_at_1000_max": 0.4626846647556456,
        "nauc_map_at_1000_std": -0.13729270224646228,
        "nauc_map_at_100_diff1": 0.48590734023818943,
        "nauc_map_at_100_max": 0.46225282630891446,
        "nauc_map_at_100_std": -0.1374206715222136,
        "nauc_map_at_10_diff1": 0.48510721295835013,
        "nauc_map_at_10_max": 0.4528263239016044,
        "nauc_map_at_10_std": -0.14843209051879455,
        "nauc_map_at_1_diff1": 0.542305893512024,
        "nauc_map_at_1_max": 0.36642226257327604,
        "nauc_map_at_1_std": -0.15097935012921132,
        "nauc_map_at_20_diff1": 0.484785036260595,
        "nauc_map_at_20_max": 0.4585923692711715,
        "nauc_map_at_20_std": -0.1431362580906344,
        "nauc_map_at_3_diff1": 0.4926635561721532,
        "nauc_map_at_3_max": 0.42179961984375375,
        "nauc_map_at_3_std": -0.16002787870535254,
        "nauc_map_at_5_diff1": 0.48518672213133934,
        "nauc_map_at_5_max": 0.4384909647424373,
        "nauc_map_at_5_std": -0.15474468249705225,
        "nauc_mrr_at_1000_diff1": 0.555092160636095,
        "nauc_mrr_at_1000_max": 0.5415038602987764,
        "nauc_mrr_at_1000_std": -0.09613945341527913,
        "nauc_mrr_at_100_diff1": 0.5548532698071246,
        "nauc_mrr_at_100_max": 0.5413452391307545,
        "nauc_mrr_at_100_std": -0.09596114412641205,
        "nauc_mrr_at_10_diff1": 0.5544802845807367,
        "nauc_mrr_at_10_max": 0.5400181062489795,
        "nauc_mrr_at_10_std": -0.09904630341166533,
        "nauc_mrr_at_1_diff1": 0.6073782062281425,
        "nauc_mrr_at_1_max": 0.5573256138954666,
        "nauc_mrr_at_1_std": -0.09890716626153875,
        "nauc_mrr_at_20_diff1": 0.5539265746544972,
        "nauc_mrr_at_20_max": 0.5410500302800187,
        "nauc_mrr_at_20_std": -0.09691068932077983,
        "nauc_mrr_at_3_diff1": 0.5647761047172919,
        "nauc_mrr_at_3_max": 0.5453793002715779,
        "nauc_mrr_at_3_std": -0.10649441908414067,
        "nauc_mrr_at_5_diff1": 0.5555617912965228,
        "nauc_mrr_at_5_max": 0.5399555457247456,
        "nauc_mrr_at_5_std": -0.10142790567526551,
        "nauc_ndcg_at_1000_diff1": 0.4906600970282115,
        "nauc_ndcg_at_1000_max": 0.4943568132132011,
        "nauc_ndcg_at_1000_std": -0.10349570204342949,
        "nauc_ndcg_at_100_diff1": 0.4814322660777016,
        "nauc_ndcg_at_100_max": 0.4895013610366994,
        "nauc_ndcg_at_100_std": -0.09713085872235808,
        "nauc_ndcg_at_10_diff1": 0.47902885013224494,
        "nauc_ndcg_at_10_max": 0.47086646076756256,
        "nauc_ndcg_at_10_std": -0.13442713293698377,
        "nauc_ndcg_at_1_diff1": 0.6073782062281425,
        "nauc_ndcg_at_1_max": 0.5573256138954666,
        "nauc_ndcg_at_1_std": -0.09890716626153875,
        "nauc_ndcg_at_20_diff1": 0.47578594944434893,
        "nauc_ndcg_at_20_max": 0.47912726911623577,
        "nauc_ndcg_at_20_std": -0.12205789891166205,
        "nauc_ndcg_at_3_diff1": 0.498249450628757,
        "nauc_ndcg_at_3_max": 0.48114844212855123,
        "nauc_ndcg_at_3_std": -0.13235822728995608,
        "nauc_ndcg_at_5_diff1": 0.48258068588975905,
        "nauc_ndcg_at_5_max": 0.4668998819880131,
        "nauc_ndcg_at_5_std": -0.13594984972572963,
        "nauc_precision_at_1000_diff1": 0.023978075604961773,
        "nauc_precision_at_1000_max": 0.27414855152237727,
        "nauc_precision_at_1000_std": 0.19071267870295774,
        "nauc_precision_at_100_diff1": 0.06844515149569538,
        "nauc_precision_at_100_max": 0.34032940030614933,
        "nauc_precision_at_100_std": 0.18709035259531062,
        "nauc_precision_at_10_diff1": 0.21139378616651824,
        "nauc_precision_at_10_max": 0.463710713993048,
        "nauc_precision_at_10_std": 0.024974608850042174,
        "nauc_precision_at_1_diff1": 0.6073782062281425,
        "nauc_precision_at_1_max": 0.5573256138954666,
        "nauc_precision_at_1_std": -0.09890716626153875,
        "nauc_precision_at_20_diff1": 0.15733417994214605,
        "nauc_precision_at_20_max": 0.43026376473360023,
        "nauc_precision_at_20_std": 0.07445109391363404,
        "nauc_precision_at_3_diff1": 0.34360605498191976,
        "nauc_precision_at_3_max": 0.51667838753117,
        "nauc_precision_at_3_std": -0.05290664631870693,
        "nauc_precision_at_5_diff1": 0.2740731311331386,
        "nauc_precision_at_5_max": 0.4972122935074994,
        "nauc_precision_at_5_std": -0.018546245458857396,
        "nauc_recall_at_1000_diff1": 0.04849075516800818,
        "nauc_recall_at_1000_max": 0.5479173592789214,
        "nauc_recall_at_1000_std": 0.551887992220029,
        "nauc_recall_at_100_diff1": 0.2508367443193313,
        "nauc_recall_at_100_max": 0.3870111777087637,
        "nauc_recall_at_100_std": 0.11186105148355271,
        "nauc_recall_at_10_diff1": 0.3570494761647311,
        "nauc_recall_at_10_max": 0.3784365026400892,
        "nauc_recall_at_10_std": -0.13683518389204863,
        "nauc_recall_at_1_diff1": 0.542305893512024,
        "nauc_recall_at_1_max": 0.36642226257327604,
        "nauc_recall_at_1_std": -0.15097935012921132,
        "nauc_recall_at_20_diff1": 0.3160817695409867,
        "nauc_recall_at_20_max": 0.3823664576127433,
        "nauc_recall_at_20_std": -0.09181670878506952,
        "nauc_recall_at_3_diff1": 0.42058258004772275,
        "nauc_recall_at_3_max": 0.3754617110024959,
        "nauc_recall_at_3_std": -0.16491442526617825,
        "nauc_recall_at_5_diff1": 0.37752516749711057,
        "nauc_recall_at_5_max": 0.3699258973879112,
        "nauc_recall_at_5_std": -0.15074154809139378,
        "ndcg_at_1": 0.3951,
        "ndcg_at_10": 0.45312,
        "ndcg_at_100": 0.52526,
        "ndcg_at_1000": 0.54431,
        "ndcg_at_20": 0.48082,
        "ndcg_at_3": 0.40024,
        "ndcg_at_5": 0.42184,
        "precision_at_1": 0.3951,
        "precision_at_10": 0.10148,
        "precision_at_100": 0.01595,
        "precision_at_1000": 0.00183,
        "precision_at_20": 0.05986,
        "precision_at_3": 0.22647,
        "precision_at_5": 0.16414,
        "recall_at_1": 0.25882,
        "recall_at_10": 0.55751,
        "recall_at_100": 0.85722,
        "recall_at_1000": 0.98563,
        "recall_at_20": 0.65256,
        "recall_at_3": 0.39895,
        "recall_at_5": 0.46651
      }
    ]
  },
  "task_name": "CmedqaRetrieval"
}