{
  "dataset_revision": "1271c7809071a13532e05f25fb53511ffce77117",
  "evaluation_time": 1150.6155622005463,
  "kg_co2_emissions": null,
  "mteb_version": "1.14.18",
  "scores": {
    "dev": [
      {
        "hf_subset": "default",
        "languages": [
          "cmn-Hans"
        ],
        "main_score": 0.85602,
        "map_at_1": 0.73525,
        "map_at_10": 0.82088,
        "map_at_100": 0.82245,
        "map_at_1000": 0.82246,
        "map_at_20": 0.82203,
        "map_at_3": 0.80594,
        "map_at_5": 0.81736,
        "mrr_at_1": 0.7355110642781876,
        "mrr_at_10": 0.8196292672320074,
        "mrr_at_100": 0.821300872575993,
        "mrr_at_1000": 0.8213141794585218,
        "mrr_at_20": 0.8208795067561183,
        "mrr_at_3": 0.805233579206182,
        "mrr_at_5": 0.8161924833157712,
        "nauc_map_at_1000_diff1": 0.8158200795800968,
        "nauc_map_at_1000_max": 0.4690691183727765,
        "nauc_map_at_1000_std": -0.379637104080183,
        "nauc_map_at_100_diff1": 0.8158129614337566,
        "nauc_map_at_100_max": 0.469102616795342,
        "nauc_map_at_100_std": -0.37953126933040726,
        "nauc_map_at_10_diff1": 0.8157896618451984,
        "nauc_map_at_10_max": 0.4706400639985698,
        "nauc_map_at_10_std": -0.38142142714477556,
        "nauc_map_at_1_diff1": 0.8305658063595258,
        "nauc_map_at_1_max": 0.43237166765561835,
        "nauc_map_at_1_std": -0.3827312286133717,
        "nauc_map_at_20_diff1": 0.8155637874210797,
        "nauc_map_at_20_max": 0.46957196806972534,
        "nauc_map_at_20_std": -0.3780267621964083,
        "nauc_map_at_3_diff1": 0.8121086072209927,
        "nauc_map_at_3_max": 0.46513337005483035,
        "nauc_map_at_3_std": -0.40065591450003163,
        "nauc_map_at_5_diff1": 0.8153070542333716,
        "nauc_map_at_5_max": 0.47296931529346353,
        "nauc_map_at_5_std": -0.38951925726599684,
        "nauc_mrr_at_1000_diff1": 0.8196888051432667,
        "nauc_mrr_at_1000_max": 0.47118605173407896,
        "nauc_mrr_at_1000_std": -0.3759319654372575,
        "nauc_mrr_at_100_diff1": 0.8196814049221683,
        "nauc_mrr_at_100_max": 0.4712192079706356,
        "nauc_mrr_at_100_std": -0.37582696671560206,
        "nauc_mrr_at_10_diff1": 0.8195682632361385,
        "nauc_mrr_at_10_max": 0.4730345936912744,
        "nauc_mrr_at_10_std": -0.3774825437542097,
        "nauc_mrr_at_1_diff1": 0.8325661593077059,
        "nauc_mrr_at_1_max": 0.4442396251871602,
        "nauc_mrr_at_1_std": -0.369982211331384,
        "nauc_mrr_at_20_diff1": 0.8194234419718338,
        "nauc_mrr_at_20_max": 0.4716807158166322,
        "nauc_mrr_at_20_std": -0.37433960898031465,
        "nauc_mrr_at_3_diff1": 0.8152940392803795,
        "nauc_mrr_at_3_max": 0.47031623528752386,
        "nauc_mrr_at_3_std": -0.39367884034171496,
        "nauc_mrr_at_5_diff1": 0.8190476173502071,
        "nauc_mrr_at_5_max": 0.4754254126755133,
        "nauc_mrr_at_5_std": -0.3860867236636419,
        "nauc_ndcg_at_1000_diff1": 0.814217179646944,
        "nauc_ndcg_at_1000_max": 0.47648955785217634,
        "nauc_ndcg_at_1000_std": -0.36865316035163515,
        "nauc_ndcg_at_100_diff1": 0.8138331134098796,
        "nauc_ndcg_at_100_max": 0.47817908900680933,
        "nauc_ndcg_at_100_std": -0.36352817207681043,
        "nauc_ndcg_at_10_diff1": 0.8134042555814509,
        "nauc_ndcg_at_10_max": 0.48580264518360444,
        "nauc_ndcg_at_10_std": -0.366579107921787,
        "nauc_ndcg_at_1_diff1": 0.8271154668065389,
        "nauc_ndcg_at_1_max": 0.44358940935535357,
        "nauc_ndcg_at_1_std": -0.37063617595414816,
        "nauc_ndcg_at_20_diff1": 0.811909908379393,
        "nauc_ndcg_at_20_max": 0.48254583889811553,
        "nauc_ndcg_at_20_std": -0.34880991847510967,
        "nauc_ndcg_at_3_diff1": 0.8053963682804005,
        "nauc_ndcg_at_3_max": 0.4789053254863578,
        "nauc_ndcg_at_3_std": -0.4057419150238472,
        "nauc_ndcg_at_5_diff1": 0.8118223648106369,
        "nauc_ndcg_at_5_max": 0.49215765838755193,
        "nauc_ndcg_at_5_std": -0.38803687057067277,
        "nauc_precision_at_1000_diff1": -0.3998522442468165,
        "nauc_precision_at_1000_max": 0.24466951220132843,
        "nauc_precision_at_1000_std": 0.6229814742547873,
        "nauc_precision_at_100_diff1": -0.20025474221190995,
        "nauc_precision_at_100_max": 0.36141348657264766,
        "nauc_precision_at_100_std": 0.6721100349390865,
        "nauc_precision_at_10_diff1": 0.3733527141774165,
        "nauc_precision_at_10_max": 0.5109414527083056,
        "nauc_precision_at_10_std": 0.09617896990349589,
        "nauc_precision_at_1_diff1": 0.8271154668065389,
        "nauc_precision_at_1_max": 0.44358940935535357,
        "nauc_precision_at_1_std": -0.37063617595414816,
        "nauc_precision_at_20_diff1": 0.17517616008604586,
        "nauc_precision_at_20_max": 0.48701398560790793,
        "nauc_precision_at_20_std": 0.5205428515312482,
        "nauc_precision_at_3_diff1": 0.6449357851340591,
        "nauc_precision_at_3_max": 0.4901818000004478,
        "nauc_precision_at_3_std": -0.3472489704361692,
        "nauc_precision_at_5_diff1": 0.5261630803908262,
        "nauc_precision_at_5_max": 0.5550589014476837,
        "nauc_precision_at_5_std": -0.17654204773081278,
        "nauc_recall_at_1000_diff1": 0.8692657390825488,
        "nauc_recall_at_1000_max": 1.0,
        "nauc_recall_at_1000_std": 1.0,
        "nauc_recall_at_100_diff1": 0.747378562382236,
        "nauc_recall_at_100_max": 0.9182867807914981,
        "nauc_recall_at_100_std": 0.9182867807914981,
        "nauc_recall_at_10_diff1": 0.7935695836553457,
        "nauc_recall_at_10_max": 0.66474703701592,
        "nauc_recall_at_10_std": -0.1546474589381801,
        "nauc_recall_at_1_diff1": 0.8305658063595258,
        "nauc_recall_at_1_max": 0.43237166765561835,
        "nauc_recall_at_1_std": -0.3827312286133717,
        "nauc_recall_at_20_diff1": 0.7383380740989389,
        "nauc_recall_at_20_max": 0.7353805257771573,
        "nauc_recall_at_20_std": 0.4503734867479627,
        "nauc_recall_at_3_diff1": 0.7754301956586533,
        "nauc_recall_at_3_max": 0.5269101027399118,
        "nauc_recall_at_3_std": -0.4441972962380193,
        "nauc_recall_at_5_diff1": 0.7897917137822804,
        "nauc_recall_at_5_max": 0.6365101826977896,
        "nauc_recall_at_5_std": -0.38250440658490187,
        "ndcg_at_1": 0.73867,
        "ndcg_at_10": 0.85602,
        "ndcg_at_100": 0.86305,
        "ndcg_at_1000": 0.86356,
        "ndcg_at_20": 0.86008,
        "ndcg_at_3": 0.82737,
        "ndcg_at_5": 0.84764,
        "precision_at_1": 0.73867,
        "precision_at_10": 0.09737,
        "precision_at_100": 0.01005,
        "precision_at_1000": 0.00101,
        "precision_at_20": 0.04947,
        "precision_at_3": 0.29856,
        "precision_at_5": 0.18946,
        "recall_at_1": 0.73525,
        "recall_at_10": 0.96312,
        "recall_at_100": 0.99473,
        "recall_at_1000": 0.99895,
        "recall_at_20": 0.97893,
        "recall_at_3": 0.88778,
        "recall_at_5": 0.9373
      }
    ]
  },
  "task_name": "CovidRetrieval"
}