{
  "dataset_revision": "a1a333e290fe30b10f3f56498e3a0d911a693ced",
  "evaluation_time": 1153.3866930007935,
  "kg_co2_emissions": null,
  "mteb_version": "1.14.18",
  "scores": {
    "dev": [
      {
        "hf_subset": "default",
        "languages": [
          "cmn-Hans"
        ],
        "main_score": 0.87665,
        "map_at_1": 0.26875,
        "map_at_10": 0.80488,
        "map_at_100": 0.83257,
        "map_at_1000": 0.83297,
        "map_at_20": 0.82636,
        "map_at_3": 0.56006,
        "map_at_5": 0.70667,
        "mrr_at_1": 0.915,
        "mrr_at_10": 0.9384587301587297,
        "mrr_at_100": 0.9390700885372507,
        "mrr_at_1000": 0.93910483641814,
        "mrr_at_20": 0.9388047093837532,
        "mrr_at_3": 0.9359999999999995,
        "mrr_at_5": 0.9376499999999998,
        "nauc_map_at_1000_diff1": -0.0028518612290747637,
        "nauc_map_at_1000_max": 0.4688597490855959,
        "nauc_map_at_1000_std": 0.21525057842112566,
        "nauc_map_at_100_diff1": -0.0029597870731078437,
        "nauc_map_at_100_max": 0.46913426746137715,
        "nauc_map_at_100_std": 0.2155129457203842,
        "nauc_map_at_10_diff1": 0.04390954587259621,
        "nauc_map_at_10_max": 0.4219656190550836,
        "nauc_map_at_10_std": 0.10069244866175885,
        "nauc_map_at_1_diff1": 0.4220141665269891,
        "nauc_map_at_1_max": -0.1299559069331824,
        "nauc_map_at_1_std": -0.3072787343913976,
        "nauc_map_at_20_diff1": 0.006704483867968598,
        "nauc_map_at_20_max": 0.4641108568186229,
        "nauc_map_at_20_std": 0.19047615761810072,
        "nauc_map_at_3_diff1": 0.24605373701475924,
        "nauc_map_at_3_max": 0.04987625982543514,
        "nauc_map_at_3_std": -0.2246831827459827,
        "nauc_map_at_5_diff1": 0.14069446164981175,
        "nauc_map_at_5_max": 0.2112436492080233,
        "nauc_map_at_5_std": -0.10481760468968428,
        "nauc_mrr_at_1000_diff1": 0.3350069634665073,
        "nauc_mrr_at_1000_max": 0.7726267424425851,
        "nauc_mrr_at_1000_std": 0.3801822985583047,
        "nauc_mrr_at_100_diff1": 0.3350337055341193,
        "nauc_mrr_at_100_max": 0.7727095788492417,
        "nauc_mrr_at_100_std": 0.38034927864050627,
        "nauc_mrr_at_10_diff1": 0.33335556760167345,
        "nauc_mrr_at_10_max": 0.773497723266312,
        "nauc_mrr_at_10_std": 0.3826419716132986,
        "nauc_mrr_at_1_diff1": 0.34095402867029106,
        "nauc_mrr_at_1_max": 0.7200774427418023,
        "nauc_mrr_at_1_std": 0.30860657988685847,
        "nauc_mrr_at_20_diff1": 0.3349791915294353,
        "nauc_mrr_at_20_max": 0.7732540886020827,
        "nauc_mrr_at_20_std": 0.381531652921949,
        "nauc_mrr_at_3_diff1": 0.33565605061468967,
        "nauc_mrr_at_3_max": 0.7788610235760957,
        "nauc_mrr_at_3_std": 0.3847273284313745,
        "nauc_mrr_at_5_diff1": 0.33358429355882135,
        "nauc_mrr_at_5_max": 0.7750296322752565,
        "nauc_mrr_at_5_std": 0.3834609224604046,
        "nauc_ndcg_at_1000_diff1": 0.0381450890895441,
        "nauc_ndcg_at_1000_max": 0.5688136995887798,
        "nauc_ndcg_at_1000_std": 0.32355920553980183,
        "nauc_ndcg_at_100_diff1": 0.03535299393734232,
        "nauc_ndcg_at_100_max": 0.5729109212991114,
        "nauc_ndcg_at_100_std": 0.33396328588783464,
        "nauc_ndcg_at_10_diff1": 0.04071591514797161,
        "nauc_ndcg_at_10_max": 0.5158154291828408,
        "nauc_ndcg_at_10_std": 0.24962396279929713,
        "nauc_ndcg_at_1_diff1": 0.34095402867029106,
        "nauc_ndcg_at_1_max": 0.7200774427418023,
        "nauc_ndcg_at_1_std": 0.30860657988685847,
        "nauc_ndcg_at_20_diff1": 0.04038720526965098,
        "nauc_ndcg_at_20_max": 0.5568750961863804,
        "nauc_ndcg_at_20_std": 0.295141701589678,
        "nauc_ndcg_at_3_diff1": -0.03958983679045464,
        "nauc_ndcg_at_3_max": 0.5187870583374136,
        "nauc_ndcg_at_3_std": 0.2691799750922067,
        "nauc_ndcg_at_5_diff1": 0.014983435325042779,
        "nauc_ndcg_at_5_max": 0.4584227589276274,
        "nauc_ndcg_at_5_std": 0.20030483765542068,
        "nauc_precision_at_1000_diff1": -0.3109581567098239,
        "nauc_precision_at_1000_max": 0.19920468546120235,
        "nauc_precision_at_1000_std": 0.45415378544325313,
        "nauc_precision_at_100_diff1": -0.3164824723780189,
        "nauc_precision_at_100_max": 0.22274300921918394,
        "nauc_precision_at_100_std": 0.476690108129297,
        "nauc_precision_at_10_diff1": -0.32534759278654973,
        "nauc_precision_at_10_max": 0.3392508078647059,
        "nauc_precision_at_10_std": 0.4611997845694119,
        "nauc_precision_at_1_diff1": 0.34095402867029106,
        "nauc_precision_at_1_max": 0.7200774427418023,
        "nauc_precision_at_1_std": 0.30860657988685847,
        "nauc_precision_at_20_diff1": -0.32079269762208745,
        "nauc_precision_at_20_max": 0.2728385312999191,
        "nauc_precision_at_20_std": 0.4781032037981703,
        "nauc_precision_at_3_diff1": -0.34109732212275773,
        "nauc_precision_at_3_max": 0.5053255895960878,
        "nauc_precision_at_3_std": 0.4195166820323484,
        "nauc_precision_at_5_diff1": -0.34662375417867575,
        "nauc_precision_at_5_max": 0.4186202431569311,
        "nauc_precision_at_5_std": 0.4329369945902869,
        "nauc_recall_at_1000_diff1": 0.0004924000274156344,
        "nauc_recall_at_1000_max": 0.6605864390402382,
        "nauc_recall_at_1000_std": 0.7144160319243273,
        "nauc_recall_at_100_diff1": 0.01250750879848819,
        "nauc_recall_at_100_max": 0.6685456616597264,
        "nauc_recall_at_100_std": 0.6362794006853331,
        "nauc_recall_at_10_diff1": 0.08614611458072946,
        "nauc_recall_at_10_max": 0.4070540225534618,
        "nauc_recall_at_10_std": 0.09654133917674268,
        "nauc_recall_at_1_diff1": 0.4220141665269891,
        "nauc_recall_at_1_max": -0.1299559069331824,
        "nauc_recall_at_1_std": -0.3072787343913976,
        "nauc_recall_at_20_diff1": 0.048180639618491346,
        "nauc_recall_at_20_max": 0.54482620773141,
        "nauc_recall_at_20_std": 0.3325989975025311,
        "nauc_recall_at_3_diff1": 0.2414804038811287,
        "nauc_recall_at_3_max": 0.00808029392941984,
        "nauc_recall_at_3_std": -0.24926474681180308,
        "nauc_recall_at_5_diff1": 0.1580431371885405,
        "nauc_recall_at_5_max": 0.13495926976908004,
        "nauc_recall_at_5_std": -0.16173995650433454,
        "ndcg_at_1": 0.915,
        "ndcg_at_10": 0.87665,
        "ndcg_at_100": 0.90316,
        "ndcg_at_1000": 0.90701,
        "ndcg_at_20": 0.89124,
        "ndcg_at_3": 0.86676,
        "ndcg_at_5": 0.85673,
        "precision_at_1": 0.915,
        "precision_at_10": 0.41765,
        "precision_at_100": 0.04789,
        "precision_at_1000": 0.00488,
        "precision_at_20": 0.22733,
        "precision_at_3": 0.77417,
        "precision_at_5": 0.6548,
        "recall_at_1": 0.26875,
        "recall_at_10": 0.88391,
        "recall_at_100": 0.97186,
        "recall_at_1000": 0.99197,
        "recall_at_20": 0.932,
        "recall_at_3": 0.57786,
        "recall_at_5": 0.74847
      }
    ]
  },
  "task_name": "DuRetrieval"
}