{
  "dataset_revision": "687de13dc7294d6fd9be10c6945f9e8fec8166b9",
  "evaluation_time": 145.728773355484,
  "kg_co2_emissions": null,
  "mteb_version": "1.14.18",
  "scores": {
    "dev": [
      {
        "hf_subset": "default",
        "languages": [
          "cmn-Hans"
        ],
        "main_score": 0.66053,
        "map_at_1": 0.497,
        "map_at_10": 0.60459,
        "map_at_100": 0.6102,
        "map_at_1000": 0.61032,
        "map_at_20": 0.60804,
        "map_at_3": 0.57283,
        "map_at_5": 0.59393,
        "mrr_at_1": 0.497,
        "mrr_at_10": 0.6045908730158734,
        "mrr_at_100": 0.610201304313099,
        "mrr_at_1000": 0.6103194274014133,
        "mrr_at_20": 0.6080420342514389,
        "mrr_at_3": 0.5728333333333334,
        "mrr_at_5": 0.5939333333333335,
        "nauc_map_at_1000_diff1": 0.6857243184880399,
        "nauc_map_at_1000_max": 0.3168004911770344,
        "nauc_map_at_1000_std": -0.12609042378625432,
        "nauc_map_at_100_diff1": 0.6856918433406932,
        "nauc_map_at_100_max": 0.31694411388792304,
        "nauc_map_at_100_std": -0.12591134019705907,
        "nauc_map_at_10_diff1": 0.6834724927028242,
        "nauc_map_at_10_max": 0.3165483065572254,
        "nauc_map_at_10_std": -0.12753644458911131,
        "nauc_map_at_1_diff1": 0.730000039931371,
        "nauc_map_at_1_max": 0.2935528138971819,
        "nauc_map_at_1_std": -0.1550881218811936,
        "nauc_map_at_20_diff1": 0.684838218753659,
        "nauc_map_at_20_max": 0.31709968591695126,
        "nauc_map_at_20_std": -0.1259267944665066,
        "nauc_map_at_3_diff1": 0.6848793200332035,
        "nauc_map_at_3_max": 0.3047451648173498,
        "nauc_map_at_3_std": -0.1370196966575777,
        "nauc_map_at_5_diff1": 0.683819405582125,
        "nauc_map_at_5_max": 0.3142937845561706,
        "nauc_map_at_5_std": -0.1292983056408189,
        "nauc_mrr_at_1000_diff1": 0.6857243184880399,
        "nauc_mrr_at_1000_max": 0.3168004911770344,
        "nauc_mrr_at_1000_std": -0.12609042378625432,
        "nauc_mrr_at_100_diff1": 0.6856918433406932,
        "nauc_mrr_at_100_max": 0.31694411388792304,
        "nauc_mrr_at_100_std": -0.12591134019705907,
        "nauc_mrr_at_10_diff1": 0.6834724927028242,
        "nauc_mrr_at_10_max": 0.3165483065572254,
        "nauc_mrr_at_10_std": -0.12753644458911131,
        "nauc_mrr_at_1_diff1": 0.730000039931371,
        "nauc_mrr_at_1_max": 0.2935528138971819,
        "nauc_mrr_at_1_std": -0.1550881218811936,
        "nauc_mrr_at_20_diff1": 0.684838218753659,
        "nauc_mrr_at_20_max": 0.31709968591695126,
        "nauc_mrr_at_20_std": -0.1259267944665066,
        "nauc_mrr_at_3_diff1": 0.6848793200332035,
        "nauc_mrr_at_3_max": 0.3047451648173498,
        "nauc_mrr_at_3_std": -0.1370196966575777,
        "nauc_mrr_at_5_diff1": 0.683819405582125,
        "nauc_mrr_at_5_max": 0.3142937845561706,
        "nauc_mrr_at_5_std": -0.1292983056408189,
        "nauc_ndcg_at_1000_diff1": 0.6775453346521687,
        "nauc_ndcg_at_1000_max": 0.3342033929159111,
        "nauc_ndcg_at_1000_std": -0.10063000426826016,
        "nauc_ndcg_at_100_diff1": 0.6759238117027003,
        "nauc_ndcg_at_100_max": 0.33911648144000944,
        "nauc_ndcg_at_100_std": -0.0937955377316974,
        "nauc_ndcg_at_10_diff1": 0.6644325739770682,
        "nauc_ndcg_at_10_max": 0.33614469769509336,
        "nauc_ndcg_at_10_std": -0.1057591440570807,
        "nauc_ndcg_at_1_diff1": 0.730000039931371,
        "nauc_ndcg_at_1_max": 0.2935528138971819,
        "nauc_ndcg_at_1_std": -0.1550881218811936,
        "nauc_ndcg_at_20_diff1": 0.6696721983906515,
        "nauc_ndcg_at_20_max": 0.33991576001651636,
        "nauc_ndcg_at_20_std": -0.09707355562645831,
        "nauc_ndcg_at_3_diff1": 0.6699663751979258,
        "nauc_ndcg_at_3_max": 0.30857100447469316,
        "nauc_ndcg_at_3_std": -0.12947972769631222,
        "nauc_ndcg_at_5_diff1": 0.6667979022733311,
        "nauc_ndcg_at_5_max": 0.32831464790847487,
        "nauc_ndcg_at_5_std": -0.1125611144863376,
        "nauc_precision_at_1000_diff1": 0.6303749570003356,
        "nauc_precision_at_1000_max": 0.9627745835176084,
        "nauc_precision_at_1000_std": 0.978500171998624,
        "nauc_precision_at_100_diff1": 0.5796515575927317,
        "nauc_precision_at_100_max": 0.8244843391902286,
        "nauc_precision_at_100_std": 0.6776801629742846,
        "nauc_precision_at_10_diff1": 0.55714527037218,
        "nauc_precision_at_10_max": 0.458109355486779,
        "nauc_precision_at_10_std": 0.028240816154155857,
        "nauc_precision_at_1_diff1": 0.730000039931371,
        "nauc_precision_at_1_max": 0.2935528138971819,
        "nauc_precision_at_1_std": -0.1550881218811936,
        "nauc_precision_at_20_diff1": 0.5657562543034185,
        "nauc_precision_at_20_max": 0.537575002459097,
        "nauc_precision_at_20_std": 0.15663218466179152,
        "nauc_precision_at_3_diff1": 0.6208327994010971,
        "nauc_precision_at_3_max": 0.3212243122390763,
        "nauc_precision_at_3_std": -0.10403922547227673,
        "nauc_precision_at_5_diff1": 0.5974625767932847,
        "nauc_precision_at_5_max": 0.3903132300770087,
        "nauc_precision_at_5_std": -0.03914078047936456,
        "nauc_recall_at_1000_diff1": 0.6303749570003423,
        "nauc_recall_at_1000_max": 0.9627745835176192,
        "nauc_recall_at_1000_std": 0.9785001719986275,
        "nauc_recall_at_100_diff1": 0.579651557592737,
        "nauc_recall_at_100_max": 0.8244843391902197,
        "nauc_recall_at_100_std": 0.6776801629742801,
        "nauc_recall_at_10_diff1": 0.5571452703721806,
        "nauc_recall_at_10_max": 0.4581093554867779,
        "nauc_recall_at_10_std": 0.028240816154157505,
        "nauc_recall_at_1_diff1": 0.730000039931371,
        "nauc_recall_at_1_max": 0.2935528138971819,
        "nauc_recall_at_1_std": -0.1550881218811936,
        "nauc_recall_at_20_diff1": 0.56575625430342,
        "nauc_recall_at_20_max": 0.5375750024590962,
        "nauc_recall_at_20_std": 0.15663218466179282,
        "nauc_recall_at_3_diff1": 0.6208327994010966,
        "nauc_recall_at_3_max": 0.32122431223907555,
        "nauc_recall_at_3_std": -0.10403922547227734,
        "nauc_recall_at_5_diff1": 0.597462576793286,
        "nauc_recall_at_5_max": 0.3903132300770096,
        "nauc_recall_at_5_std": -0.03914078047936332,
        "ndcg_at_1": 0.497,
        "ndcg_at_10": 0.66053,
        "ndcg_at_100": 0.68661,
        "ndcg_at_1000": 0.68974,
        "ndcg_at_20": 0.67265,
        "ndcg_at_3": 0.5973,
        "ndcg_at_5": 0.63525,
        "precision_at_1": 0.497,
        "precision_at_10": 0.0837,
        "precision_at_100": 0.00956,
        "precision_at_1000": 0.00098,
        "precision_at_20": 0.0442,
        "precision_at_3": 0.22267,
        "precision_at_5": 0.152,
        "recall_at_1": 0.497,
        "recall_at_10": 0.837,
        "recall_at_100": 0.956,
        "recall_at_1000": 0.981,
        "recall_at_20": 0.884,
        "recall_at_3": 0.668,
        "recall_at_5": 0.76
      }
    ]
  },
  "task_name": "EcomRetrieval"
}