{
  "dataset_revision": "2039188fb5800a9803ba5048df7b76e6fb151fc6",
  "evaluation_time": 504.5060725212097,
  "kg_co2_emissions": null,
  "mteb_version": "1.14.18",
  "scores": {
    "dev": [
      {
        "hf_subset": "default",
        "languages": [
          "cmn-Hans"
        ],
        "main_score": 0.64214,
        "map_at_1": 0.545,
        "map_at_10": 0.61047,
        "map_at_100": 0.61644,
        "map_at_1000": 0.61694,
        "map_at_20": 0.61397,
        "map_at_3": 0.597,
        "map_at_5": 0.60345,
        "mrr_at_1": 0.546,
        "mrr_at_10": 0.6109734126984123,
        "mrr_at_100": 0.6169423130758436,
        "mrr_at_1000": 0.617436298733477,
        "mrr_at_20": 0.6144723905136824,
        "mrr_at_3": 0.5974999999999999,
        "mrr_at_5": 0.60395,
        "nauc_map_at_1000_diff1": 0.766789448157441,
        "nauc_map_at_1000_max": 0.566073011542301,
        "nauc_map_at_1000_std": 0.08783201805931962,
        "nauc_map_at_100_diff1": 0.7665060031549016,
        "nauc_map_at_100_max": 0.5658371560353127,
        "nauc_map_at_100_std": 0.08798972895000158,
        "nauc_map_at_10_diff1": 0.7667180943161073,
        "nauc_map_at_10_max": 0.5655614854527429,
        "nauc_map_at_10_std": 0.08405473137805504,
        "nauc_map_at_1_diff1": 0.8073716628141652,
        "nauc_map_at_1_max": 0.5803990307059506,
        "nauc_map_at_1_std": 0.07127523621304911,
        "nauc_map_at_20_diff1": 0.7655181176797787,
        "nauc_map_at_20_max": 0.5651018793271168,
        "nauc_map_at_20_std": 0.08792676595031423,
        "nauc_map_at_3_diff1": 0.7756835898876211,
        "nauc_map_at_3_max": 0.5760969203973297,
        "nauc_map_at_3_std": 0.08228911808305958,
        "nauc_map_at_5_diff1": 0.7710413691651238,
        "nauc_map_at_5_max": 0.5701419151840427,
        "nauc_map_at_5_std": 0.08480078814278974,
        "nauc_mrr_at_1000_diff1": 0.765580598326823,
        "nauc_mrr_at_1000_max": 0.5657291111443775,
        "nauc_mrr_at_1000_std": 0.08819677116622132,
        "nauc_mrr_at_100_diff1": 0.7652989231663482,
        "nauc_mrr_at_100_max": 0.565493668226426,
        "nauc_mrr_at_100_std": 0.08835399342963202,
        "nauc_mrr_at_10_diff1": 0.7655182730559009,
        "nauc_mrr_at_10_max": 0.5652154093382667,
        "nauc_mrr_at_10_std": 0.08439637214498921,
        "nauc_mrr_at_1_diff1": 0.8052425973619235,
        "nauc_mrr_at_1_max": 0.5797882603625748,
        "nauc_mrr_at_1_std": 0.07188018198647114,
        "nauc_mrr_at_20_diff1": 0.7643188490570567,
        "nauc_mrr_at_20_max": 0.564760345428095,
        "nauc_mrr_at_20_std": 0.08828845938095237,
        "nauc_mrr_at_3_diff1": 0.774521141171152,
        "nauc_mrr_at_3_max": 0.5757662054343513,
        "nauc_mrr_at_3_std": 0.082620570986321,
        "nauc_mrr_at_5_diff1": 0.7698626835399053,
        "nauc_mrr_at_5_max": 0.5698038789112151,
        "nauc_mrr_at_5_std": 0.08513756337973626,
        "nauc_ndcg_at_1000_diff1": 0.7547485432984902,
        "nauc_ndcg_at_1000_max": 0.5588897600801701,
        "nauc_ndcg_at_1000_std": 0.09917649085192533,
        "nauc_ndcg_at_100_diff1": 0.746511757843996,
        "nauc_ndcg_at_100_max": 0.5524170545413034,
        "nauc_ndcg_at_100_std": 0.10622618622614705,
        "nauc_ndcg_at_10_diff1": 0.7459219884589403,
        "nauc_ndcg_at_10_max": 0.5511312930784217,
        "nauc_ndcg_at_10_std": 0.09036812619013158,
        "nauc_ndcg_at_1_diff1": 0.8073716628141652,
        "nauc_ndcg_at_1_max": 0.5803990307059506,
        "nauc_ndcg_at_1_std": 0.07127523621304911,
        "nauc_ndcg_at_20_diff1": 0.741180609804943,
        "nauc_ndcg_at_20_max": 0.5487830820953927,
        "nauc_ndcg_at_20_std": 0.10478167145437817,
        "nauc_ndcg_at_3_diff1": 0.766020344817586,
        "nauc_ndcg_at_3_max": 0.5734057192644061,
        "nauc_ndcg_at_3_std": 0.08604796033948434,
        "nauc_ndcg_at_5_diff1": 0.7572992218386134,
        "nauc_ndcg_at_5_max": 0.5624302787378194,
        "nauc_ndcg_at_5_std": 0.0904308876914932,
        "nauc_precision_at_1000_diff1": 0.6774354186118872,
        "nauc_precision_at_1000_max": 0.5494553376906227,
        "nauc_precision_at_1000_std": 0.40641145347027025,
        "nauc_precision_at_100_diff1": 0.5929129139127971,
        "nauc_precision_at_100_max": 0.44015432766743656,
        "nauc_precision_at_100_std": 0.2827051459203886,
        "nauc_precision_at_10_diff1": 0.6601322925125365,
        "nauc_precision_at_10_max": 0.4888130807180187,
        "nauc_precision_at_10_std": 0.11690667297796752,
        "nauc_precision_at_1_diff1": 0.8073716628141652,
        "nauc_precision_at_1_max": 0.5803990307059506,
        "nauc_precision_at_1_std": 0.07127523621304911,
        "nauc_precision_at_20_diff1": 0.6198062863997404,
        "nauc_precision_at_20_max": 0.4640340990000547,
        "nauc_precision_at_20_std": 0.19974753996278358,
        "nauc_precision_at_3_diff1": 0.7356321074571873,
        "nauc_precision_at_3_max": 0.5644063033656863,
        "nauc_precision_at_3_std": 0.09802408741039549,
        "nauc_precision_at_5_diff1": 0.7105606372886367,
        "nauc_precision_at_5_max": 0.534577590349146,
        "nauc_precision_at_5_std": 0.1096351888650496,
        "nauc_recall_at_1000_diff1": 0.6774354186118867,
        "nauc_recall_at_1000_max": 0.5494553376906335,
        "nauc_recall_at_1000_std": 0.4064114534702849,
        "nauc_recall_at_100_diff1": 0.5929129139127975,
        "nauc_recall_at_100_max": 0.4401543276674379,
        "nauc_recall_at_100_std": 0.28270514592038914,
        "nauc_recall_at_10_diff1": 0.6601322925125375,
        "nauc_recall_at_10_max": 0.48881308071801904,
        "nauc_recall_at_10_std": 0.11690667297796861,
        "nauc_recall_at_1_diff1": 0.8073716628141652,
        "nauc_recall_at_1_max": 0.5803990307059506,
        "nauc_recall_at_1_std": 0.07127523621304911,
        "nauc_recall_at_20_diff1": 0.6198062863997416,
        "nauc_recall_at_20_max": 0.464034099000055,
        "nauc_recall_at_20_std": 0.19974753996278233,
        "nauc_recall_at_3_diff1": 0.7356321074571868,
        "nauc_recall_at_3_max": 0.5644063033656859,
        "nauc_recall_at_3_std": 0.09802408741039516,
        "nauc_recall_at_5_diff1": 0.7105606372886367,
        "nauc_recall_at_5_max": 0.5345775903491462,
        "nauc_recall_at_5_std": 0.10963518886504978,
        "ndcg_at_1": 0.545,
        "ndcg_at_10": 0.64214,
        "ndcg_at_100": 0.67233,
        "ndcg_at_1000": 0.68501,
        "ndcg_at_20": 0.65466,
        "ndcg_at_3": 0.61347,
        "ndcg_at_5": 0.62505,
        "precision_at_1": 0.545,
        "precision_at_10": 0.0742,
        "precision_at_100": 0.00886,
        "precision_at_1000": 0.00099,
        "precision_at_20": 0.03955,
        "precision_at_3": 0.22033,
        "precision_at_5": 0.1378,
        "recall_at_1": 0.545,
        "recall_at_10": 0.742,
        "recall_at_100": 0.886,
        "recall_at_1000": 0.985,
        "recall_at_20": 0.791,
        "recall_at_3": 0.661,
        "recall_at_5": 0.689
      }
    ]
  },
  "task_name": "MedicalRetrieval"
}