{
  "dataset_revision": "539bbde593d947e2a124ba72651aafc09eb33fc2",
  "evaluation_time": 509.2045841217041,
  "kg_co2_emissions": null,
  "mteb_version": "1.14.18",
  "scores": {
    "dev": [
      {
        "hf_subset": "default",
        "languages": [
          "cmn-Hans"
        ],
        "main_score": 0.78682,
        "map_at_1": 0.65075,
        "map_at_10": 0.74611,
        "map_at_100": 0.74966,
        "map_at_1000": 0.74974,
        "map_at_20": 0.74853,
        "map_at_3": 0.72568,
        "map_at_5": 0.73866,
        "mrr_at_1": 0.6730659025787966,
        "mrr_at_10": 0.752530699959066,
        "mrr_at_100": 0.7556773025053705,
        "mrr_at_1000": 0.755748225190915,
        "mrr_at_20": 0.7546751094530283,
        "mrr_at_3": 0.7345749761222544,
        "mrr_at_5": 0.7458858643744012,
        "nauc_map_at_1000_diff1": 0.7635480190783648,
        "nauc_map_at_1000_max": 0.472261267352119,
        "nauc_map_at_1000_std": -0.09983788016046809,
        "nauc_map_at_100_diff1": 0.7635222555408449,
        "nauc_map_at_100_max": 0.4723501317889324,
        "nauc_map_at_100_std": -0.09962935278578945,
        "nauc_map_at_10_diff1": 0.7620473895407693,
        "nauc_map_at_10_max": 0.4736149303330133,
        "nauc_map_at_10_std": -0.09996814954852025,
        "nauc_map_at_1_diff1": 0.7788812989901783,
        "nauc_map_at_1_max": 0.4048341720606954,
        "nauc_map_at_1_std": -0.15074863181303844,
        "nauc_map_at_20_diff1": 0.763273199134249,
        "nauc_map_at_20_max": 0.47333133703346175,
        "nauc_map_at_20_std": -0.09954398529653995,
        "nauc_map_at_3_diff1": 0.7610263187609795,
        "nauc_map_at_3_max": 0.461107855181594,
        "nauc_map_at_3_std": -0.11379574944093757,
        "nauc_map_at_5_diff1": 0.7621311481710084,
        "nauc_map_at_5_max": 0.4730608702496026,
        "nauc_map_at_5_std": -0.10519483453559049,
        "nauc_mrr_at_1000_diff1": 0.7685774024848261,
        "nauc_mrr_at_1000_max": 0.4783925876744874,
        "nauc_mrr_at_1000_std": -0.09200029759256563,
        "nauc_mrr_at_100_diff1": 0.7685455983420022,
        "nauc_mrr_at_100_max": 0.47846913483677406,
        "nauc_mrr_at_100_std": -0.091805357332006,
        "nauc_mrr_at_10_diff1": 0.7673138629197084,
        "nauc_mrr_at_10_max": 0.48007831938699,
        "nauc_mrr_at_10_std": -0.09134154128882,
        "nauc_mrr_at_1_diff1": 0.7898844098498835,
        "nauc_mrr_at_1_max": 0.4429636332488482,
        "nauc_mrr_at_1_std": -0.13904153348395296,
        "nauc_mrr_at_20_diff1": 0.7682438586389448,
        "nauc_mrr_at_20_max": 0.47938248229417507,
        "nauc_mrr_at_20_std": -0.09141319662230948,
        "nauc_mrr_at_3_diff1": 0.7668706750602947,
        "nauc_mrr_at_3_max": 0.47259816725031456,
        "nauc_mrr_at_3_std": -0.09987905448486419,
        "nauc_mrr_at_5_diff1": 0.76764077143316,
        "nauc_mrr_at_5_max": 0.4801527977851308,
        "nauc_mrr_at_5_std": -0.09455585361598703,
        "nauc_ndcg_at_1000_diff1": 0.7606452838914709,
        "nauc_ndcg_at_1000_max": 0.48569181268364725,
        "nauc_ndcg_at_1000_std": -0.07631746785454824,
        "nauc_ndcg_at_100_diff1": 0.7599940976957702,
        "nauc_ndcg_at_100_max": 0.48879579187002203,
        "nauc_ndcg_at_100_std": -0.06922189656921449,
        "nauc_ndcg_at_10_diff1": 0.7536863593339848,
        "nauc_ndcg_at_10_max": 0.49775649380492937,
        "nauc_ndcg_at_10_std": -0.068445730309436,
        "nauc_ndcg_at_1_diff1": 0.7898844098498835,
        "nauc_ndcg_at_1_max": 0.4429636332488482,
        "nauc_ndcg_at_1_std": -0.13904153348395296,
        "nauc_ndcg_at_20_diff1": 0.7578838219867347,
        "nauc_ndcg_at_20_max": 0.49655318053546504,
        "nauc_ndcg_at_20_std": -0.06689807185336755,
        "nauc_ndcg_at_3_diff1": 0.7530591021663078,
        "nauc_ndcg_at_3_max": 0.4749628733123415,
        "nauc_ndcg_at_3_std": -0.09661454392335435,
        "nauc_ndcg_at_5_diff1": 0.7545617095798406,
        "nauc_ndcg_at_5_max": 0.495890904895885,
        "nauc_ndcg_at_5_std": -0.08163283680296379,
        "nauc_precision_at_1000_diff1": -0.17152403689024281,
        "nauc_precision_at_1000_max": 0.12522044392387763,
        "nauc_precision_at_1000_std": 0.24148819626131496,
        "nauc_precision_at_100_diff1": -0.06676874451344221,
        "nauc_precision_at_100_max": 0.21201224123215395,
        "nauc_precision_at_100_std": 0.2900622603907548,
        "nauc_precision_at_10_diff1": 0.2313334982589946,
        "nauc_precision_at_10_max": 0.40386654096656927,
        "nauc_precision_at_10_std": 0.18355483146752077,
        "nauc_precision_at_1_diff1": 0.7898844098498835,
        "nauc_precision_at_1_max": 0.4429636332488482,
        "nauc_precision_at_1_std": -0.13904153348395296,
        "nauc_precision_at_20_diff1": 0.12502341147587204,
        "nauc_precision_at_20_max": 0.3510626379057477,
        "nauc_precision_at_20_std": 0.23735917706601195,
        "nauc_precision_at_3_diff1": 0.4796116146264852,
        "nauc_precision_at_3_max": 0.44319314088665224,
        "nauc_precision_at_3_std": 0.017009557978137177,
        "nauc_precision_at_5_diff1": 0.3724100378937765,
        "nauc_precision_at_5_max": 0.45162354416033634,
        "nauc_precision_at_5_std": 0.08923303881500363,
        "nauc_recall_at_1000_diff1": 0.6428652152503663,
        "nauc_recall_at_1000_max": 0.7090305862979255,
        "nauc_recall_at_1000_std": 0.6885630332824628,
        "nauc_recall_at_100_diff1": 0.6795499936050744,
        "nauc_recall_at_100_max": 0.7388602873830593,
        "nauc_recall_at_100_std": 0.5989808868856134,
        "nauc_recall_at_10_diff1": 0.6772971590946956,
        "nauc_recall_at_10_max": 0.6403792743736973,
        "nauc_recall_at_10_std": 0.1277570406348066,
        "nauc_recall_at_1_diff1": 0.7788812989901783,
        "nauc_recall_at_1_max": 0.4048341720606954,
        "nauc_recall_at_1_std": -0.15074863181303844,
        "nauc_recall_at_20_diff1": 0.6895928887336302,
        "nauc_recall_at_20_max": 0.7001360847135876,
        "nauc_recall_at_20_std": 0.2365665537449263,
        "nauc_recall_at_3_diff1": 0.7121173315818496,
        "nauc_recall_at_3_max": 0.506172816661547,
        "nauc_recall_at_3_std": -0.05269908316197509,
        "nauc_recall_at_5_diff1": 0.7060229627773803,
        "nauc_recall_at_5_max": 0.5890983842313702,
        "nauc_recall_at_5_std": 0.011727670165206639,
        "ndcg_at_1": 0.67307,
        "ndcg_at_10": 0.78682,
        "ndcg_at_100": 0.80246,
        "ndcg_at_1000": 0.80446,
        "ndcg_at_20": 0.79506,
        "ndcg_at_3": 0.74791,
        "ndcg_at_5": 0.76983,
        "precision_at_1": 0.67307,
        "precision_at_10": 0.09636,
        "precision_at_100": 0.0104,
        "precision_at_1000": 0.00106,
        "precision_at_20": 0.04992,
        "precision_at_3": 0.28324,
        "precision_at_5": 0.18158,
        "recall_at_1": 0.65075,
        "recall_at_10": 0.9063,
        "recall_at_100": 0.97621,
        "recall_at_1000": 0.99171,
        "recall_at_20": 0.93797,
        "recall_at_3": 0.80314,
        "recall_at_5": 0.85529
      }
    ]
  },
  "task_name": "MMarcoRetrieval"
}