{
  "dataset_revision": "76631901a18387f85eaa53e5450019b87ad58ef9",
  "evaluation_time": 1513.6412308216095,
  "kg_co2_emissions": null,
  "mteb_version": "1.14.18",
  "scores": {
    "dev": [
      {
        "hf_subset": "default",
        "languages": [
          "cmn-Hans"
        ],
        "main_score": 0.6842169137373587,
        "map": 0.6842169137373587,
        "mrr": 0.7873621051896272,
        "nAUC_map_diff1": -0.11185556424837896,
        "nAUC_map_max": 0.3533541158548261,
        "nAUC_map_std": -0.030268811303530735,
        "nAUC_mrr_diff1": -0.09385427283016096,
        "nAUC_mrr_max": 0.29623890280498266,
        "nAUC_mrr_std": -0.03690858862988285
      }
    ]
  },
  "task_name": "T2Reranking"
}