{
  "dataset_revision": "8731a845f1bf500a4f111cf1070785c793d10e64",
  "evaluation_time": 2001.9154341220856,
  "kg_co2_emissions": null,
  "mteb_version": "1.14.18",
  "scores": {
    "dev": [
      {
        "hf_subset": "default",
        "languages": [
          "cmn-Hans"
        ],
        "main_score": 0.8332,
        "map_at_1": 0.26784,
        "map_at_10": 0.7536,
        "map_at_100": 0.79102,
        "map_at_1000": 0.79172,
        "map_at_20": 0.78191,
        "map_at_3": 0.52802,
        "map_at_5": 0.64963,
        "mrr_at_1": 0.884797475013151,
        "mrr_at_10": 0.9148104485525619,
        "mrr_at_100": 0.9157979563175721,
        "mrr_at_1000": 0.9158346548570359,
        "mrr_at_20": 0.9154819821954685,
        "mrr_at_3": 0.9097185691741192,
        "mrr_at_5": 0.9129887778362292,
        "nauc_map_at_1000_diff1": 0.14299666235130504,
        "nauc_map_at_1000_max": 0.4582370624706079,
        "nauc_map_at_1000_std": 0.17794876250781302,
        "nauc_map_at_100_diff1": 0.14305414930256605,
        "nauc_map_at_100_max": 0.4571097600153977,
        "nauc_map_at_100_std": 0.1774286839985506,
        "nauc_map_at_10_diff1": 0.183456409104009,
        "nauc_map_at_10_max": 0.3352261981209171,
        "nauc_map_at_10_std": 0.03694674376857714,
        "nauc_map_at_1_diff1": 0.4970752925113839,
        "nauc_map_at_1_max": -0.2422601493685304,
        "nauc_map_at_1_std": -0.32465007552794295,
        "nauc_map_at_20_diff1": 0.1488110328267531,
        "nauc_map_at_20_max": 0.43211289262405506,
        "nauc_map_at_20_std": 0.14582525999234,
        "nauc_map_at_3_diff1": 0.36828646596642817,
        "nauc_map_at_3_max": -0.10966141581959123,
        "nauc_map_at_3_std": -0.29376356004644816,
        "nauc_map_at_5_diff1": 0.29752320987946584,
        "nauc_map_at_5_max": 0.056346383934128046,
        "nauc_map_at_5_std": -0.19696528387413428,
        "nauc_mrr_at_1000_diff1": 0.44776188082774593,
        "nauc_mrr_at_1000_max": 0.7553257402964406,
        "nauc_mrr_at_1000_std": 0.36491706586341094,
        "nauc_mrr_at_100_diff1": 0.4477659834374243,
        "nauc_mrr_at_100_max": 0.755394629351119,
        "nauc_mrr_at_100_std": 0.36506024669624454,
        "nauc_mrr_at_10_diff1": 0.447526433273036,
        "nauc_mrr_at_10_max": 0.756272160419648,
        "nauc_mrr_at_10_std": 0.3657221029306219,
        "nauc_mrr_at_1_diff1": 0.45225199952927697,
        "nauc_mrr_at_1_max": 0.7210349697616633,
        "nauc_mrr_at_1_std": 0.31074747863639635,
        "nauc_mrr_at_20_diff1": 0.44800320992151854,
        "nauc_mrr_at_20_max": 0.755888371400633,
        "nauc_mrr_at_20_std": 0.36586551274873413,
        "nauc_mrr_at_3_diff1": 0.44407670955589124,
        "nauc_mrr_at_3_max": 0.7566040584713458,
        "nauc_mrr_at_3_std": 0.3633829246811497,
        "nauc_mrr_at_5_diff1": 0.4465796485515008,
        "nauc_mrr_at_5_max": 0.7570353736433776,
        "nauc_mrr_at_5_std": 0.36558858649374476,
        "nauc_ndcg_at_1000_diff1": 0.18492813653431664,
        "nauc_ndcg_at_1000_max": 0.5771264376512006,
        "nauc_ndcg_at_1000_std": 0.293291644637956,
        "nauc_ndcg_at_100_diff1": 0.1812833288375782,
        "nauc_ndcg_at_100_max": 0.566336988971809,
        "nauc_ndcg_at_100_std": 0.29402174563803124,
        "nauc_ndcg_at_10_diff1": 0.1788799687768091,
        "nauc_ndcg_at_10_max": 0.46998570248908833,
        "nauc_ndcg_at_10_std": 0.18119080515571515,
        "nauc_ndcg_at_1_diff1": 0.4524868990554951,
        "nauc_ndcg_at_1_max": 0.7205742600632717,
        "nauc_ndcg_at_1_std": 0.31042481974009034,
        "nauc_ndcg_at_20_diff1": 0.1793502450610458,
        "nauc_ndcg_at_20_max": 0.5125849715691844,
        "nauc_ndcg_at_20_std": 0.23246373729663009,
        "nauc_ndcg_at_3_diff1": 0.14157887508143457,
        "nauc_ndcg_at_3_max": 0.627886905215856,
        "nauc_ndcg_at_3_std": 0.28704501553422473,
        "nauc_ndcg_at_5_diff1": 0.14209260213087108,
        "nauc_ndcg_at_5_max": 0.5572288269402026,
        "nauc_ndcg_at_5_std": 0.24134268780905208,
        "nauc_precision_at_1000_diff1": -0.3241330880584316,
        "nauc_precision_at_1000_max": 0.49888779172164543,
        "nauc_precision_at_1000_std": 0.5446717970683825,
        "nauc_precision_at_100_diff1": -0.32309361924034213,
        "nauc_precision_at_100_max": 0.5143916008952504,
        "nauc_precision_at_100_std": 0.5591856085349342,
        "nauc_precision_at_10_diff1": -0.3176978216768443,
        "nauc_precision_at_10_max": 0.5583784378553879,
        "nauc_precision_at_10_std": 0.5107599515092128,
        "nauc_precision_at_1_diff1": 0.4524868990554951,
        "nauc_precision_at_1_max": 0.7205742600632717,
        "nauc_precision_at_1_std": 0.31042481974009034,
        "nauc_precision_at_20_diff1": -0.321835367652321,
        "nauc_precision_at_20_max": 0.5386158107377976,
        "nauc_precision_at_20_std": 0.5465331879680354,
        "nauc_precision_at_3_diff1": -0.2481730191200949,
        "nauc_precision_at_3_max": 0.6537965809326616,
        "nauc_precision_at_3_std": 0.4356244928896483,
        "nauc_precision_at_5_diff1": -0.30359909385733064,
        "nauc_precision_at_5_max": 0.6081266828128128,
        "nauc_precision_at_5_std": 0.4698600944201704,
        "nauc_recall_at_1000_diff1": 0.0690193340909794,
        "nauc_recall_at_1000_max": 0.544109599177989,
        "nauc_recall_at_1000_std": 0.6265192373923586,
        "nauc_recall_at_100_diff1": 0.0878539641179741,
        "nauc_recall_at_100_max": 0.46718846819962495,
        "nauc_recall_at_100_std": 0.45310574736509746,
        "nauc_recall_at_10_diff1": 0.16456517991750924,
        "nauc_recall_at_10_max": 0.21254797756651572,
        "nauc_recall_at_10_std": -0.01589941449320287,
        "nauc_recall_at_1_diff1": 0.4970752925113839,
        "nauc_recall_at_1_max": -0.2422601493685304,
        "nauc_recall_at_1_std": -0.32465007552794295,
        "nauc_recall_at_20_diff1": 0.10954116019499399,
        "nauc_recall_at_20_max": 0.35376273426594723,
        "nauc_recall_at_20_std": 0.19069474363517405,
        "nauc_recall_at_3_diff1": 0.3496517127377618,
        "nauc_recall_at_3_max": -0.16106689131659455,
        "nauc_recall_at_3_std": -0.3199205459737187,
        "nauc_recall_at_5_diff1": 0.28456030982393693,
        "nauc_recall_at_5_max": -0.04043315380370555,
        "nauc_recall_at_5_std": -0.2512531585704124,
        "ndcg_at_1": 0.88475,
        "ndcg_at_10": 0.8332,
        "ndcg_at_100": 0.87186,
        "ndcg_at_1000": 0.87858,
        "ndcg_at_20": 0.85222,
        "ndcg_at_3": 0.84535,
        "ndcg_at_5": 0.83185,
        "precision_at_1": 0.88475,
        "precision_at_10": 0.41531,
        "precision_at_100": 0.04996,
        "precision_at_1000": 0.00516,
        "precision_at_20": 0.23153,
        "precision_at_3": 0.73979,
        "precision_at_5": 0.62096,
        "recall_at_1": 0.26784,
        "recall_at_10": 0.82606,
        "recall_at_100": 0.95087,
        "recall_at_1000": 0.98476,
        "recall_at_20": 0.88844,
        "recall_at_3": 0.54715,
        "recall_at_5": 0.68766
      }
    ]
  },
  "task_name": "T2Retrieval"
}