{
  "dataset_revision": "58c2597a5943a2ba48f4668c3b90d796283c5639",
  "evaluation_time": 140.31710934638977,
  "kg_co2_emissions": null,
  "mteb_version": "1.14.18",
  "scores": {
    "dev": [
      {
        "hf_subset": "default",
        "languages": [
          "cmn-Hans"
        ],
        "main_score": 0.75938,
        "map_at_1": 0.608,
        "map_at_10": 0.71371,
        "map_at_100": 0.71807,
        "map_at_1000": 0.71815,
        "map_at_20": 0.71713,
        "map_at_3": 0.69583,
        "map_at_5": 0.70693,
        "mrr_at_1": 0.608,
        "mrr_at_10": 0.7137083333333337,
        "mrr_at_100": 0.7180658613588067,
        "mrr_at_1000": 0.7181499682561744,
        "mrr_at_20": 0.7171255540598037,
        "mrr_at_3": 0.6958333333333337,
        "mrr_at_5": 0.7069333333333337,
        "nauc_map_at_1000_diff1": 0.64271945443675,
        "nauc_map_at_1000_max": 0.1551089900950482,
        "nauc_map_at_1000_std": -0.46231107738928057,
        "nauc_map_at_100_diff1": 0.6427086775863557,
        "nauc_map_at_100_max": 0.1551408798550249,
        "nauc_map_at_100_std": -0.4623195876564349,
        "nauc_map_at_10_diff1": 0.6410496099374783,
        "nauc_map_at_10_max": 0.15169423044978841,
        "nauc_map_at_10_std": -0.46843175223001876,
        "nauc_map_at_1_diff1": 0.6654965196656952,
        "nauc_map_at_1_max": 0.1555733519593439,
        "nauc_map_at_1_std": -0.4123503697102532,
        "nauc_map_at_20_diff1": 0.6427977394328063,
        "nauc_map_at_20_max": 0.1553562269569615,
        "nauc_map_at_20_std": -0.46390839395782313,
        "nauc_map_at_3_diff1": 0.6364819780613127,
        "nauc_map_at_3_max": 0.1528910209245085,
        "nauc_map_at_3_std": -0.467483108495696,
        "nauc_map_at_5_diff1": 0.6402929067559844,
        "nauc_map_at_5_max": 0.15047907780265637,
        "nauc_map_at_5_std": -0.4721263997363399,
        "nauc_mrr_at_1000_diff1": 0.64271945443675,
        "nauc_mrr_at_1000_max": 0.1551089900950482,
        "nauc_mrr_at_1000_std": -0.46231107738928057,
        "nauc_mrr_at_100_diff1": 0.6427086775863557,
        "nauc_mrr_at_100_max": 0.1551408798550249,
        "nauc_mrr_at_100_std": -0.4623195876564349,
        "nauc_mrr_at_10_diff1": 0.6410496099374783,
        "nauc_mrr_at_10_max": 0.15169423044978841,
        "nauc_mrr_at_10_std": -0.46843175223001876,
        "nauc_mrr_at_1_diff1": 0.6654965196656952,
        "nauc_mrr_at_1_max": 0.1555733519593439,
        "nauc_mrr_at_1_std": -0.4123503697102532,
        "nauc_mrr_at_20_diff1": 0.6427977394328063,
        "nauc_mrr_at_20_max": 0.1553562269569615,
        "nauc_mrr_at_20_std": -0.46390839395782313,
        "nauc_mrr_at_3_diff1": 0.6364819780613127,
        "nauc_mrr_at_3_max": 0.1528910209245085,
        "nauc_mrr_at_3_std": -0.467483108495696,
        "nauc_mrr_at_5_diff1": 0.6402929067559844,
        "nauc_mrr_at_5_max": 0.15047907780265637,
        "nauc_mrr_at_5_std": -0.4721263997363399,
        "nauc_ndcg_at_1000_diff1": 0.6402830200028757,
        "nauc_ndcg_at_1000_max": 0.15960690838382138,
        "nauc_ndcg_at_1000_std": -0.46249033944204015,
        "nauc_ndcg_at_100_diff1": 0.639727465571925,
        "nauc_ndcg_at_100_max": 0.1609169893518777,
        "nauc_ndcg_at_100_std": -0.4612217665766579,
        "nauc_ndcg_at_10_diff1": 0.6342673462057282,
        "nauc_ndcg_at_10_max": 0.14934005653155907,
        "nauc_ndcg_at_10_std": -0.4917149830225379,
        "nauc_ndcg_at_1_diff1": 0.6654965196656952,
        "nauc_ndcg_at_1_max": 0.1555733519593439,
        "nauc_ndcg_at_1_std": -0.4123503697102532,
        "nauc_ndcg_at_20_diff1": 0.6409323393369235,
        "nauc_ndcg_at_20_max": 0.16403172957834808,
        "nauc_ndcg_at_20_std": -0.47348368954773357,
        "nauc_ndcg_at_3_diff1": 0.6249856134314951,
        "nauc_ndcg_at_3_max": 0.15144354549979552,
        "nauc_ndcg_at_3_std": -0.48816047119427114,
        "nauc_ndcg_at_5_diff1": 0.6323581238762759,
        "nauc_ndcg_at_5_max": 0.14574057298736287,
        "nauc_ndcg_at_5_std": -0.49969946949174254,
        "nauc_precision_at_1000_diff1": 0.6451914098972857,
        "nauc_precision_at_1000_max": 0.71344537815124,
        "nauc_precision_at_1000_std": 0.7605042016806538,
        "nauc_precision_at_100_diff1": 0.5919701213818858,
        "nauc_precision_at_100_max": 0.42846768336964314,
        "nauc_precision_at_100_std": 0.012630978317241097,
        "nauc_precision_at_10_diff1": 0.5939402427637707,
        "nauc_precision_at_10_max": 0.13429038281979327,
        "nauc_precision_at_10_std": -0.6488375350140092,
        "nauc_precision_at_1_diff1": 0.6654965196656952,
        "nauc_precision_at_1_max": 0.1555733519593439,
        "nauc_precision_at_1_std": -0.4123503697102532,
        "nauc_precision_at_20_diff1": 0.6494205525347369,
        "nauc_precision_at_20_max": 0.32849087347356876,
        "nauc_precision_at_20_std": -0.529988465974628,
        "nauc_precision_at_3_diff1": 0.5796594701973415,
        "nauc_precision_at_3_max": 0.14557472597283558,
        "nauc_precision_at_3_std": -0.5691924895884781,
        "nauc_precision_at_5_diff1": 0.5957903076892853,
        "nauc_precision_at_5_max": 0.11995887872497706,
        "nauc_precision_at_5_std": -0.6383881507867394,
        "nauc_recall_at_1000_diff1": 0.6451914098972851,
        "nauc_recall_at_1000_max": 0.7134453781512625,
        "nauc_recall_at_1000_std": 0.7605042016806681,
        "nauc_recall_at_100_diff1": 0.5919701213818808,
        "nauc_recall_at_100_max": 0.42846768336964347,
        "nauc_recall_at_100_std": 0.012630978317253698,
        "nauc_recall_at_10_diff1": 0.5939402427637708,
        "nauc_recall_at_10_max": 0.1342903828197952,
        "nauc_recall_at_10_std": -0.6488375350140054,
        "nauc_recall_at_1_diff1": 0.6654965196656952,
        "nauc_recall_at_1_max": 0.1555733519593439,
        "nauc_recall_at_1_std": -0.4123503697102532,
        "nauc_recall_at_20_diff1": 0.6494205525347414,
        "nauc_recall_at_20_max": 0.3284908734735713,
        "nauc_recall_at_20_std": -0.5299884659746245,
        "nauc_recall_at_3_diff1": 0.5796594701973395,
        "nauc_recall_at_3_max": 0.14557472597283333,
        "nauc_recall_at_3_std": -0.5691924895884808,
        "nauc_recall_at_5_diff1": 0.5957903076892849,
        "nauc_recall_at_5_max": 0.11995887872497837,
        "nauc_recall_at_5_std": -0.638388150786739,
        "ndcg_at_1": 0.608,
        "ndcg_at_10": 0.75938,
        "ndcg_at_100": 0.77811,
        "ndcg_at_1000": 0.77987,
        "ndcg_at_20": 0.77178,
        "ndcg_at_3": 0.7232,
        "ndcg_at_5": 0.74329,
        "precision_at_1": 0.608,
        "precision_at_10": 0.09,
        "precision_at_100": 0.00982,
        "precision_at_1000": 0.001,
        "precision_at_20": 0.04745,
        "precision_at_3": 0.26733,
        "precision_at_5": 0.1702,
        "recall_at_1": 0.608,
        "recall_at_10": 0.9,
        "recall_at_100": 0.982,
        "recall_at_1000": 0.995,
        "recall_at_20": 0.949,
        "recall_at_3": 0.802,
        "recall_at_5": 0.851
      }
    ]
  },
  "task_name": "VideoRetrieval"
}