{
  "dataset_revision": "e3dda5e115e487b39ec7e618c0c6a29137052a55",
  "evaluation_time": 28.29540467262268,
  "kg_co2_emissions": null,
  "mteb_version": "1.14.18",
  "scores": {
    "test": [
      {
        "cosine_pearson": 0.5658951092463984,
        "cosine_spearman": 0.5752785083893974,
        "euclidean_pearson": 0.5607726716475059,
        "euclidean_spearman": 0.569306189306434,
        "hf_subset": "default",
        "languages": [
          "cmn-Hans"
        ],
        "main_score": 0.5752785083893974,
        "manhattan_pearson": 0.5607956807917464,
        "manhattan_spearman": 0.5692603592486671,
        "pearson": 0.5658951235516135,
        "spearman": 0.5752785083963008
      }
    ],
    "validation": [
      {
        "cosine_pearson": 0.5798294322081374,
        "cosine_spearman": 0.592097137508036,
        "euclidean_pearson": 0.5782350113384525,
        "euclidean_spearman": 0.5889032011405297,
        "hf_subset": "default",
        "languages": [
          "cmn-Hans"
        ],
        "main_score": 0.592097137508036,
        "manhattan_pearson": 0.5778791872634311,
        "manhattan_spearman": 0.5884573019854544,
        "pearson": 0.5798294313379139,
        "spearman": 0.5920971375133649
      }
    ]
  },
  "task_name": "BQ"
}