{
  "dataset_revision": "23d186750531a14a0357ca22cd92d712fd512ea0",
  "evaluation_time": 306.8673222064972,
  "kg_co2_emissions": null,
  "mteb_version": "1.14.18",
  "scores": {
    "test": [
      {
        "hf_subset": "default",
        "languages": [
          "cmn-Hans"
        ],
        "main_score": 0.7941686737888752,
        "map": 0.7941686737888752,
        "mrr": 0.8273742063492063,
        "nAUC_map_diff1": 0.5594985624937834,
        "nAUC_map_max": 0.5667030687461453,
        "nAUC_map_std": 0.11686656406612729,
        "nAUC_mrr_diff1": 0.6333217313243632,
        "nAUC_mrr_max": 0.6820093481115018,
        "nAUC_mrr_std": 0.2106994146209198
      }
    ]
  },
  "task_name": "CMedQAv2-reranking"
}