{
  "dataset_revision": "cd540c506dae1cf9e9a59c3e06f42030d54e7301",
  "evaluation_time": 1099.872543811798,
  "kg_co2_emissions": null,
  "mteb_version": "1.14.18",
  "scores": {
    "dev": [
      {
        "hf_subset": "default",
        "languages": [
          "cmn-Hans"
        ],
        "main_score": 0.3449,
        "map_at_1": 0.19421,
        "map_at_10": 0.28627,
        "map_at_100": 0.30361,
        "map_at_1000": 0.30517,
        "map_at_20": 0.29554,
        "map_at_3": 0.25382,
        "map_at_5": 0.27022,
        "mrr_at_1": 0.3048262065516379,
        "mrr_at_10": 0.3737649690200323,
        "mrr_at_100": 0.3843744866991058,
        "mrr_at_1000": 0.385079747682,
        "mrr_at_20": 0.38000997887540655,
        "mrr_at_3": 0.3510460948570472,
        "mrr_at_5": 0.362699008085355,
        "nauc_map_at_1000_diff1": 0.45418739581234985,
        "nauc_map_at_1000_max": 0.38424414030353987,
        "nauc_map_at_1000_std": -0.07146091666220583,
        "nauc_map_at_100_diff1": 0.4540232706908152,
        "nauc_map_at_100_max": 0.38366383053308123,
        "nauc_map_at_100_std": -0.07207828089515554,
        "nauc_map_at_10_diff1": 0.4559221696491529,
        "nauc_map_at_10_max": 0.37506872042265427,
        "nauc_map_at_10_std": -0.08244417597366366,
        "nauc_map_at_1_diff1": 0.50827995065724,
        "nauc_map_at_1_max": 0.33263615263730034,
        "nauc_map_at_1_std": -0.09067931836182465,
        "nauc_map_at_20_diff1": 0.4539058215669473,
        "nauc_map_at_20_max": 0.3807114150749291,
        "nauc_map_at_20_std": -0.07664169690762035,
        "nauc_map_at_3_diff1": 0.4706761212231982,
        "nauc_map_at_3_max": 0.36248006989433423,
        "nauc_map_at_3_std": -0.09308300058255804,
        "nauc_map_at_5_diff1": 0.46379588654315923,
        "nauc_map_at_5_max": 0.36870164286942003,
        "nauc_map_at_5_std": -0.09124552663273751,
        "nauc_mrr_at_1000_diff1": 0.48912326578371185,
        "nauc_mrr_at_1000_max": 0.42710019802387483,
        "nauc_mrr_at_1000_std": -0.03978931522609027,
        "nauc_mrr_at_100_diff1": 0.48893490447565646,
        "nauc_mrr_at_100_max": 0.42704761975286615,
        "nauc_mrr_at_100_std": -0.03974336363145782,
        "nauc_mrr_at_10_diff1": 0.4886367731306391,
        "nauc_mrr_at_10_max": 0.42526473604903764,
        "nauc_mrr_at_10_std": -0.04312780798335484,
        "nauc_mrr_at_1_diff1": 0.5467557903898393,
        "nauc_mrr_at_1_max": 0.4475776455518439,
        "nauc_mrr_at_1_std": -0.045071261796935935,
        "nauc_mrr_at_20_diff1": 0.48828869565718963,
        "nauc_mrr_at_20_max": 0.42672436676365383,
        "nauc_mrr_at_20_std": -0.04066612336385535,
        "nauc_mrr_at_3_diff1": 0.4998569944811557,
        "nauc_mrr_at_3_max": 0.43329619639359024,
        "nauc_mrr_at_3_std": -0.04432676168055757,
        "nauc_mrr_at_5_diff1": 0.49512941443890834,
        "nauc_mrr_at_5_max": 0.42865907374004797,
        "nauc_mrr_at_5_std": -0.04492334035462457,
        "nauc_ndcg_at_1000_diff1": 0.43980771944035923,
        "nauc_ndcg_at_1000_max": 0.4048577374688543,
        "nauc_ndcg_at_1000_std": -0.03199246534963855,
        "nauc_ndcg_at_100_diff1": 0.4340768671412217,
        "nauc_ndcg_at_100_max": 0.39871420563965376,
        "nauc_ndcg_at_100_std": -0.034638263987870316,
        "nauc_ndcg_at_10_diff1": 0.43624420546491044,
        "nauc_ndcg_at_10_max": 0.37993811527251065,
        "nauc_ndcg_at_10_std": -0.06725297393406922,
        "nauc_ndcg_at_1_diff1": 0.5467557903898393,
        "nauc_ndcg_at_1_max": 0.4475776455518439,
        "nauc_ndcg_at_1_std": -0.045071261796935935,
        "nauc_ndcg_at_20_diff1": 0.43250585096895644,
        "nauc_ndcg_at_20_max": 0.3895997793091954,
        "nauc_ndcg_at_20_std": -0.05328698551595346,
        "nauc_ndcg_at_3_diff1": 0.45897575973988064,
        "nauc_ndcg_at_3_max": 0.3978838941620579,
        "nauc_ndcg_at_3_std": -0.06541417047463459,
        "nauc_ndcg_at_5_diff1": 0.45090071287671235,
        "nauc_ndcg_at_5_max": 0.3848616614059811,
        "nauc_ndcg_at_5_std": -0.07368049256879523,
        "nauc_precision_at_1000_diff1": 0.03173561861179158,
        "nauc_precision_at_1000_max": 0.26303071182907195,
        "nauc_precision_at_1000_std": 0.18332931517314516,
        "nauc_precision_at_100_diff1": 0.10869661520027443,
        "nauc_precision_at_100_max": 0.3288378769803808,
        "nauc_precision_at_100_std": 0.16355158082869267,
        "nauc_precision_at_10_diff1": 0.24893150403380634,
        "nauc_precision_at_10_max": 0.4066396358598703,
        "nauc_precision_at_10_std": 0.03941386149226657,
        "nauc_precision_at_1_diff1": 0.5467557903898393,
        "nauc_precision_at_1_max": 0.4475776455518439,
        "nauc_precision_at_1_std": -0.045071261796935935,
        "nauc_precision_at_20_diff1": 0.1949008831264024,
        "nauc_precision_at_20_max": 0.3901390915530563,
        "nauc_precision_at_20_std": 0.08894421287140666,
        "nauc_precision_at_3_diff1": 0.3715412932140839,
        "nauc_precision_at_3_max": 0.4372386136282632,
        "nauc_precision_at_3_std": -0.01607866788015786,
        "nauc_precision_at_5_diff1": 0.32006912254713493,
        "nauc_precision_at_5_max": 0.4217963485646884,
        "nauc_precision_at_5_std": -0.0039861009217396085,
        "nauc_recall_at_1000_diff1": 0.12748488067404518,
        "nauc_recall_at_1000_max": 0.41914206055078584,
        "nauc_recall_at_1000_std": 0.4272178269000306,
        "nauc_recall_at_100_diff1": 0.2534929854212447,
        "nauc_recall_at_100_max": 0.31932789134677314,
        "nauc_recall_at_100_std": 0.08301692655765078,
        "nauc_recall_at_10_diff1": 0.3200675134713471,
        "nauc_recall_at_10_max": 0.2980622224686988,
        "nauc_recall_at_10_std": -0.06150990010489097,
        "nauc_recall_at_1_diff1": 0.50827995065724,
        "nauc_recall_at_1_max": 0.33263615263730034,
        "nauc_recall_at_1_std": -0.09067931836182465,
        "nauc_recall_at_20_diff1": 0.29249528413678394,
        "nauc_recall_at_20_max": 0.31134730648375736,
        "nauc_recall_at_20_std": -0.018238669214699008,
        "nauc_recall_at_3_diff1": 0.4000176438330911,
        "nauc_recall_at_3_max": 0.3226883019090072,
        "nauc_recall_at_3_std": -0.09152084639300788,
        "nauc_recall_at_5_diff1": 0.3737425728389027,
        "nauc_recall_at_5_max": 0.31262401253224875,
        "nauc_recall_at_5_std": -0.09046439989863869,
        "ndcg_at_1": 0.30483,
        "ndcg_at_10": 0.3449,
        "ndcg_at_100": 0.418,
        "ndcg_at_1000": 0.44842,
        "ndcg_at_20": 0.37194,
        "ndcg_at_3": 0.3011,
        "ndcg_at_5": 0.31624,
        "precision_at_1": 0.30483,
        "precision_at_10": 0.07822,
        "precision_at_100": 0.01383,
        "precision_at_1000": 0.00177,
        "precision_at_20": 0.04806,
        "precision_at_3": 0.17046,
        "precision_at_5": 0.12318,
        "recall_at_1": 0.19421,
        "recall_at_10": 0.43275,
        "recall_at_100": 0.73874,
        "recall_at_1000": 0.94772,
        "recall_at_20": 0.52477,
        "recall_at_3": 0.29708,
        "recall_at_5": 0.34799
      }
    ]
  },
  "task_name": "CmedqaRetrieval"
}