{
  "dataset_revision": "8d7f1e942507dac42dc58017c1a001c3717da7df",
  "evaluation_time": 277.2808654308319,
  "kg_co2_emissions": null,
  "mteb_version": "1.14.18",
  "scores": {
    "test": [
      {
        "hf_subset": "default",
        "languages": [
          "cmn-Hans"
        ],
        "main_score": 0.7919508540244922,
        "map": 0.7919508540244922,
        "mrr": 0.8234964285714285,
        "nAUC_map_diff1": 0.5856207251012301,
        "nAUC_map_max": 0.5739155023898297,
        "nAUC_map_std": 0.16345526108371938,
        "nAUC_mrr_diff1": 0.6560725901894301,
        "nAUC_mrr_max": 0.654443657461081,
        "nAUC_mrr_std": 0.20501548974951303
      }
    ]
  },
  "task_name": "CMedQAv1-reranking"
}