{
  "dataset_revision": "1271c7809071a13532e05f25fb53511ffce77117",
  "evaluation_time": 1147.0620584487915,
  "kg_co2_emissions": null,
  "mteb_version": "1.14.18",
  "scores": {
    "dev": [
      {
        "hf_subset": "default",
        "languages": [
          "cmn-Hans"
        ],
        "main_score": 0.62684,
        "map_at_1": 0.49789,
        "map_at_10": 0.58476,
        "map_at_100": 0.5918,
        "map_at_1000": 0.59212,
        "map_at_20": 0.58891,
        "map_at_3": 0.56384,
        "map_at_5": 0.57692,
        "mrr_at_1": 0.49841938883034775,
        "mrr_at_10": 0.5841545820997874,
        "mrr_at_100": 0.5912057284218798,
        "mrr_at_1000": 0.591528553320591,
        "mrr_at_20": 0.5883469208713799,
        "mrr_at_3": 0.5634000702493849,
        "mrr_at_5": 0.5767298911134523,
        "nauc_map_at_1000_diff1": 0.6802795010451146,
        "nauc_map_at_1000_max": 0.4545529904248919,
        "nauc_map_at_1000_std": -0.15583693856820602,
        "nauc_map_at_100_diff1": 0.6800772050184726,
        "nauc_map_at_100_max": 0.4548449105599212,
        "nauc_map_at_100_std": -0.1552321566305741,
        "nauc_map_at_10_diff1": 0.6792775548005447,
        "nauc_map_at_10_max": 0.45279597792607273,
        "nauc_map_at_10_std": -0.16075673394526124,
        "nauc_map_at_1_diff1": 0.7238807457233395,
        "nauc_map_at_1_max": 0.43310183213886644,
        "nauc_map_at_1_std": -0.17962857280263694,
        "nauc_map_at_20_diff1": 0.6794504640484286,
        "nauc_map_at_20_max": 0.45514042337043714,
        "nauc_map_at_20_std": -0.15614868829994877,
        "nauc_map_at_3_diff1": 0.6897463084463283,
        "nauc_map_at_3_max": 0.44737600966273977,
        "nauc_map_at_3_std": -0.1748434899964707,
        "nauc_map_at_5_diff1": 0.6804397068880054,
        "nauc_map_at_5_max": 0.4516478314131955,
        "nauc_map_at_5_std": -0.1625218282676962,
        "nauc_mrr_at_1000_diff1": 0.6813707759715832,
        "nauc_mrr_at_1000_max": 0.4533836073708395,
        "nauc_mrr_at_1000_std": -0.15696781697721407,
        "nauc_mrr_at_100_diff1": 0.6811674598151078,
        "nauc_mrr_at_100_max": 0.4536765720224025,
        "nauc_mrr_at_100_std": -0.15636223360212612,
        "nauc_mrr_at_10_diff1": 0.6803478390108513,
        "nauc_mrr_at_10_max": 0.4516392639590363,
        "nauc_mrr_at_10_std": -0.1619156126556051,
        "nauc_mrr_at_1_diff1": 0.722928977700109,
        "nauc_mrr_at_1_max": 0.43234911313083485,
        "nauc_mrr_at_1_std": -0.1788159169138856,
        "nauc_mrr_at_20_diff1": 0.6805559603715837,
        "nauc_mrr_at_20_max": 0.4540786847928661,
        "nauc_mrr_at_20_std": -0.15710959426446888,
        "nauc_mrr_at_3_diff1": 0.6897153885773185,
        "nauc_mrr_at_3_max": 0.4473696935590187,
        "nauc_mrr_at_3_std": -0.17453735489999436,
        "nauc_mrr_at_5_diff1": 0.6807220256483767,
        "nauc_mrr_at_5_max": 0.45139919962212255,
        "nauc_mrr_at_5_std": -0.16287746069620576,
        "nauc_ndcg_at_1000_diff1": 0.6674314155160519,
        "nauc_ndcg_at_1000_max": 0.46368746652730186,
        "nauc_ndcg_at_1000_std": -0.13368239794809242,
        "nauc_ndcg_at_100_diff1": 0.661869254971236,
        "nauc_ndcg_at_100_max": 0.4714044180488947,
        "nauc_ndcg_at_100_std": -0.1166556300951058,
        "nauc_ndcg_at_10_diff1": 0.6577917557938426,
        "nauc_ndcg_at_10_max": 0.4614648208419996,
        "nauc_ndcg_at_10_std": -0.14591710330379704,
        "nauc_ndcg_at_1_diff1": 0.722928977700109,
        "nauc_ndcg_at_1_max": 0.43234911313083485,
        "nauc_ndcg_at_1_std": -0.1788159169138856,
        "nauc_ndcg_at_20_diff1": 0.6576004672782338,
        "nauc_ndcg_at_20_max": 0.4704181051896965,
        "nauc_ndcg_at_20_std": -0.12710896013181625,
        "nauc_ndcg_at_3_diff1": 0.6786668495263137,
        "nauc_ndcg_at_3_max": 0.4512596784655614,
        "nauc_ndcg_at_3_std": -0.17397992508307966,
        "nauc_ndcg_at_5_diff1": 0.6610726657757698,
        "nauc_ndcg_at_5_max": 0.45963349137226794,
        "nauc_ndcg_at_5_std": -0.15051400919382837,
        "nauc_precision_at_1000_diff1": -0.04875462933592925,
        "nauc_precision_at_1000_max": 0.4560424284057169,
        "nauc_precision_at_1000_std": 0.6079396264934762,
        "nauc_precision_at_100_diff1": 0.3006517669113212,
        "nauc_precision_at_100_max": 0.6163043577598637,
        "nauc_precision_at_100_std": 0.47832483019254546,
        "nauc_precision_at_10_diff1": 0.48994804473182013,
        "nauc_precision_at_10_max": 0.4797091388418734,
        "nauc_precision_at_10_std": -0.03666789164867075,
        "nauc_precision_at_1_diff1": 0.722928977700109,
        "nauc_precision_at_1_max": 0.43234911313083485,
        "nauc_precision_at_1_std": -0.1788159169138856,
        "nauc_precision_at_20_diff1": 0.44888703184591383,
        "nauc_precision_at_20_max": 0.5354774938649259,
        "nauc_precision_at_20_std": 0.10087348456185327,
        "nauc_precision_at_3_diff1": 0.6157858950382599,
        "nauc_precision_at_3_max": 0.45711051504283445,
        "nauc_precision_at_3_std": -0.15482937117093795,
        "nauc_precision_at_5_diff1": 0.5456013459221869,
        "nauc_precision_at_5_max": 0.478264815699406,
        "nauc_precision_at_5_std": -0.07949729086684806,
        "nauc_recall_at_1000_diff1": 0.42708848234581426,
        "nauc_recall_at_1000_max": 0.7096945466419498,
        "nauc_recall_at_1000_std": 0.6914056218155539,
        "nauc_recall_at_100_diff1": 0.4767905240630137,
        "nauc_recall_at_100_max": 0.7041732830629034,
        "nauc_recall_at_100_std": 0.4649815798866315,
        "nauc_recall_at_10_diff1": 0.5642686024661312,
        "nauc_recall_at_10_max": 0.49888415137651143,
        "nauc_recall_at_10_std": -0.0762785108162761,
        "nauc_recall_at_1_diff1": 0.7238807457233395,
        "nauc_recall_at_1_max": 0.43310183213886644,
        "nauc_recall_at_1_std": -0.17962857280263694,
        "nauc_recall_at_20_diff1": 0.5385269728304852,
        "nauc_recall_at_20_max": 0.5618401341693209,
        "nauc_recall_at_20_std": 0.05853585108608517,
        "nauc_recall_at_3_diff1": 0.6433807612713993,
        "nauc_recall_at_3_max": 0.4635353257058355,
        "nauc_recall_at_3_std": -0.17105297945369868,
        "nauc_recall_at_5_diff1": 0.5907987876183246,
        "nauc_recall_at_5_max": 0.4876995870226805,
        "nauc_recall_at_5_std": -0.1049963077355365,
        "ndcg_at_1": 0.49842,
        "ndcg_at_10": 0.62684,
        "ndcg_at_100": 0.66145,
        "ndcg_at_1000": 0.66958,
        "ndcg_at_20": 0.64177,
        "ndcg_at_3": 0.58487,
        "ndcg_at_5": 0.60833,
        "precision_at_1": 0.49842,
        "precision_at_10": 0.07682,
        "precision_at_100": 0.00932,
        "precision_at_1000": 0.00099,
        "precision_at_20": 0.04136,
        "precision_at_3": 0.21672,
        "precision_at_5": 0.14183,
        "recall_at_1": 0.49789,
        "recall_at_10": 0.75869,
        "recall_at_100": 0.92097,
        "recall_at_1000": 0.98419,
        "recall_at_20": 0.81718,
        "recall_at_3": 0.64542,
        "recall_at_5": 0.70179
      }
    ]
  },
  "task_name": "CovidRetrieval"
}