{
  "dataset_revision": "a1a333e290fe30b10f3f56498e3a0d911a693ced",
  "evaluation_time": 1149.3985588550568,
  "kg_co2_emissions": null,
  "mteb_version": "1.14.18",
  "scores": {
    "dev": [
      {
        "hf_subset": "default",
        "languages": [
          "cmn-Hans"
        ],
        "main_score": 0.6671,
        "map_at_1": 0.19349,
        "map_at_10": 0.55877,
        "map_at_100": 0.59587,
        "map_at_1000": 0.59725,
        "map_at_20": 0.58387,
        "map_at_3": 0.39149,
        "map_at_5": 0.48807,
        "mrr_at_1": 0.7295,
        "mrr_at_10": 0.7980388888888881,
        "mrr_at_100": 0.8002001710273,
        "mrr_at_1000": 0.8002820428038373,
        "mrr_at_20": 0.7995348906704741,
        "mrr_at_3": 0.7876666666666656,
        "mrr_at_5": 0.7943916666666658,
        "nauc_map_at_1000_diff1": 0.1429312742986007,
        "nauc_map_at_1000_max": 0.5170130644804676,
        "nauc_map_at_1000_std": 0.34129722905342513,
        "nauc_map_at_100_diff1": 0.1425980612970052,
        "nauc_map_at_100_max": 0.5167361229360415,
        "nauc_map_at_100_std": 0.34122776497621654,
        "nauc_map_at_10_diff1": 0.14948250502684163,
        "nauc_map_at_10_max": 0.4911151094213252,
        "nauc_map_at_10_std": 0.28439136481541355,
        "nauc_map_at_1_diff1": 0.3584745439604312,
        "nauc_map_at_1_max": 0.1240116187864612,
        "nauc_map_at_1_std": -0.046879920427672715,
        "nauc_map_at_20_diff1": 0.14463554126035652,
        "nauc_map_at_20_max": 0.5131017983683648,
        "nauc_map_at_20_std": 0.32843881069087766,
        "nauc_map_at_3_diff1": 0.23523347390642327,
        "nauc_map_at_3_max": 0.3048810475858458,
        "nauc_map_at_3_std": 0.0741385689609437,
        "nauc_map_at_5_diff1": 0.18163321757999001,
        "nauc_map_at_5_max": 0.4059353612265842,
        "nauc_map_at_5_std": 0.1641566777840661,
        "nauc_mrr_at_1000_diff1": 0.36194578461741517,
        "nauc_mrr_at_1000_max": 0.648448176770465,
        "nauc_mrr_at_1000_std": 0.38036991600732256,
        "nauc_mrr_at_100_diff1": 0.36200116037799235,
        "nauc_mrr_at_100_max": 0.6485008526964448,
        "nauc_mrr_at_100_std": 0.38056565604169124,
        "nauc_mrr_at_10_diff1": 0.36248100284831636,
        "nauc_mrr_at_10_max": 0.6494424778229737,
        "nauc_mrr_at_10_std": 0.3807512586098013,
        "nauc_mrr_at_1_diff1": 0.3528623738501388,
        "nauc_mrr_at_1_max": 0.6036870158509886,
        "nauc_mrr_at_1_std": 0.3148684841995546,
        "nauc_mrr_at_20_diff1": 0.3620921818708301,
        "nauc_mrr_at_20_max": 0.6489655149076107,
        "nauc_mrr_at_20_std": 0.381427450209204,
        "nauc_mrr_at_3_diff1": 0.3589264161389699,
        "nauc_mrr_at_3_max": 0.6516085787904141,
        "nauc_mrr_at_3_std": 0.3791607701514268,
        "nauc_mrr_at_5_diff1": 0.36100004094338545,
        "nauc_mrr_at_5_max": 0.6486436065068799,
        "nauc_mrr_at_5_std": 0.3790878030488061,
        "nauc_ndcg_at_1000_diff1": 0.18396588603272815,
        "nauc_ndcg_at_1000_max": 0.5818499976558263,
        "nauc_ndcg_at_1000_std": 0.4233204356449909,
        "nauc_ndcg_at_100_diff1": 0.17690549822386684,
        "nauc_ndcg_at_100_max": 0.5779009331870224,
        "nauc_ndcg_at_100_std": 0.42815843945665527,
        "nauc_ndcg_at_10_diff1": 0.17572445182370924,
        "nauc_ndcg_at_10_max": 0.5456002066711076,
        "nauc_ndcg_at_10_std": 0.35669564192739905,
        "nauc_ndcg_at_1_diff1": 0.3528623738501388,
        "nauc_ndcg_at_1_max": 0.6036870158509886,
        "nauc_ndcg_at_1_std": 0.3148684841995546,
        "nauc_ndcg_at_20_diff1": 0.17573914194450396,
        "nauc_ndcg_at_20_max": 0.5680821898713229,
        "nauc_ndcg_at_20_std": 0.40120599390924166,
        "nauc_ndcg_at_3_diff1": 0.17836584603910952,
        "nauc_ndcg_at_3_max": 0.547468122059441,
        "nauc_ndcg_at_3_std": 0.32726543768921834,
        "nauc_ndcg_at_5_diff1": 0.17615010620461852,
        "nauc_ndcg_at_5_max": 0.5235666942543078,
        "nauc_ndcg_at_5_std": 0.3117341769528886,
        "nauc_precision_at_1000_diff1": -0.11948029704136409,
        "nauc_precision_at_1000_max": 0.22242361106188815,
        "nauc_precision_at_1000_std": 0.3582005773937896,
        "nauc_precision_at_100_diff1": -0.12070641000909119,
        "nauc_precision_at_100_max": 0.2944079406461268,
        "nauc_precision_at_100_std": 0.4330752325605198,
        "nauc_precision_at_10_diff1": -0.08019536110019425,
        "nauc_precision_at_10_max": 0.45139183155564494,
        "nauc_precision_at_10_std": 0.4569328265223545,
        "nauc_precision_at_1_diff1": 0.3528623738501388,
        "nauc_precision_at_1_max": 0.6036870158509886,
        "nauc_precision_at_1_std": 0.3148684841995546,
        "nauc_precision_at_20_diff1": -0.09767327844238925,
        "nauc_precision_at_20_max": 0.38916585742185716,
        "nauc_precision_at_20_std": 0.47181443858136374,
        "nauc_precision_at_3_diff1": 0.0341123860902011,
        "nauc_precision_at_3_max": 0.5417645197239351,
        "nauc_precision_at_3_std": 0.37207538452199845,
        "nauc_precision_at_5_diff1": -0.041026825246147806,
        "nauc_precision_at_5_max": 0.49978612749544227,
        "nauc_precision_at_5_std": 0.3937783858297052,
        "nauc_recall_at_1000_diff1": 0.09206860621689276,
        "nauc_recall_at_1000_max": 0.5737175519811859,
        "nauc_recall_at_1000_std": 0.6854572032018151,
        "nauc_recall_at_100_diff1": 0.08789885421600102,
        "nauc_recall_at_100_max": 0.517487279186801,
        "nauc_recall_at_100_std": 0.5746540673443035,
        "nauc_recall_at_10_diff1": 0.12428865662652347,
        "nauc_recall_at_10_max": 0.45952049228722514,
        "nauc_recall_at_10_std": 0.31192975067968093,
        "nauc_recall_at_1_diff1": 0.3584745439604312,
        "nauc_recall_at_1_max": 0.1240116187864612,
        "nauc_recall_at_1_std": -0.046879920427672715,
        "nauc_recall_at_20_diff1": 0.10452091298665864,
        "nauc_recall_at_20_max": 0.4946889236579082,
        "nauc_recall_at_20_std": 0.43093031775713125,
        "nauc_recall_at_3_diff1": 0.2123408463785225,
        "nauc_recall_at_3_max": 0.2593672723111059,
        "nauc_recall_at_3_std": 0.05294794708135623,
        "nauc_recall_at_5_diff1": 0.1636055133257582,
        "nauc_recall_at_5_max": 0.3457536825969054,
        "nauc_recall_at_5_std": 0.1357215949860665,
        "ndcg_at_1": 0.7295,
        "ndcg_at_10": 0.6671,
        "ndcg_at_100": 0.72934,
        "ndcg_at_1000": 0.7447,
        "ndcg_at_20": 0.69638,
        "ndcg_at_3": 0.6636,
        "ndcg_at_5": 0.64623,
        "precision_at_1": 0.7295,
        "precision_at_10": 0.32295,
        "precision_at_100": 0.04289,
        "precision_at_1000": 0.00468,
        "precision_at_20": 0.18525,
        "precision_at_3": 0.59567,
        "precision_at_5": 0.4972,
        "recall_at_1": 0.19349,
        "recall_at_10": 0.67885,
        "recall_at_100": 0.86998,
        "recall_at_1000": 0.94728,
        "recall_at_20": 0.76114,
        "recall_at_3": 0.42383,
        "recall_at_5": 0.55546
      }
    ]
  },
  "task_name": "DuRetrieval"
}