{
  "dataset_revision": "687de13dc7294d6fd9be10c6945f9e8fec8166b9",
  "evaluation_time": 143.97521591186523,
  "kg_co2_emissions": null,
  "mteb_version": "1.14.18",
  "scores": {
    "dev": [
      {
        "hf_subset": "default",
        "languages": [
          "cmn-Hans"
        ],
        "main_score": 0.49709,
        "map_at_1": 0.341,
        "map_at_10": 0.44142,
        "map_at_100": 0.44987,
        "map_at_1000": 0.45024,
        "map_at_20": 0.4471,
        "map_at_3": 0.41117,
        "map_at_5": 0.42862,
        "mrr_at_1": 0.341,
        "mrr_at_10": 0.4414226190476189,
        "mrr_at_100": 0.4498665280860968,
        "mrr_at_1000": 0.45023885105052397,
        "mrr_at_20": 0.44709557894805535,
        "mrr_at_3": 0.4111666666666665,
        "mrr_at_5": 0.42861666666666626,
        "nauc_map_at_1000_diff1": 0.4353854047175526,
        "nauc_map_at_1000_max": 0.29787002234892934,
        "nauc_map_at_1000_std": 0.017367175719839163,
        "nauc_map_at_100_diff1": 0.4352167953999225,
        "nauc_map_at_100_max": 0.2980543854832354,
        "nauc_map_at_100_std": 0.01759210485888596,
        "nauc_map_at_10_diff1": 0.4331229700724993,
        "nauc_map_at_10_max": 0.29819918400596396,
        "nauc_map_at_10_std": 0.015919596098395394,
        "nauc_map_at_1_diff1": 0.4856710018049466,
        "nauc_map_at_1_max": 0.2554734376220789,
        "nauc_map_at_1_std": -0.003288101521955249,
        "nauc_map_at_20_diff1": 0.4348296695734531,
        "nauc_map_at_20_max": 0.29847907035526366,
        "nauc_map_at_20_std": 0.017334495886656535,
        "nauc_map_at_3_diff1": 0.4407379549824233,
        "nauc_map_at_3_max": 0.27891098942899156,
        "nauc_map_at_3_std": -0.012249061903858922,
        "nauc_map_at_5_diff1": 0.4317238293852533,
        "nauc_map_at_5_max": 0.2863281252370432,
        "nauc_map_at_5_std": 0.0010155195544265156,
        "nauc_mrr_at_1000_diff1": 0.4353854047175526,
        "nauc_mrr_at_1000_max": 0.29787002234892934,
        "nauc_mrr_at_1000_std": 0.017367175719839163,
        "nauc_mrr_at_100_diff1": 0.4352167953999225,
        "nauc_mrr_at_100_max": 0.2980543854832354,
        "nauc_mrr_at_100_std": 0.01759210485888596,
        "nauc_mrr_at_10_diff1": 0.4331229700724993,
        "nauc_mrr_at_10_max": 0.29819918400596396,
        "nauc_mrr_at_10_std": 0.015919596098395394,
        "nauc_mrr_at_1_diff1": 0.4856710018049466,
        "nauc_mrr_at_1_max": 0.2554734376220789,
        "nauc_mrr_at_1_std": -0.003288101521955249,
        "nauc_mrr_at_20_diff1": 0.4348296695734531,
        "nauc_mrr_at_20_max": 0.29847907035526366,
        "nauc_mrr_at_20_std": 0.017334495886656535,
        "nauc_mrr_at_3_diff1": 0.4407379549824233,
        "nauc_mrr_at_3_max": 0.27891098942899156,
        "nauc_mrr_at_3_std": -0.012249061903858922,
        "nauc_mrr_at_5_diff1": 0.4317238293852533,
        "nauc_mrr_at_5_max": 0.2863281252370432,
        "nauc_mrr_at_5_std": 0.0010155195544265156,
        "nauc_ndcg_at_1000_diff1": 0.42499913709076276,
        "nauc_ndcg_at_1000_max": 0.3287850790823554,
        "nauc_ndcg_at_1000_std": 0.05648781788280626,
        "nauc_ndcg_at_100_diff1": 0.4201873532482561,
        "nauc_ndcg_at_100_max": 0.3335793871968627,
        "nauc_ndcg_at_100_std": 0.06282067094013391,
        "nauc_ndcg_at_10_diff1": 0.410468436833744,
        "nauc_ndcg_at_10_max": 0.3319801226061381,
        "nauc_ndcg_at_10_std": 0.04852429949039088,
        "nauc_ndcg_at_1_diff1": 0.4856710018049466,
        "nauc_ndcg_at_1_max": 0.2554734376220789,
        "nauc_ndcg_at_1_std": -0.003288101521955249,
        "nauc_ndcg_at_20_diff1": 0.41629294982994774,
        "nauc_ndcg_at_20_max": 0.33521022903569947,
        "nauc_ndcg_at_20_std": 0.05618559435486167,
        "nauc_ndcg_at_3_diff1": 0.425575846094968,
        "nauc_ndcg_at_3_max": 0.2882461644385439,
        "nauc_ndcg_at_3_std": -0.01330616869377504,
        "nauc_ndcg_at_5_diff1": 0.4084347777862601,
        "nauc_ndcg_at_5_max": 0.30150996839101135,
        "nauc_ndcg_at_5_std": 0.009877519835961052,
        "nauc_precision_at_1000_diff1": 0.42769406613219546,
        "nauc_precision_at_1000_max": 0.8216861457226557,
        "nauc_precision_at_1000_std": 0.8011767925561004,
        "nauc_precision_at_100_diff1": 0.3428306452175229,
        "nauc_precision_at_100_max": 0.6263344699426108,
        "nauc_precision_at_100_std": 0.49412170784260295,
        "nauc_precision_at_10_diff1": 0.32596468727288214,
        "nauc_precision_at_10_max": 0.47093668504980485,
        "nauc_precision_at_10_std": 0.18971741268009037,
        "nauc_precision_at_1_diff1": 0.4856710018049466,
        "nauc_precision_at_1_max": 0.2554734376220789,
        "nauc_precision_at_1_std": -0.003288101521955249,
        "nauc_precision_at_20_diff1": 0.33827856557769376,
        "nauc_precision_at_20_max": 0.5248704828569293,
        "nauc_precision_at_20_std": 0.2691616225014087,
        "nauc_precision_at_3_diff1": 0.3811948739996208,
        "nauc_precision_at_3_max": 0.31599565267315216,
        "nauc_precision_at_3_std": -0.01581513713573096,
        "nauc_precision_at_5_diff1": 0.3331072159001136,
        "nauc_precision_at_5_max": 0.35086613123218,
        "nauc_precision_at_5_std": 0.04082724193260781,
        "nauc_recall_at_1000_diff1": 0.4276940661322007,
        "nauc_recall_at_1000_max": 0.8216861457226572,
        "nauc_recall_at_1000_std": 0.8011767925561017,
        "nauc_recall_at_100_diff1": 0.34283064521752554,
        "nauc_recall_at_100_max": 0.6263344699426104,
        "nauc_recall_at_100_std": 0.49412170784260395,
        "nauc_recall_at_10_diff1": 0.32596468727288275,
        "nauc_recall_at_10_max": 0.47093668504980535,
        "nauc_recall_at_10_std": 0.18971741268009035,
        "nauc_recall_at_1_diff1": 0.4856710018049466,
        "nauc_recall_at_1_max": 0.2554734376220789,
        "nauc_recall_at_1_std": -0.003288101521955249,
        "nauc_recall_at_20_diff1": 0.33827856557769426,
        "nauc_recall_at_20_max": 0.5248704828569298,
        "nauc_recall_at_20_std": 0.26916162250140935,
        "nauc_recall_at_3_diff1": 0.38119487399962076,
        "nauc_recall_at_3_max": 0.31599565267315183,
        "nauc_recall_at_3_std": -0.01581513713573124,
        "nauc_recall_at_5_diff1": 0.3331072159001139,
        "nauc_recall_at_5_max": 0.35086613123218025,
        "nauc_recall_at_5_std": 0.04082724193260836,
        "ndcg_at_1": 0.341,
        "ndcg_at_10": 0.49709,
        "ndcg_at_100": 0.53725,
        "ndcg_at_1000": 0.54747,
        "ndcg_at_20": 0.51747,
        "ndcg_at_3": 0.43446,
        "ndcg_at_5": 0.46605,
        "precision_at_1": 0.341,
        "precision_at_10": 0.0675,
        "precision_at_100": 0.00861,
        "precision_at_1000": 0.00094,
        "precision_at_20": 0.03775,
        "precision_at_3": 0.16733,
        "precision_at_5": 0.1158,
        "recall_at_1": 0.341,
        "recall_at_10": 0.675,
        "recall_at_100": 0.861,
        "recall_at_1000": 0.942,
        "recall_at_20": 0.755,
        "recall_at_3": 0.502,
        "recall_at_5": 0.579
      }
    ]
  },
  "task_name": "EcomRetrieval"
}