{
  "dataset_revision": "17f9b096f80380fce5ed12a9be8be7784b337daf",
  "evaluation_time": 13.967452764511108,
  "kg_co2_emissions": null,
  "mteb_version": "1.14.18",
  "scores": {
    "test": [
      {
        "cosine_pearson": 0.6756060000266859,
        "cosine_spearman": 0.7275554986273381,
        "euclidean_pearson": 0.7014459138802549,
        "euclidean_spearman": 0.718697463695257,
        "hf_subset": "default",
        "languages": [
          "cmn-Hans"
        ],
        "main_score": 0.7275554986273381,
        "manhattan_pearson": 0.7012260819353797,
        "manhattan_spearman": 0.7185084844862977,
        "pearson": 0.6756059985667745,
        "spearman": 0.727555675979284
      }
    ]
  },
  "task_name": "LCQMC"
}