{
  "dataset_revision": "2039188fb5800a9803ba5048df7b76e6fb151fc6",
  "evaluation_time": 501.4851095676422,
  "kg_co2_emissions": null,
  "mteb_version": "1.14.18",
  "scores": {
    "dev": [
      {
        "hf_subset": "default",
        "languages": [
          "cmn-Hans"
        ],
        "main_score": 0.4521,
        "map_at_1": 0.362,
        "map_at_10": 0.42234,
        "map_at_100": 0.42812,
        "map_at_1000": 0.42886,
        "map_at_20": 0.4256,
        "map_at_3": 0.40917,
        "map_at_5": 0.41577,
        "mrr_at_1": 0.364,
        "mrr_at_10": 0.42335793650793635,
        "mrr_at_100": 0.42913521730809046,
        "mrr_at_1000": 0.42987748784461466,
        "mrr_at_20": 0.42661114795936744,
        "mrr_at_3": 0.41016666666666657,
        "mrr_at_5": 0.4167666666666664,
        "nauc_map_at_1000_diff1": 0.748044584835981,
        "nauc_map_at_1000_max": 0.5812077488244674,
        "nauc_map_at_1000_std": 0.07512499827189789,
        "nauc_map_at_100_diff1": 0.7478087440013101,
        "nauc_map_at_100_max": 0.5809574420787648,
        "nauc_map_at_100_std": 0.07502847434958294,
        "nauc_map_at_10_diff1": 0.7503329021783635,
        "nauc_map_at_10_max": 0.5826127700333128,
        "nauc_map_at_10_std": 0.07234507541711445,
        "nauc_map_at_1_diff1": 0.8229792332477776,
        "nauc_map_at_1_max": 0.6257986456123974,
        "nauc_map_at_1_std": 0.08030501249256089,
        "nauc_map_at_20_diff1": 0.7480327012486663,
        "nauc_map_at_20_max": 0.5819391605997846,
        "nauc_map_at_20_std": 0.07483508950990411,
        "nauc_map_at_3_diff1": 0.7604583218111642,
        "nauc_map_at_3_max": 0.5941665947100401,
        "nauc_map_at_3_std": 0.0670989164971587,
        "nauc_map_at_5_diff1": 0.7537541572816479,
        "nauc_map_at_5_max": 0.5858206837790287,
        "nauc_map_at_5_std": 0.07013844700429676,
        "nauc_mrr_at_1000_diff1": 0.7448176471602512,
        "nauc_mrr_at_1000_max": 0.5850484169817844,
        "nauc_mrr_at_1000_std": 0.07647440603325212,
        "nauc_mrr_at_100_diff1": 0.7445870295278897,
        "nauc_mrr_at_100_max": 0.5847921332245059,
        "nauc_mrr_at_100_std": 0.07637590034143074,
        "nauc_mrr_at_10_diff1": 0.7471328468226612,
        "nauc_mrr_at_10_max": 0.5864193772696294,
        "nauc_mrr_at_10_std": 0.07368423326645601,
        "nauc_mrr_at_1_diff1": 0.8165777880218128,
        "nauc_mrr_at_1_max": 0.633308800033526,
        "nauc_mrr_at_1_std": 0.08300418550317706,
        "nauc_mrr_at_20_diff1": 0.7448231399103193,
        "nauc_mrr_at_20_max": 0.5857586876558013,
        "nauc_mrr_at_20_std": 0.07617750330530754,
        "nauc_mrr_at_3_diff1": 0.7572843153727882,
        "nauc_mrr_at_3_max": 0.5979408383782526,
        "nauc_mrr_at_3_std": 0.06845627553549853,
        "nauc_mrr_at_5_diff1": 0.7505761445223662,
        "nauc_mrr_at_5_max": 0.5896075603581381,
        "nauc_mrr_at_5_std": 0.07149743615304294,
        "nauc_ndcg_at_1000_diff1": 0.7149916761987383,
        "nauc_ndcg_at_1000_max": 0.5572223226767884,
        "nauc_ndcg_at_1000_std": 0.08753388507047014,
        "nauc_ndcg_at_100_diff1": 0.7081600411816217,
        "nauc_ndcg_at_100_max": 0.5502847349812369,
        "nauc_ndcg_at_100_std": 0.08274048254418379,
        "nauc_ndcg_at_10_diff1": 0.7209696844722916,
        "nauc_ndcg_at_10_max": 0.5606811872841097,
        "nauc_ndcg_at_10_std": 0.07295026615368866,
        "nauc_ndcg_at_1_diff1": 0.8229792332477776,
        "nauc_ndcg_at_1_max": 0.6257986456123974,
        "nauc_ndcg_at_1_std": 0.08030501249256089,
        "nauc_ndcg_at_20_diff1": 0.7118520411567449,
        "nauc_ndcg_at_20_max": 0.557896092579429,
        "nauc_ndcg_at_20_std": 0.0817949000701844,
        "nauc_ndcg_at_3_diff1": 0.7420154557875938,
        "nauc_ndcg_at_3_max": 0.5845418554272935,
        "nauc_ndcg_at_3_std": 0.0625073505241708,
        "nauc_ndcg_at_5_diff1": 0.7298179591199992,
        "nauc_ndcg_at_5_max": 0.5689670959233772,
        "nauc_ndcg_at_5_std": 0.06797279340808364,
        "nauc_precision_at_1000_diff1": 0.45983845370348303,
        "nauc_precision_at_1000_max": 0.3774308927683143,
        "nauc_precision_at_1000_std": 0.2882290704376571,
        "nauc_precision_at_100_diff1": 0.5231229370695244,
        "nauc_precision_at_100_max": 0.40036159027256957,
        "nauc_precision_at_100_std": 0.1267830422133094,
        "nauc_precision_at_10_diff1": 0.6262244518454513,
        "nauc_precision_at_10_max": 0.4875939923212218,
        "nauc_precision_at_10_std": 0.0772365908016856,
        "nauc_precision_at_1_diff1": 0.8229792332477776,
        "nauc_precision_at_1_max": 0.6257986456123974,
        "nauc_precision_at_1_std": 0.08030501249256089,
        "nauc_precision_at_20_diff1": 0.5816519894164782,
        "nauc_precision_at_20_max": 0.47179567972036357,
        "nauc_precision_at_20_std": 0.11456353278786233,
        "nauc_precision_at_3_diff1": 0.6890011542779437,
        "nauc_precision_at_3_max": 0.5567757169436404,
        "nauc_precision_at_3_std": 0.04907262463830013,
        "nauc_precision_at_5_diff1": 0.6585574925228506,
        "nauc_precision_at_5_max": 0.5172749767399762,
        "nauc_precision_at_5_std": 0.06231024279604809,
        "nauc_recall_at_1000_diff1": 0.45983845370348425,
        "nauc_recall_at_1000_max": 0.37743089276831726,
        "nauc_recall_at_1000_std": 0.2882290704376598,
        "nauc_recall_at_100_diff1": 0.5231229370695247,
        "nauc_recall_at_100_max": 0.4003615902725691,
        "nauc_recall_at_100_std": 0.12678304221330947,
        "nauc_recall_at_10_diff1": 0.6262244518454515,
        "nauc_recall_at_10_max": 0.4875939923212225,
        "nauc_recall_at_10_std": 0.07723659080168575,
        "nauc_recall_at_1_diff1": 0.8229792332477776,
        "nauc_recall_at_1_max": 0.6257986456123974,
        "nauc_recall_at_1_std": 0.08030501249256089,
        "nauc_recall_at_20_diff1": 0.5816519894164779,
        "nauc_recall_at_20_max": 0.47179567972036435,
        "nauc_recall_at_20_std": 0.11456353278786328,
        "nauc_recall_at_3_diff1": 0.6890011542779435,
        "nauc_recall_at_3_max": 0.5567757169436404,
        "nauc_recall_at_3_std": 0.04907262463829985,
        "nauc_recall_at_5_diff1": 0.6585574925228505,
        "nauc_recall_at_5_max": 0.5172749767399765,
        "nauc_recall_at_5_std": 0.06231024279604781,
        "ndcg_at_1": 0.362,
        "ndcg_at_10": 0.4521,
        "ndcg_at_100": 0.48366,
        "ndcg_at_1000": 0.50555,
        "ndcg_at_20": 0.46397,
        "ndcg_at_3": 0.4243,
        "ndcg_at_5": 0.43622,
        "precision_at_1": 0.362,
        "precision_at_10": 0.0546,
        "precision_at_100": 0.00702,
        "precision_at_1000": 0.00088,
        "precision_at_20": 0.02965,
        "precision_at_3": 0.156,
        "precision_at_5": 0.0994,
        "recall_at_1": 0.362,
        "recall_at_10": 0.546,
        "recall_at_100": 0.702,
        "recall_at_1000": 0.879,
        "recall_at_20": 0.593,
        "recall_at_3": 0.468,
        "recall_at_5": 0.497
      }
    ]
  },
  "task_name": "MedicalRetrieval"
}