{
  "dataset_revision": "539bbde593d947e2a124ba72651aafc09eb33fc2",
  "evaluation_time": 512.854772567749,
  "kg_co2_emissions": null,
  "mteb_version": "1.14.18",
  "scores": {
    "dev": [
      {
        "hf_subset": "default",
        "languages": [
          "cmn-Hans"
        ],
        "main_score": 0.51128,
        "map_at_1": 0.3747,
        "map_at_10": 0.46561,
        "map_at_100": 0.4728,
        "map_at_1000": 0.4733,
        "map_at_20": 0.47004,
        "map_at_3": 0.44132,
        "map_at_5": 0.45578,
        "mrr_at_1": 0.39025787965616043,
        "mrr_at_10": 0.47367290899167824,
        "mrr_at_100": 0.48037517754998404,
        "mrr_at_1000": 0.4808322776457947,
        "mrr_at_20": 0.4778282754690253,
        "mrr_at_3": 0.45102674307545504,
        "mrr_at_5": 0.46447230181470933,
        "nauc_map_at_1000_diff1": 0.5845329849714006,
        "nauc_map_at_1000_max": 0.43337740236159145,
        "nauc_map_at_1000_std": 0.12644608425612355,
        "nauc_map_at_100_diff1": 0.584388549629345,
        "nauc_map_at_100_max": 0.43347231308802936,
        "nauc_map_at_100_std": 0.12659409179660763,
        "nauc_map_at_10_diff1": 0.5846751942536113,
        "nauc_map_at_10_max": 0.43214146286177657,
        "nauc_map_at_10_std": 0.12222219673850253,
        "nauc_map_at_1_diff1": 0.6249087472376842,
        "nauc_map_at_1_max": 0.3915682144293503,
        "nauc_map_at_1_std": 0.061526547435375736,
        "nauc_map_at_20_diff1": 0.5841074556085124,
        "nauc_map_at_20_max": 0.4329480618835547,
        "nauc_map_at_20_std": 0.12542847345045569,
        "nauc_map_at_3_diff1": 0.5872674997954859,
        "nauc_map_at_3_max": 0.42127917980691826,
        "nauc_map_at_3_std": 0.10471208875495086,
        "nauc_map_at_5_diff1": 0.5851743067289469,
        "nauc_map_at_5_max": 0.4273466883265164,
        "nauc_map_at_5_std": 0.11362160363706177,
        "nauc_mrr_at_1000_diff1": 0.5869669888287499,
        "nauc_mrr_at_1000_max": 0.43832494178569664,
        "nauc_mrr_at_1000_std": 0.13113378432073633,
        "nauc_mrr_at_100_diff1": 0.5868232665697658,
        "nauc_mrr_at_100_max": 0.43842394472233315,
        "nauc_mrr_at_100_std": 0.13131783747213668,
        "nauc_mrr_at_10_diff1": 0.5871263821911453,
        "nauc_mrr_at_10_max": 0.4376983430384226,
        "nauc_mrr_at_10_std": 0.1280677625880878,
        "nauc_mrr_at_1_diff1": 0.6304239233307916,
        "nauc_mrr_at_1_max": 0.40974907302207036,
        "nauc_mrr_at_1_std": 0.07570239468989691,
        "nauc_mrr_at_20_diff1": 0.586569171838131,
        "nauc_mrr_at_20_max": 0.43814694208249466,
        "nauc_mrr_at_20_std": 0.13056859182908054,
        "nauc_mrr_at_3_diff1": 0.5906548039629672,
        "nauc_mrr_at_3_max": 0.4298306125224357,
        "nauc_mrr_at_3_std": 0.11251657291191583,
        "nauc_mrr_at_5_diff1": 0.5878207440526311,
        "nauc_mrr_at_5_max": 0.43334558404501944,
        "nauc_mrr_at_5_std": 0.12025937437780042,
        "nauc_ndcg_at_1000_diff1": 0.5710116529135507,
        "nauc_ndcg_at_1000_max": 0.4522109417293675,
        "nauc_ndcg_at_1000_std": 0.16960312020276894,
        "nauc_ndcg_at_100_diff1": 0.5671690217427252,
        "nauc_ndcg_at_100_max": 0.4553072349075305,
        "nauc_ndcg_at_100_std": 0.17611314438991116,
        "nauc_ndcg_at_10_diff1": 0.5685746907362724,
        "nauc_ndcg_at_10_max": 0.4497299918663251,
        "nauc_ndcg_at_10_std": 0.15548107118907006,
        "nauc_ndcg_at_1_diff1": 0.6304239233307916,
        "nauc_ndcg_at_1_max": 0.40974907302207036,
        "nauc_ndcg_at_1_std": 0.07570239468989691,
        "nauc_ndcg_at_20_diff1": 0.5658545840684883,
        "nauc_ndcg_at_20_max": 0.4526480949378809,
        "nauc_ndcg_at_20_std": 0.16749395642400886,
        "nauc_ndcg_at_3_diff1": 0.5749746002082317,
        "nauc_ndcg_at_3_max": 0.4292192119945954,
        "nauc_ndcg_at_3_std": 0.11906613399181458,
        "nauc_ndcg_at_5_diff1": 0.5702994053176509,
        "nauc_ndcg_at_5_max": 0.43839377063816304,
        "nauc_ndcg_at_5_std": 0.13439012143846235,
        "nauc_precision_at_1000_diff1": 0.20012721677566236,
        "nauc_precision_at_1000_max": 0.37269415104531783,
        "nauc_precision_at_1000_std": 0.4176969956440287,
        "nauc_precision_at_100_diff1": 0.32267617694097767,
        "nauc_precision_at_100_max": 0.4682156911892132,
        "nauc_precision_at_100_std": 0.42662766538118496,
        "nauc_precision_at_10_diff1": 0.441450899928645,
        "nauc_precision_at_10_max": 0.4846723454399571,
        "nauc_precision_at_10_std": 0.28286863913734733,
        "nauc_precision_at_1_diff1": 0.6304239233307916,
        "nauc_precision_at_1_max": 0.40974907302207036,
        "nauc_precision_at_1_std": 0.07570239468989691,
        "nauc_precision_at_20_diff1": 0.3972197579075151,
        "nauc_precision_at_20_max": 0.4834463475956155,
        "nauc_precision_at_20_std": 0.3439279651045963,
        "nauc_precision_at_3_diff1": 0.5010209030941468,
        "nauc_precision_at_3_max": 0.44407703749479066,
        "nauc_precision_at_3_std": 0.17205136312030264,
        "nauc_precision_at_5_diff1": 0.4724851468115943,
        "nauc_precision_at_5_max": 0.45911616976380404,
        "nauc_precision_at_5_std": 0.21122426302565708,
        "nauc_recall_at_1000_diff1": 0.45462461235375023,
        "nauc_recall_at_1000_max": 0.6184282404528646,
        "nauc_recall_at_1000_std": 0.6358033464736604,
        "nauc_recall_at_100_diff1": 0.4625490237139573,
        "nauc_recall_at_100_max": 0.5716210031122522,
        "nauc_recall_at_100_std": 0.4845199810534473,
        "nauc_recall_at_10_diff1": 0.503331239112293,
        "nauc_recall_at_10_max": 0.5025418402887804,
        "nauc_recall_at_10_std": 0.2698385578408704,
        "nauc_recall_at_1_diff1": 0.6249087472376842,
        "nauc_recall_at_1_max": 0.3915682144293503,
        "nauc_recall_at_1_std": 0.061526547435375736,
        "nauc_recall_at_20_diff1": 0.480912404862251,
        "nauc_recall_at_20_max": 0.5227340588081703,
        "nauc_recall_at_20_std": 0.3414888080832885,
        "nauc_recall_at_3_diff1": 0.5291696040264915,
        "nauc_recall_at_3_max": 0.43872733376121836,
        "nauc_recall_at_3_std": 0.1516379317392787,
        "nauc_recall_at_5_diff1": 0.5155609738742047,
        "nauc_recall_at_5_max": 0.4625341776929125,
        "nauc_recall_at_5_std": 0.191710732032507,
        "ndcg_at_1": 0.39026,
        "ndcg_at_10": 0.51128,
        "ndcg_at_100": 0.54575,
        "ndcg_at_1000": 0.55953,
        "ndcg_at_20": 0.52671,
        "ndcg_at_3": 0.46326,
        "ndcg_at_5": 0.48831,
        "precision_at_1": 0.39026,
        "precision_at_10": 0.06872,
        "precision_at_100": 0.00861,
        "precision_at_1000": 0.00098,
        "precision_at_20": 0.03761,
        "precision_at_3": 0.18233,
        "precision_at_5": 0.12235,
        "recall_at_1": 0.3747,
        "recall_at_10": 0.64631,
        "recall_at_100": 0.80622,
        "recall_at_1000": 0.91529,
        "recall_at_20": 0.70562,
        "recall_at_3": 0.51701,
        "recall_at_5": 0.5768
      }
    ]
  },
  "task_name": "MMarcoRetrieval"
}