{
  "dataset_revision": "8731a845f1bf500a4f111cf1070785c793d10e64",
  "evaluation_time": 1996.3986525535583,
  "kg_co2_emissions": null,
  "mteb_version": "1.14.18",
  "scores": {
    "dev": [
      {
        "hf_subset": "default",
        "languages": [
          "cmn-Hans"
        ],
        "main_score": 0.65113,
        "map_at_1": 0.19464,
        "map_at_10": 0.54555,
        "map_at_100": 0.58637,
        "map_at_1000": 0.58804,
        "map_at_20": 0.57285,
        "map_at_3": 0.37887,
        "map_at_5": 0.46661,
        "mrr_at_1": 0.7183061546554445,
        "mrr_at_10": 0.7791760428234737,
        "mrr_at_100": 0.7819877769620056,
        "mrr_at_1000": 0.7821191153524945,
        "mrr_at_20": 0.7809505190928219,
        "mrr_at_3": 0.7673519784908569,
        "mrr_at_5": 0.7746880296919839,
        "nauc_map_at_1000_diff1": 0.16929668190395503,
        "nauc_map_at_1000_max": 0.5517859415659362,
        "nauc_map_at_1000_std": 0.3282364225952715,
        "nauc_map_at_100_diff1": 0.1692055903979771,
        "nauc_map_at_100_max": 0.5509054457589196,
        "nauc_map_at_100_std": 0.32747272296296337,
        "nauc_map_at_10_diff1": 0.18511764359742966,
        "nauc_map_at_10_max": 0.4957917713493272,
        "nauc_map_at_10_std": 0.2487596970441198,
        "nauc_map_at_1_diff1": 0.36450678173698053,
        "nauc_map_at_1_max": 0.032391959733962514,
        "nauc_map_at_1_std": -0.137843847900298,
        "nauc_map_at_20_diff1": 0.17154344109434513,
        "nauc_map_at_20_max": 0.5373248474488576,
        "nauc_map_at_20_std": 0.3056619681720495,
        "nauc_map_at_3_diff1": 0.2756510287251783,
        "nauc_map_at_3_max": 0.21557258358309145,
        "nauc_map_at_3_std": -0.01686872642291318,
        "nauc_map_at_5_diff1": 0.23218054762764667,
        "nauc_map_at_5_max": 0.350623655602501,
        "nauc_map_at_5_std": 0.09721925099411667,
        "nauc_mrr_at_1000_diff1": 0.34548718833847564,
        "nauc_mrr_at_1000_max": 0.6905814242473033,
        "nauc_mrr_at_1000_std": 0.423061197469525,
        "nauc_mrr_at_100_diff1": 0.3454896477458687,
        "nauc_mrr_at_100_max": 0.6906218219398584,
        "nauc_mrr_at_100_std": 0.4232056953783984,
        "nauc_mrr_at_10_diff1": 0.34527872507330604,
        "nauc_mrr_at_10_max": 0.6908726182637724,
        "nauc_mrr_at_10_std": 0.423737370589453,
        "nauc_mrr_at_1_diff1": 0.35060710939506373,
        "nauc_mrr_at_1_max": 0.6733892438009194,
        "nauc_mrr_at_1_std": 0.3790742319695616,
        "nauc_mrr_at_20_diff1": 0.3451864359495236,
        "nauc_mrr_at_20_max": 0.6906928434779648,
        "nauc_mrr_at_20_std": 0.4236090217962137,
        "nauc_mrr_at_3_diff1": 0.3464458158359246,
        "nauc_mrr_at_3_max": 0.691168847357631,
        "nauc_mrr_at_3_std": 0.41765063449927314,
        "nauc_mrr_at_5_diff1": 0.3455262882142778,
        "nauc_mrr_at_5_max": 0.6917564572536146,
        "nauc_mrr_at_5_std": 0.42218186100374083,
        "nauc_ndcg_at_1000_diff1": 0.20439962827622118,
        "nauc_ndcg_at_1000_max": 0.6194806019261151,
        "nauc_ndcg_at_1000_std": 0.41648062586967627,
        "nauc_ndcg_at_100_diff1": 0.2006631379879652,
        "nauc_ndcg_at_100_max": 0.6120630018263734,
        "nauc_ndcg_at_100_std": 0.4155893959079946,
        "nauc_ndcg_at_10_diff1": 0.19718643093527466,
        "nauc_ndcg_at_10_max": 0.5669468000228544,
        "nauc_ndcg_at_10_std": 0.33970813368253827,
        "nauc_ndcg_at_1_diff1": 0.35060710939506373,
        "nauc_ndcg_at_1_max": 0.6733892438009194,
        "nauc_ndcg_at_1_std": 0.3790742319695616,
        "nauc_ndcg_at_20_diff1": 0.19848738821416276,
        "nauc_ndcg_at_20_max": 0.585499796366629,
        "nauc_ndcg_at_20_std": 0.3722564545046291,
        "nauc_ndcg_at_3_diff1": 0.18703153417754118,
        "nauc_ndcg_at_3_max": 0.6298451391035415,
        "nauc_ndcg_at_3_std": 0.3797266618599804,
        "nauc_ndcg_at_5_diff1": 0.17469627563729928,
        "nauc_ndcg_at_5_max": 0.5983828121711543,
        "nauc_ndcg_at_5_std": 0.362062974457336,
        "nauc_precision_at_1000_diff1": -0.13753159465852946,
        "nauc_precision_at_1000_max": 0.4253505678777896,
        "nauc_precision_at_1000_std": 0.48077098131133955,
        "nauc_precision_at_100_diff1": -0.12893996060002302,
        "nauc_precision_at_100_max": 0.47785717472053196,
        "nauc_precision_at_100_std": 0.5270325966707244,
        "nauc_precision_at_10_diff1": -0.09292606147005866,
        "nauc_precision_at_10_max": 0.5724130627134386,
        "nauc_precision_at_10_std": 0.5134262877598004,
        "nauc_precision_at_1_diff1": 0.35060710939506373,
        "nauc_precision_at_1_max": 0.6733892438009194,
        "nauc_precision_at_1_std": 0.3790742319695616,
        "nauc_precision_at_20_diff1": -0.1134876533009667,
        "nauc_precision_at_20_max": 0.5396484190928629,
        "nauc_precision_at_20_std": 0.5341990391027479,
        "nauc_precision_at_3_diff1": 0.031155241614252527,
        "nauc_precision_at_3_max": 0.6325130885587502,
        "nauc_precision_at_3_std": 0.4417838441625371,
        "nauc_precision_at_5_diff1": -0.044851825854893786,
        "nauc_precision_at_5_max": 0.6065150019373712,
        "nauc_precision_at_5_std": 0.4737072328707471,
        "nauc_recall_at_1000_diff1": 0.11341206352396008,
        "nauc_recall_at_1000_max": 0.500523791282573,
        "nauc_recall_at_1000_std": 0.58542156600322,
        "nauc_recall_at_100_diff1": 0.12783059609333625,
        "nauc_recall_at_100_max": 0.4959196920412628,
        "nauc_recall_at_100_std": 0.4845329073042047,
        "nauc_recall_at_10_diff1": 0.15912344212375137,
        "nauc_recall_at_10_max": 0.40955795118459526,
        "nauc_recall_at_10_std": 0.23434119113619128,
        "nauc_recall_at_1_diff1": 0.36450678173698053,
        "nauc_recall_at_1_max": 0.032391959733962514,
        "nauc_recall_at_1_std": -0.137843847900298,
        "nauc_recall_at_20_diff1": 0.13743048243427763,
        "nauc_recall_at_20_max": 0.46369410633309216,
        "nauc_recall_at_20_std": 0.34040815036263367,
        "nauc_recall_at_3_diff1": 0.248289868600684,
        "nauc_recall_at_3_max": 0.15831346926596845,
        "nauc_recall_at_3_std": -0.04032944381595899,
        "nauc_recall_at_5_diff1": 0.203103616538604,
        "nauc_recall_at_5_max": 0.2661238945934587,
        "nauc_recall_at_5_std": 0.06245580143224924,
        "ndcg_at_1": 0.71831,
        "ndcg_at_10": 0.65113,
        "ndcg_at_100": 0.71397,
        "ndcg_at_1000": 0.73236,
        "ndcg_at_20": 0.67767,
        "ndcg_at_3": 0.66791,
        "ndcg_at_5": 0.64961,
        "precision_at_1": 0.71831,
        "precision_at_10": 0.33581,
        "precision_at_100": 0.04526,
        "precision_at_1000": 0.00497,
        "precision_at_20": 0.194,
        "precision_at_3": 0.59216,
        "precision_at_5": 0.49579,
        "recall_at_1": 0.19464,
        "recall_at_10": 0.65111,
        "recall_at_100": 0.84907,
        "recall_at_1000": 0.94282,
        "recall_at_20": 0.73117,
        "recall_at_3": 0.40796,
        "recall_at_5": 0.52316
      }
    ]
  },
  "task_name": "T2Retrieval"
}