{
  "dataset_revision": "76631901a18387f85eaa53e5450019b87ad58ef9",
  "evaluation_time": 1510.4881031513214,
  "kg_co2_emissions": null,
  "mteb_version": "1.14.18",
  "scores": {
    "dev": [
      {
        "hf_subset": "default",
        "languages": [
          "cmn-Hans"
        ],
        "main_score": 0.6562898940233973,
        "map": 0.6562898940233973,
        "mrr": 0.7476796326745547,
        "nAUC_map_diff1": -0.10132745973590179,
        "nAUC_map_max": 0.2333739597576046,
        "nAUC_map_std": -0.008332035754087452,
        "nAUC_mrr_diff1": -0.09263776543385877,
        "nAUC_mrr_max": 0.14555221400736473,
        "nAUC_mrr_std": -0.04271846608187771
      }
    ]
  },
  "task_name": "T2Reranking"
}