{
  "dataset_revision": "58c2597a5943a2ba48f4668c3b90d796283c5639",
  "evaluation_time": 139.2372224330902,
  "kg_co2_emissions": null,
  "mteb_version": "1.14.18",
  "scores": {
    "dev": [
      {
        "hf_subset": "default",
        "languages": [
          "cmn-Hans"
        ],
        "main_score": 0.56056,
        "map_at_1": 0.42,
        "map_at_10": 0.51457,
        "map_at_100": 0.5221,
        "map_at_1000": 0.52239,
        "map_at_20": 0.51936,
        "map_at_3": 0.49483,
        "map_at_5": 0.50503,
        "mrr_at_1": 0.419,
        "mrr_at_10": 0.514067857142857,
        "mrr_at_100": 0.5216000176584937,
        "mrr_at_1000": 0.5218872419681633,
        "mrr_at_20": 0.518853566119123,
        "mrr_at_3": 0.49433333333333296,
        "mrr_at_5": 0.5045333333333327,
        "nauc_map_at_1000_diff1": 0.5737960141246093,
        "nauc_map_at_1000_max": 0.3103114131493483,
        "nauc_map_at_1000_std": -0.12648307341828546,
        "nauc_map_at_100_diff1": 0.5736703699335367,
        "nauc_map_at_100_max": 0.31019652271581827,
        "nauc_map_at_100_std": -0.12664883288740553,
        "nauc_map_at_10_diff1": 0.573268486652943,
        "nauc_map_at_10_max": 0.3091524541562579,
        "nauc_map_at_10_std": -0.12760726750557724,
        "nauc_map_at_1_diff1": 0.6127744510978045,
        "nauc_map_at_1_max": 0.3057417632267932,
        "nauc_map_at_1_std": -0.11645669699561896,
        "nauc_map_at_20_diff1": 0.5737828819660513,
        "nauc_map_at_20_max": 0.3101192683886242,
        "nauc_map_at_20_std": -0.12707676465087717,
        "nauc_map_at_3_diff1": 0.5818314741624537,
        "nauc_map_at_3_max": 0.3102334935835963,
        "nauc_map_at_3_std": -0.12551815020914395,
        "nauc_map_at_5_diff1": 0.5762959996567323,
        "nauc_map_at_5_max": 0.3088768667418247,
        "nauc_map_at_5_std": -0.12844012426763554,
        "nauc_mrr_at_1000_diff1": 0.5752245081821071,
        "nauc_mrr_at_1000_max": 0.3075923582014407,
        "nauc_mrr_at_1000_std": -0.12823912004477134,
        "nauc_mrr_at_100_diff1": 0.5750977076332288,
        "nauc_mrr_at_100_max": 0.307479739094032,
        "nauc_mrr_at_100_std": -0.12840339445226506,
        "nauc_mrr_at_10_diff1": 0.574667059387428,
        "nauc_mrr_at_10_max": 0.3064776283298224,
        "nauc_mrr_at_10_std": -0.1293164327837982,
        "nauc_mrr_at_1_diff1": 0.6153409613593108,
        "nauc_mrr_at_1_max": 0.30080862603540026,
        "nauc_mrr_at_1_std": -0.11961342466924833,
        "nauc_mrr_at_20_diff1": 0.5752005135172071,
        "nauc_mrr_at_20_max": 0.3074209323896204,
        "nauc_mrr_at_20_std": -0.12881933779591248,
        "nauc_mrr_at_3_diff1": 0.5831855627664465,
        "nauc_mrr_at_3_max": 0.3076406195607233,
        "nauc_mrr_at_3_std": -0.12717520014269484,
        "nauc_mrr_at_5_diff1": 0.5776717928707337,
        "nauc_mrr_at_5_max": 0.30624460516389146,
        "nauc_mrr_at_5_std": -0.13012197237143502,
        "nauc_ndcg_at_1000_diff1": 0.5598272845972502,
        "nauc_ndcg_at_1000_max": 0.32152633800784597,
        "nauc_ndcg_at_1000_std": -0.11543243955407101,
        "nauc_ndcg_at_100_diff1": 0.5538516910635414,
        "nauc_ndcg_at_100_max": 0.3189218010586177,
        "nauc_ndcg_at_100_std": -0.1185815920535597,
        "nauc_ndcg_at_10_diff1": 0.5541013876676832,
        "nauc_ndcg_at_10_max": 0.31275117138729014,
        "nauc_ndcg_at_10_std": -0.12840801288257933,
        "nauc_ndcg_at_1_diff1": 0.6127744510978045,
        "nauc_ndcg_at_1_max": 0.3057417632267932,
        "nauc_ndcg_at_1_std": -0.11645669699561896,
        "nauc_ndcg_at_20_diff1": 0.5549011230559834,
        "nauc_ndcg_at_20_max": 0.31736152274771234,
        "nauc_ndcg_at_20_std": -0.12446287456819399,
        "nauc_ndcg_at_3_diff1": 0.5728512813902013,
        "nauc_ndcg_at_3_max": 0.3141025286828411,
        "nauc_ndcg_at_3_std": -0.12682193493405344,
        "nauc_ndcg_at_5_diff1": 0.5622437626302074,
        "nauc_ndcg_at_5_max": 0.3115721828523053,
        "nauc_ndcg_at_5_std": -0.1324913553638164,
        "nauc_precision_at_1000_diff1": 0.4336679116090878,
        "nauc_precision_at_1000_max": 0.662756769374415,
        "nauc_precision_at_1000_std": 0.314367413632116,
        "nauc_precision_at_100_diff1": 0.380085584466578,
        "nauc_precision_at_100_max": 0.4159701576260726,
        "nauc_precision_at_100_std": 0.011238971383695003,
        "nauc_precision_at_10_diff1": 0.47686826888821904,
        "nauc_precision_at_10_max": 0.3277027212189311,
        "nauc_precision_at_10_std": -0.12725694920208644,
        "nauc_precision_at_1_diff1": 0.6127744510978045,
        "nauc_precision_at_1_max": 0.3057417632267932,
        "nauc_precision_at_1_std": -0.11645669699561896,
        "nauc_precision_at_20_diff1": 0.46144995029753333,
        "nauc_precision_at_20_max": 0.35999564252352173,
        "nauc_precision_at_20_std": -0.09835414482254695,
        "nauc_precision_at_3_diff1": 0.5454326676155961,
        "nauc_precision_at_3_max": 0.32691240993734155,
        "nauc_precision_at_3_std": -0.13028746679971187,
        "nauc_precision_at_5_diff1": 0.5146119840886979,
        "nauc_precision_at_5_max": 0.3208025242979491,
        "nauc_precision_at_5_std": -0.14631596428656157,
        "nauc_recall_at_1000_diff1": 0.43366791160909074,
        "nauc_recall_at_1000_max": 0.6627567693744163,
        "nauc_recall_at_1000_std": 0.31436741363211945,
        "nauc_recall_at_100_diff1": 0.38008558446658064,
        "nauc_recall_at_100_max": 0.4159701576260716,
        "nauc_recall_at_100_std": 0.01123897138369436,
        "nauc_recall_at_10_diff1": 0.47686826888821887,
        "nauc_recall_at_10_max": 0.3277027212189307,
        "nauc_recall_at_10_std": -0.12725694920208558,
        "nauc_recall_at_1_diff1": 0.6127744510978045,
        "nauc_recall_at_1_max": 0.3057417632267932,
        "nauc_recall_at_1_std": -0.11645669699561896,
        "nauc_recall_at_20_diff1": 0.461449950297534,
        "nauc_recall_at_20_max": 0.3599956425235235,
        "nauc_recall_at_20_std": -0.0983541448225455,
        "nauc_recall_at_3_diff1": 0.5454326676155957,
        "nauc_recall_at_3_max": 0.32691240993734105,
        "nauc_recall_at_3_std": -0.13028746679971223,
        "nauc_recall_at_5_diff1": 0.514611984088698,
        "nauc_recall_at_5_max": 0.32080252429794986,
        "nauc_recall_at_5_std": -0.14631596428656152,
        "ndcg_at_1": 0.42,
        "ndcg_at_10": 0.56056,
        "ndcg_at_100": 0.59786,
        "ndcg_at_1000": 0.60664,
        "ndcg_at_20": 0.57802,
        "ndcg_at_3": 0.51927,
        "ndcg_at_5": 0.53773,
        "precision_at_1": 0.42,
        "precision_at_10": 0.0705,
        "precision_at_100": 0.00881,
        "precision_at_1000": 0.00095,
        "precision_at_20": 0.0387,
        "precision_at_3": 0.19667,
        "precision_at_5": 0.127,
        "recall_at_1": 0.42,
        "recall_at_10": 0.705,
        "recall_at_100": 0.881,
        "recall_at_1000": 0.952,
        "recall_at_20": 0.774,
        "recall_at_3": 0.59,
        "recall_at_5": 0.635
      }
    ]
  },
  "task_name": "VideoRetrieval"
}